exchange,symbol,volume24h,run_date_utc
binance,PEPEUSDT,3749809988963.0,2026-05-26
binance,BTTCBUSD,1661577405904.0,2026-05-26
binance,PEPEUSDC,800243770179.0,2026-05-26
binance,PEPETRY,602628297924.0,2026-05-26
binance,SHIBUSDT,485319464435.0,2026-05-26
binance,BTTCUSDT,346956804156.0,2026-05-26
binance,BONKUSDT,317276672959.0,2026-05-26
binance,BTTCUSDC,173405415324.0,2026-05-26
binance,DOGSUSDT,124852177813.0,2026-05-26
binance,SHIBBUSD,118834114081.0,2026-05-26
binance,SHIBTRY,85008134657.0,2026-05-26
binance,SHIBGBP,84820329654.0,2026-05-26
binance,BONKTRY,83150065099.0,2026-05-26
binance,SHIBAUD,82769407396.0,2026-05-26
binance,SHIBUSDC,82480525114.0,2026-05-26
binance,DOGSTRY,76064435734.0,2026-05-26
binance,BTTCTRY,71058816012.0,2026-05-26
binance,HMSTRTRY,60418628436.0,2026-05-26
binance,HMSTRUSDT,54593603703.0,2026-05-26
binance,BONKBRL,51960546297.0,2026-05-26
binance,WINTRX,50724285843.8,2026-05-26
binance,LUNCUSDT,48642673434.63,2026-05-26
binance,PEPEEUR,48547114697.0,2026-05-26
binance,FLOKIUSDT,46493842351.0,2026-05-26
binance,PEPETUSD,37096841314.0,2026-05-26
binance,XECUSDT,34512828220.0,2026-05-26
binance,SHIBDOGE,32676370855.0,2026-05-26
binance,NEIROUSDT,30292380715.0,2026-05-26
binance,BONKUSDC,29844739489.0,2026-05-26
binance,1000SATSUSDT,27598318461.0,2026-05-26
binance,DENTUSDT,23804504325.0,2026-05-26
binance,LUNCTRY,22709225952.0,2026-05-26
binance,DENTTRY,22360999123.0,2026-05-26
binance,XECBUSD,20056993751.0,2026-05-26
binance,SHIBTUSD,19616647495.0,2026-05-26
binance,WINUSDT,18747850740.0,2026-05-26
binance,1000SATSTRY,15041901883.0,2026-05-26
binance,EPXUSDT,14958973905.0,2026-05-26
binance,FLOKITRY,11884164118.0,2026-05-26
binance,PEPEFDUSD,11820787888.0,2026-05-26
binance,DOGSUSDC,11667751406.0,2026-05-26
binance,PEPEBRL,10173009882.0,2026-05-26
binance,NEIROTRY,10114308557.0,2026-05-26
binance,A2ZUSDT,9525167865.0,2026-05-26
binance,DOGSFDUSD,9429361400.0,2026-05-26
binance,LUNCUSDC,6496554780.87,2026-05-26
binance,PEPEJPY,6276537613.0,2026-05-26
binance,WINBUSD,6178613508.0,2026-05-26
binance,NOTUSDT,6005408643.0,2026-05-26
binance,PEPEUSD1,5984082145.0,2026-05-26
binance,FLOKITUSD,5428437542.0,2026-05-26
binance,OOKIUSDT,5406517123.0,2026-05-26
binance,XECTRY,4174853744.0,2026-05-26
binance,FLOKIUSDC,3674462401.0,2026-05-26
binance,PONDUSDT,3574600172.0,2026-05-26
binance,PEPEU,3473257714.0,2026-05-26
binance,TROYTRY,3416546403.0,2026-05-26
binance,TROYUSDC,3339535203.0,2026-05-26
binance,HMSTRUSDC,3069567170.0,2026-05-26
binance,BONKFDUSD,3046401572.0,2026-05-26
binance,NEIROIDR,3033836280.0,2026-05-26
binance,LUNCBUSD,3011566218.71,2026-05-26
binance,NOTTRY,2813082079.0,2026-05-26
binance,PUMPUSDT,2438531192.0,2026-05-26
binance,WINBRL,2276879149.0,2026-05-26
binance,LEVERTRY,2234325090.0,2026-05-26
binance,SHIBEUR,2074950242.0,2026-05-26
binance,WINBNB,2072482110.0,2026-05-26
binance,NEIROUSDC,2054136286.0,2026-05-26
binance,LEVERUSDT,2049068736.0,2026-05-26
binance,A2ZUSDC,2044821833.0,2026-05-26
binance,SHIBBRL,1965920340.0,2026-05-26
binance,USDCUSDT,1961086016.0,2026-05-26
binance,SHIBFDUSD,1960318817.0,2026-05-26
binance,EPXBUSD,1918052600.0,2026-05-26
binance,XRPDOWNUSDT,1849130080.81,2026-05-26
binance,SHIBJPY,1833371876.0,2026-05-26
binance,DENTETH,1675516867.0,2026-05-26
binance,TROYUSDT,1612739544.0,2026-05-26
binance,BOMEUSDT,1558781466.0,2026-05-26
binance,FUNUSDT,1549586034.0,2026-05-26
binance,HMSTRFDUSD,1535329435.0,2026-05-26
binance,1000SATSFDUSD,1518753327.0,2026-05-26
binance,1000SATSUSDC,1484855596.0,2026-05-26
binance,1000CHEEMSUSDT,1422020560.0,2026-05-26
binance,1MBABYDOGEUSDT,1332205244.0,2026-05-26
binance,SPKUSDT,1260406416.0,2026-05-26
binance,SAGATRY,1180073125.2,2026-05-26
binance,1MBABYDOGEFDUSD,1177643766.0,2026-05-26
binance,AMBUSDT,1122634366.0,2026-05-26
binance,HOTETH,1112665511.0,2026-05-26
binance,SAGAUSDT,1087760690.6,2026-05-26
binance,COSUSDT,1031186511.9,2026-05-26
binance,NEIROEUR,1021245820.0,2026-05-26
binance,NEIROJPY,975158267.0,2026-05-26
binance,PENGUUSDT,967520807.0,2026-05-26
binance,NEIROFDUSD,944273428.0,2026-05-26
binance,FIOUSDT,888399947.0,2026-05-26
binance,FUNUSDC,874305582.0,2026-05-26
binance,WINUSDC,871060960.0,2026-05-26
binance,DOGSBRL,865432777.0,2026-05-26
binance,SPELLTRY,816531342.0,2026-05-26
binance,COSTRY,800019500.0,2026-05-26
binance,SPELLUSDT,769390752.0,2026-05-26
binance,MBLUSDT,756997768.0,2026-05-26
binance,UTKUSDT,750083995.0,2026-05-26
binance,DOGSBNB,705926265.0,2026-05-26
binance,SPELLBUSD,705230629.0,2026-05-26
binance,MEMEUSDT,703820272.0,2026-05-26
binance,ALTUSDT,692517048.0,2026-05-26
binance,AMPUSDT,679959432.0,2026-05-26
binance,QIUSDT,666545797.0,2026-05-26
binance,WINEUR,654509734.0,2026-05-26
binance,PUMPUSDC,631893875.0,2026-05-26
binance,NEIROBRL,631161137.0,2026-05-26
binance,FLOKIIDR,580155602.0,2026-05-26
binance,REEFUSDT,579667377.0,2026-05-26
binance,AMPBTC,563486155.0,2026-05-26
binance,FLOKIFDUSD,543783798.0,2026-05-26
binance,LINAUSDT,533020119.0,2026-05-26
binance,BOMETRY,531771282.0,2026-05-26
binance,VTHOTRY,520392934.0,2026-05-26
binance,SXPTRY,512230138.0,2026-05-26
binance,GALAUSDT,491233330.0,2026-05-26
binance,BETAUSDT,453655672.0,2026-05-26
binance,SLPETH,427281022.0,2026-05-26
binance,JASMYBTC,418405153.9,2026-05-26
binance,HOTBUSD,417729341.6,2026-05-26
binance,HOTUSDT,412955676.0,2026-05-26
binance,VTHOUSDT,407955999.0,2026-05-26
binance,ACATRY,406929448.0,2026-05-26
binance,TOWNSUSDT,400181903.0,2026-05-26
binance,LEVERBUSD,379102394.0,2026-05-26
binance,SLPBUSD,374786359.0,2026-05-26
binance,NTRNTRY,371131813.4,2026-05-26
binance,SLPBNB,362409451.0,2026-05-26
binance,RVNUSDT,353442253.5,2026-05-26
binance,ADADOWNUSDT,340525452.4,2026-05-26
binance,NBSUSDT,336485032.7,2026-05-26
binance,DOGEUSDT,330124621.0,2026-05-26
binance,PHAUSDT,329072185.0,2026-05-26
binance,NOTUSDC,328990900.0,2026-05-26
binance,TURBOUSDT,327461214.0,2026-05-26
binance,PHATRY,315686349.0,2026-05-26
binance,DENTBUSD,315319274.0,2026-05-26
binance,REEFBUSD,313252545.4,2026-05-26
binance,AMPTRY,306198604.0,2026-05-26
binance,NOMUSDT,302396451.0,2026-05-26
binance,TRUTRY,300187953.0,2026-05-26
binance,MEMETRY,299873047.0,2026-05-26
binance,SAHARAUSDT,298810220.0,2026-05-26
binance,VETUSDT,298505977.2,2026-05-26
binance,BEAMXUSDT,297064613.0,2026-05-26
binance,TCTBTC,292984058.0,2026-05-26
binance,RDNTUSDT,287027145.0,2026-05-26
binance,TRUUSDT,283106001.0,2026-05-26
binance,LINEAUSDT,276432514.0,2026-05-26
binance,RSRUSDT,260237364.7,2026-05-26
binance,SXPUSDT,260225225.7,2026-05-26
binance,TROYBUSD,253139938.0,2026-05-26
binance,BOMEEUR,249750635.0,2026-05-26
binance,GFTUSDT,244649653.0,2026-05-26
binance,PENGUUSDC,243131627.0,2026-05-26
binance,VITEUSDT,236768977.4,2026-05-26
binance,AMPBUSD,235010255.0,2026-05-26
binance,SCETH,232594091.0,2026-05-26
binance,RDNTTRY,229595268.0,2026-05-26
binance,NILUSDT,223383954.9,2026-05-26
binance,BOMEIDR,219088793.0,2026-05-26
binance,REEFTRY,214599289.0,2026-05-26
binance,TLMUSDT,213108273.0,2026-05-26
binance,ONEBTC,210054652.0,2026-05-26
binance,OOKIBUSD,207589497.0,2026-05-26
binance,SLPUSDT,204054451.0,2026-05-26
binance,NTRNUSDT,203143815.2,2026-05-26
binance,STMXTRY,202355297.0,2026-05-26
binance,NOMTRY,199449694.0,2026-05-26
binance,AKROUSDT,196396908.0,2026-05-26
binance,TLMTRY,192616897.0,2026-05-26
binance,USTCBUSD,192468822.0,2026-05-26
binance,CHZUSDT,192208523.0,2026-05-26
binance,SLPBIDR,191087864.0,2026-05-26
binance,HOTTRY,186872531.0,2026-05-26
binance,USD1USDT,184224559.0,2026-05-26
binance,CKBUSDT,180949581.0,2026-05-26
binance,OOKIBNB,178907953.0,2026-05-26
binance,RSRBUSD,177583397.0,2026-05-26
binance,TRXUSDT,175324878.7,2026-05-26
binance,PUMPTRY,175048764.0,2026-05-26
binance,TOWNSTRY,174438288.0,2026-05-26
binance,SAGAUSDC,171692432.2,2026-05-26
binance,WLDUSDT,168972288.4,2026-05-26
binance,GALAUSDC,168102541.0,2026-05-26
binance,ATAUSDT,167992281.0,2026-05-26
binance,PLUMEUSDT,167781123.0,2026-05-26
binance,GMTUSDT,166780964.5,2026-05-26
binance,NOMFDUSD,165940971.0,2026-05-26
binance,RSRBNB,164785652.0,2026-05-26
binance,IDEXUSDT,164208495.7,2026-05-26
binance,CHIPUSDT,161448801.0,2026-05-26
binance,CELRUSDT,159969364.0,2026-05-26
binance,BANANAS31USDT,158940823.0,2026-05-26
binance,HOTEUR,156712368.6,2026-05-26
binance,TROYBNB,154371549.0,2026-05-26
binance,NILTRY,152789826.1,2026-05-26
binance,TCTUSDT,152215525.0,2026-05-26
binance,JASMYBUSD,151524213.9,2026-05-26
binance,VIDTUSDT,148266713.0,2026-05-26
binance,FIDAUSDT,148199149.0,2026-05-26
binance,KATUSDT,147362227.0,2026-05-26
binance,FETUSDT,145548284.0,2026-05-26
binance,LRCUSDT,145220144.0,2026-05-26
binance,MFTUSDT,142038277.0,2026-05-26
binance,ACAUSDT,135352800.72,2026-05-26
binance,VETBTC,133100936.0,2026-05-26
binance,BTCDOWNUSDT,132744672.74,2026-05-26
binance,JASMYETH,132437793.0,2026-05-26
binance,TURBOFDUSD,131563216.0,2026-05-26
binance,IQUSDT,131201651.0,2026-05-26
binance,QLCBTC,130101170.0,2026-05-26
binance,EDENTRY,129752922.1,2026-05-26
binance,FOGOUSDT,128290653.0,2026-05-26
binance,SYSUSDT,127896462.0,2026-05-26
binance,IOSTUSDT,126055195.0,2026-05-26
binance,LINKDOWNUSDT,123547301.81,2026-05-26
binance,GALAFDUSD,123097100.0,2026-05-26
binance,BOMEUSDC,123087142.0,2026-05-26
binance,MITHUSDT,121888803.7,2026-05-26
binance,GRTUSDT,120296000.0,2026-05-26
binance,MBLBUSD,119679589.0,2026-05-26
binance,MEGAUSDT,119597687.2,2026-05-26
binance,TSTUSDT,118841406.0,2026-05-26
binance,LTOUSDT,118743621.0,2026-05-26
binance,STMXETH,118611137.0,2026-05-26
binance,BOMEFDUSD,118469665.0,2026-05-26
binance,GALABTC,117627635.0,2026-05-26
binance,CKBBUSD,117459832.0,2026-05-26
binance,OOKIETH,116741642.0,2026-05-26
binance,DOCKUSDT,116266154.0,2026-05-26
binance,ROSEUSDT,115976095.3,2026-05-26
binance,JASMYUSDT,115439240.1,2026-05-26
binance,GALABRL,114961742.7,2026-05-26
binance,SCBUSD,113624629.0,2026-05-26
binance,JASMYBNB,113194352.5,2026-05-26
binance,FORUSDT,112283124.0,2026-05-26
binance,ZILETH,112227742.0,2026-05-26
binance,HMSTRBNB,112226469.0,2026-05-26
binance,WUSDT,112148546.9,2026-05-26
binance,IQBUSD,112093472.0,2026-05-26
binance,DGBBTC,111982867.0,2026-05-26
binance,LINABTC,110461503.0,2026-05-26
binance,DATAUSDT,109741867.2,2026-05-26
binance,JASMYEUR,108265657.1,2026-05-26
binance,VIDTBTC,106862893.0,2026-05-26
binance,SCUSDT,106366851.0,2026-05-26
binance,KEYETH,105568180.0,2026-05-26
binance,MANTRAUSDT,104409439.0,2026-05-26
binance,BOMEBTC,103929904.0,2026-05-26
binance,HEMIUSDT,103743051.7,2026-05-26
binance,1MBABYDOGETRY,100462356.0,2026-05-26
binance,TURBOTRY,98257146.0,2026-05-26
binance,KEYUSDT,97136470.0,2026-05-26
binance,ENAUSDT,96557998.71,2026-05-26
binance,STMXBUSD,95081250.0,2026-05-26
binance,ZAMAUSDT,94982360.0,2026-05-26
binance,MDTUSDT,94397742.2,2026-05-26
binance,FORBTC,93232454.0,2026-05-26
binance,GALAEUR,92756318.0,2026-05-26
binance,RESOLVUSDT,92205484.6,2026-05-26
binance,TLMFDUSD,91129725.0,2026-05-26
binance,SXTUSDT,90851094.2,2026-05-26
binance,MEMEFDUSD,89036233.0,2026-05-26
binance,PENGUTRY,88952568.0,2026-05-26
binance,GALATRY,88931594.6,2026-05-26
binance,EDENUSDT,88793616.9,2026-05-26
binance,AKROBUSD,88740635.0,2026-05-26
binance,BNBDOWNUSDT,88637574.64,2026-05-26
binance,IOSTBTC,88610195.0,2026-05-26
binance,SOLVUSDT,88127692.0,2026-05-26
binance,FOGOTRY,87890267.0,2026-05-26
binance,QUICKUSDT,87627653.0,2026-05-26
binance,DYMUSDT,87326069.0,2026-05-26
binance,AIXBTUSDT,87206430.7,2026-05-26
binance,REZTRY,86091041.5,2026-05-26
binance,VIBUSDT,85327486.0,2026-05-26
binance,ZKUSDT,85043144.8,2026-05-26
binance,BIOUSDT,84928764.0,2026-05-26
binance,GALAETH,84151848.0,2026-05-26
binance,NOTEUR,83073256.0,2026-05-26
binance,IOTXBTC,82514121.0,2026-05-26
binance,REZUSDT,82416789.7,2026-05-26
binance,ANKRUSDT,82235225.5,2026-05-26
binance,XPLUSDT,81616389.7,2026-05-26
binance,SEIUSDT,81352733.4,2026-05-26
binance,NBTUSDT,80951403.0,2026-05-26
binance,ONEUSDT,80848717.1,2026-05-26
binance,DFUSDC,80650394.0,2026-05-26
binance,DTRY,80633109.8,2026-05-26
binance,USDTBRL,79956710.1,2026-05-26
binance,SENTUSDT,79771676.0,2026-05-26
binance,NFPUSDT,79644238.0,2026-05-26
binance,USTCUSDT,78266830.0,2026-05-26
binance,VANRYUSDT,78185745.0,2026-05-26
binance,IDEXUSDC,78071445.3,2026-05-26
binance,1000CATUSDT,77061977.5,2026-05-26
binance,AIGENSYNUSDT,77001701.0,2026-05-26
binance,ADAUSDT,76978599.9,2026-05-26
binance,ERAUSDT,75816719.0,2026-05-26
binance,HBARUSDT,75525208.0,2026-05-26
binance,QKCBTC,74467936.0,2026-05-26
binance,DODOUSDT,74416146.4,2026-05-26
binance,COSBTC,74102639.0,2026-05-26
binance,CELRETH,74050930.0,2026-05-26
binance,BSWTRY,73627311.03,2026-05-26
binance,XVGBUSD,72227848.2,2026-05-26
binance,WABIBTC,72226868.0,2026-05-26
binance,QKCBUSD,70989211.0,2026-05-26
binance,ROSEBTC,70741188.0,2026-05-26
binance,STMXBTC,70625287.0,2026-05-26
binance,NEARUSDT,70210941.6,2026-05-26
binance,SOLVFDUSD,69239694.0,2026-05-26
binance,ONDOUSDT,68107893.6,2026-05-26
binance,ACHUSDT,67974817.0,2026-05-26
binance,WLFIUSDT,67846164.5,2026-05-26
binance,IRISUSDT,67787369.1,2026-05-26
binance,PERLUSDT,67198312.8,2026-05-26
binance,TSTTRY,67124864.0,2026-05-26
binance,FIDATRY,67025458.9,2026-05-26
binance,BTSBTC,66869720.0,2026-05-26
binance,DYMTRY,66289368.4,2026-05-26
binance,XVGUSDT,66200317.0,2026-05-26
binance,MITHBNB,66149312.0,2026-05-26
binance,KEYBUSD,66044463.0,2026-05-26
binance,COSBUSD,65629238.1,2026-05-26
binance,ZILBTC,65482555.0,2026-05-26
binance,ANKRBTC,65072340.0,2026-05-26
binance,MFTETH,64983840.0,2026-05-26
binance,OXTUSDT,64824189.0,2026-05-26
binance,ALTTRY,64760919.0,2026-05-26
binance,QIBUSD,64191544.0,2026-05-26
binance,DOGSIDR,63700022.0,2026-05-26
binance,SUNBUSD,63242557.0,2026-05-26
binance,PARTIUSDT,63208668.2,2026-05-26
binance,SAGABTC,63047644.0,2026-05-26
binance,TURBOUSDC,63012675.0,2026-05-26
binance,STMXUSDT,62904741.0,2026-05-26
binance,HOOKUSDT,62674418.1,2026-05-26
binance,DFUSDT,62177606.0,2026-05-26
binance,BABYUSDT,60806288.0,2026-05-26
binance,KDAUSDT,60759603.02,2026-05-26
binance,RIFUSDT,60647325.0,2026-05-26
binance,IOSTBUSD,59313615.0,2026-05-26
binance,TLMBTC,58909971.0,2026-05-26
binance,SOLVTRY,58727974.0,2026-05-26
binance,PORTALTRY,58463668.9,2026-05-26
binance,HUMAUSDT,58069475.0,2026-05-26
binance,VETBNB,57638624.0,2026-05-26
binance,SLPTRY,57093563.0,2026-05-26
binance,SKLUSDT,55777209.0,2026-05-26
binance,AIONUSDT,55771436.0,2026-05-26
binance,AMBBUSD,55535329.0,2026-05-26
binance,AMBBTC,55515548.0,2026-05-26
binance,DODOTRY,55421461.0,2026-05-26
binance,ERATRY,55413349.6,2026-05-26
binance,MUBARAKTRY,55252244.5,2026-05-26
binance,DUSDT,54991902.0,2026-05-26
binance,XRPUSDT,54183236.3,2026-05-26
binance,PORTALUSDT,53818128.8,2026-05-26
binance,FUNETH,53487685.0,2026-05-26
binance,KATTRY,53163550.0,2026-05-26
binance,IOTXETH,53049050.0,2026-05-26
binance,CHESSUSDT,52870057.5,2026-05-26
binance,PDAUSDT,52449576.3,2026-05-26
binance,GPSUSDT,52076627.9,2026-05-26
binance,ACHTRY,51905209.0,2026-05-26
binance,SUNUSDT,51402896.0,2026-05-26
binance,PIXELUSDT,51299414.7,2026-05-26
binance,VETETH,50344578.0,2026-05-26
binance,SAGAFDUSD,50174915.8,2026-05-26
binance,SUIUSDT,49968742.6,2026-05-26
binance,IOSTETH,49889228.0,2026-05-26
binance,BTSUSDT,49593414.8,2026-05-26
binance,ALLOUSDT,49466816.4,2026-05-26
binance,BSWUSDT,49262095.8,2026-05-26
binance,FUSDT,49037507.0,2026-05-26
binance,CELRBTC,48961565.0,2026-05-26
binance,ALTBTC,48861080.0,2026-05-26
binance,RVNBTC,47686571.0,2026-05-26
binance,GTOBTC,47557764.0,2026-05-26
binance,STRKUSDT,46899419.32,2026-05-26
binance,BROCCOLI714USDT,46761271.0,2026-05-26
binance,HOMEUSDT,46621268.0,2026-05-26
binance,MUBARAKUSDT,46287877.8,2026-05-26
binance,RSRUSDC,46188925.8,2026-05-26
binance,RESOLVTRY,46107505.4,2026-05-26
binance,GMTTRY,46095647.66,2026-05-26
binance,QIBTC,45219694.0,2026-05-26
binance,PHBTRY,45208255.7,2026-05-26
binance,FDUSDUSDT,45159424.0,2026-05-26
binance,PNUTUSDT,45094430.9,2026-05-26
binance,DATABTC,44665732.0,2026-05-26
binance,DOGEUSDC,44266824.0,2026-05-26
binance,COOKIEUSDT,44259949.7,2026-05-26
binance,MITOUSDT,44225360.3,2026-05-26
binance,LINEAFDUSD,44143205.0,2026-05-26
binance,GRTTRY,44032619.0,2026-05-26
binance,VITEBTC,43924459.0,2026-05-26
binance,PLUMETRY,43644993.0,2026-05-26
binance,XAIUSDT,43159809.4,2026-05-26
binance,GTOBUSD,43130727.9,2026-05-26
binance,IOUSDT,43122389.7,2026-05-26
binance,XVGETH,43061611.0,2026-05-26
binance,CHZTRY,42761803.0,2026-05-26
binance,MEMEUSDC,42474298.0,2026-05-26
binance,FETUSDC,42456125.8,2026-05-26
binance,ALPHAUSDT,42436198.0,2026-05-26
binance,CKBUSDC,42148055.0,2026-05-26
binance,ARBUSDT,41976084.9,2026-05-26
binance,FLMBTC,41834750.0,2026-05-26
binance,MMTUSDT,41639763.9,2026-05-26
binance,LINEABNB,41558490.0,2026-05-26
binance,PONDBTC,41498038.0,2026-05-26
binance,UUSDT,41497216.0,2026-05-26
binance,RLUSDUSDT,41401014.0,2026-05-26
binance,NFPTRY,41368859.0,2026-05-26
binance,GUNUSDT,41139003.0,2026-05-26
binance,OGNBTC,41108694.0,2026-05-26
binance,GTOUSDT,41038500.4,2026-05-26
binance,TUSDT,40980844.9,2026-05-26
binance,PHAUSDC,40832606.0,2026-05-26
binance,XVGTRY,40335847.0,2026-05-26
binance,PEOPLEBUSD,39657948.3,2026-05-26
binance,WAXPBTC,39437942.0,2026-05-26
binance,DGBBUSD,39370696.6,2026-05-26
binance,CHESSUSDC,39370572.7,2026-05-26
binance,NIGHTUSDT,39218762.0,2026-05-26
binance,SOLVBNB,38373619.0,2026-05-26
binance,EIGENUSDT,38246890.64,2026-05-26
binance,RSRFDUSD,38113414.6,2026-05-26
binance,ACHBTC,38068904.0,2026-05-26
binance,NILUSDC,38056023.9,2026-05-26
binance,CFXUSDT,37036670.0,2026-05-26
binance,LRCTRY,36993450.4,2026-05-26
binance,XVGTUSD,36717466.0,2026-05-26
binance,1000CATTRY,36693873.2,2026-05-26
binance,ARPABTC,36414954.0,2026-05-26
binance,SNMBUSD,36412233.0,2026-05-26
binance,PENGUBNB,36232489.0,2026-05-26
binance,FUNBNB,36037071.0,2026-05-26
binance,EURUSDT,35963226.5,2026-05-26
binance,RVNTRY,35850370.85,2026-05-26
binance,DGBUSDT,35556115.7,2026-05-26
binance,AIGENSYNTRY,35327886.0,2026-05-26
binance,USD1USDC,35165251.0,2026-05-26
binance,USDTUSD,34739211.0,2026-05-26
binance,NBTBIDR,34454232.0,2026-05-26
binance,ASTRBTC,34411373.5,2026-05-26
binance,XAITRY,34300879.2,2026-05-26
binance,WLDTRY,34214989.9,2026-05-26
binance,ROBOUSDT,33975855.0,2026-05-26
binance,CHIPTRY,33904575.0,2026-05-26
binance,COSBNB,33842569.0,2026-05-26
binance,TOWNSUSDC,33800502.0,2026-05-26
binance,MITHBTC,33564196.0,2026-05-26
binance,WTRY,33426599.5,2026-05-26
binance,TONUSDT,33314918.43,2026-05-26
binance,1MBABYDOGEUSDC,33188324.0,2026-05-26
binance,NOTBNB,33182957.0,2026-05-26
binance,SUSDT,32945593.1,2026-05-26
binance,ZILEUR,32909760.9,2026-05-26
binance,ZILBUSD,32650233.9,2026-05-26
binance,NOTBRL,32621384.0,2026-05-26
binance,PEOPLEUSDT,32301364.2,2026-05-26
binance,BIOTRY,32257495.4,2026-05-26
binance,LTOBTC,32167278.0,2026-05-26
binance,FFUSDT,32125273.1,2026-05-26
binance,CGPTUSDT,31943899.8,2026-05-26
binance,TIAUSDT,31874637.5,2026-05-26
binance,XLMUSDT,31842010.0,2026-05-26
binance,SYSBTC,31829443.0,2026-05-26
binance,ACHBUSD,31739645.0,2026-05-26
binance,ONEETH,31628959.6,2026-05-26
binance,ROSETRY,31530936.6,2026-05-26
binance,TRXTUSD,31456162.6,2026-05-26
binance,QKCETH,31027875.0,2026-05-26
binance,REZBTC,30984135.2,2026-05-26
binance,C98USDT,30916144.4,2026-05-26
binance,ONEBUSD,30696843.2,2026-05-26
binance,VETGBP,30612046.41,2026-05-26
binance,PIXELTRY,30378962.2,2026-05-26
binance,VETBUSD,30222515.8,2026-05-26
binance,AWEUSDT,30001511.0,2026-05-26
binance,SKLBTC,29951243.0,2026-05-26
binance,LINEATRY,29658085.0,2026-05-26
binance,DOCKBTC,29536668.0,2026-05-26
binance,TUTUSDT,29332684.0,2026-05-26
binance,SLFTRY,29240426.1,2026-05-26
binance,FDUSDUSDC,29193644.0,2026-05-26
binance,VGXUSDT,29163929.9,2026-05-26
binance,USTCTRY,29014083.0,2026-05-26
binance,QKCUSDT,28876234.0,2026-05-26
binance,WTCUSDT,28831218.0,2026-05-26
binance,LINABUSD,28768149.03,2026-05-26
binance,PEOPLEETH,28602122.0,2026-05-26
binance,MBOXUSDT,28240761.8,2026-05-26
binance,ZILUSDT,28117354.0,2026-05-26
binance,DODOBTC,28059615.1,2026-05-26
binance,HEMITRY,27876045.1,2026-05-26
binance,COMBOTRY,27698860.8,2026-05-26
binance,GLMRUSDT,27608557.8,2026-05-26
binance,ASTRUSDT,27531765.5,2026-05-26
binance,SIGNUSDT,27513434.0,2026-05-26
binance,CELRBUSD,27457485.0,2026-05-26
binance,LINKUPUSDT,27401275.94,2026-05-26
binance,STRAXBTC,26838730.0,2026-05-26
binance,VIDTBUSD,26784928.0,2026-05-26
binance,HFTUSDT,26642671.6,2026-05-26
binance,KDABTC,26567497.64,2026-05-26
binance,VITEBUSD,26547565.5,2026-05-26
binance,ACTTRY,26547196.8,2026-05-26
binance,ROSEBNB,26362867.6,2026-05-26
binance,GUNTRY,26322270.0,2026-05-26
binance,DATAETH,26268169.0,2026-05-26
binance,ANIMEUSDT,26225954.0,2026-05-26
binance,FETTRY,26158985.4,2026-05-26
binance,BIGTIMEUSDT,26125184.0,2026-05-26
binance,PEOPLEBNB,26097185.0,2026-05-26
binance,ANKRBUSD,26083827.2,2026-05-26
binance,IOTAUSDT,26045586.0,2026-05-26
binance,LINEAUSDC,25980314.0,2026-05-26
binance,VANRYTRY,25914031.0,2026-05-26
binance,POLUSDT,25905355.1,2026-05-26
binance,GUSDT,25891913.0,2026-05-26
binance,BBUSDT,25664446.4,2026-05-26
binance,WRXUSDT,25499366.4,2026-05-26
binance,USDTTRY,25487056.0,2026-05-26
binance,1000CATBNB,25422177.4,2026-05-26
binance,NKNUSDT,25288819.0,2026-05-26
binance,ESPUSDT,25220143.0,2026-05-26
binance,MBOXTRY,25070062.94,2026-05-26
binance,ARDRBTC,24660761.0,2026-05-26
binance,GENIUSUSDT,24604807.2,2026-05-26
binance,MITOTRY,24504100.3,2026-05-26
binance,PARTITRY,24498410.8,2026-05-26
binance,IOTXBUSD,24475083.0,2026-05-26
binance,ARPAUSDT,24091165.8,2026-05-26
binance,AITRY,24075254.0,2026-05-26
binance,IOTRY,23993722.15,2026-05-26
binance,GPSTRY,23814649.0,2026-05-26
binance,DOCKBUSD,23751133.0,2026-05-26
binance,TOWNSFDUSD,23716358.0,2026-05-26
binance,KMDBTC,23653896.0,2026-05-26
binance,IOTXUSDT,23569229.0,2026-05-26
binance,PYTHUSDT,23538229.6,2026-05-26
binance,MEMEETH,23450233.0,2026-05-26
binance,GMTBTC,23430567.4,2026-05-26
binance,LAUSDT,23415314.7,2026-05-26
binance,AIUSDT,23326566.2,2026-05-26
binance,MOVEUSDT,23036486.0,2026-05-26
binance,TBUSD,23031234.4,2026-05-26
binance,BEAMXUSDC,22659448.0,2026-05-26
binance,FLUXUSDT,22559121.46,2026-05-26
binance,NFPBTC,22389374.0,2026-05-26
binance,ZKTRY,22214701.3,2026-05-26
binance,OSMOUSDT,22071656.73,2026-05-26
binance,ZBTUSDT,22000717.9,2026-05-26
binance,COTIBTC,21971871.0,2026-05-26
binance,SNTBTC,21964820.0,2026-05-26
binance,ARKMUSDT,21921578.0,2026-05-26
binance,CHRUSDT,21837114.0,2026-05-26
binance,ALTBNB,21801414.0,2026-05-26
binance,ANIMEFDUSD,21783439.3,2026-05-26
binance,BAKETRY,21614203.0,2026-05-26
binance,OPUSDT,21524250.77,2026-05-26
binance,GALABUSD,21508535.0,2026-05-26
binance,SENTTRY,21284397.0,2026-05-26
binance,PLUMEUSDC,21213242.0,2026-05-26
binance,SKLBUSD,20824424.0,2026-05-26
binance,NOMUSDC,20762048.0,2026-05-26
binance,GRTEUR,20654669.0,2026-05-26
binance,DNTUSDT,20611766.0,2026-05-26
binance,TLMBUSD,20589713.0,2026-05-26
binance,WOOUSDT,20431150.5,2026-05-26
binance,CLVBTC,20418104.5,2026-05-26
binance,OXTBTC,20396354.0,2026-05-26
binance,OPGUSDT,20267459.5,2026-05-26
binance,DNTBUSD,20212918.0,2026-05-26
binance,GFTBUSD,20165738.0,2026-05-26
binance,ENJUSDT,20147722.8,2026-05-26
binance,REIUSDT,20139913.5,2026-05-26
binance,TOWNSBNB,20060009.0,2026-05-26
binance,MANTRATRY,20017405.0,2026-05-26
binance,ANCUSDT,19984596.8,2026-05-26
binance,AUDIOUSDT,19956766.1,2026-05-26
binance,IRISBTC,19867804.0,2026-05-26
binance,ALGOUSDT,19857713.0,2026-05-26
binance,ACTUSDT,19833891.1,2026-05-26
binance,TFUELBTC,19739898.0,2026-05-26
binance,GUNFDUSD,19739213.0,2026-05-26
binance,MMTTRY,19662066.6,2026-05-26
binance,BBTRY,19626692.3,2026-05-26
binance,ANCBUSD,19455033.42,2026-05-26
binance,VICUSDT,19439884.61,2026-05-26
binance,XEMUSDT,19421302.0,2026-05-26
binance,GRTFDUSD,19380916.0,2026-05-26
binance,CUSDT,19314043.0,2026-05-26
binance,RVNBUSD,19269580.2,2026-05-26
binance,SKLTRY,19222080.0,2026-05-26
binance,SOPHUSDT,19194428.0,2026-05-26
binance,ALTUSDC,19082395.0,2026-05-26
binance,1000CHEEMSUSDC,19054145.0,2026-05-26
binance,FORBUSD,19052168.2,2026-05-26
binance,WAXPUSDT,19028593.0,2026-05-26
binance,TVKUSDT,18996930.0,2026-05-26
binance,FOGOUSDC,18947266.0,2026-05-26
binance,CELOUSDT,18907062.1,2026-05-26
binance,TVKBUSD,18870516.0,2026-05-26
binance,JSTUSDT,18844839.8,2026-05-26
binance,ACABTC,18840159.62,2026-05-26
binance,GRTETH,18767526.0,2026-05-26
binance,SNTBUSD,18678026.0,2026-05-26
binance,BMTUSDT,18630581.2,2026-05-26
binance,SLFUSDC,18522191.7,2026-05-26
binance,RENDERUSDT,18509038.04,2026-05-26
binance,VELODROMEUSDT,18372634.0,2026-05-26
binance,WUSDC,18308432.1,2026-05-26
binance,ADXETH,18303575.0,2026-05-26
binance,WLDUSDC,18301379.4,2026-05-26
binance,MEMETUSD,18202233.0,2026-05-26
binance,JSTBUSD,17869733.0,2026-05-26
binance,PHBUSDT,17853549.4,2026-05-26
binance,EIGENTRY,17850796.43,2026-05-26
binance,HEMIBNB,17820515.2,2026-05-26
binance,OMBUSD,17786965.0,2026-05-26
binance,ALTFDUSD,17772679.0,2026-05-26
binance,USTCFDUSD,17751203.0,2026-05-26
binance,EDUUSDT,17730977.0,2026-05-26
binance,HEIUSDT,17683551.2,2026-05-26
binance,PONDBUSD,17503444.31,2026-05-26
binance,DEGOUSDT,17486766.03,2026-05-26
binance,EDENUSDC,17473216.4,2026-05-26
binance,BANANAS31USDC,17260113.0,2026-05-26
binance,GALABNB,17251338.0,2026-05-26
binance,TNSRUSDT,17160443.9,2026-05-26
binance,AEVOUSDT,17157683.72,2026-05-26
binance,TREEUSDT,17131413.9,2026-05-26
binance,HOMETRY,17107804.0,2026-05-26
binance,CHZUSDC,17094154.0,2026-05-26
binance,SUPERUSDT,17077698.0,2026-05-26
binance,USDCUSD,17077411.0,2026-05-26
binance,KAIAUSDT,17051435.7,2026-05-26
binance,RAREUSDT,16880156.8,2026-05-26
binance,PORTALBTC,16867638.5,2026-05-26
binance,ZILBNB,16784204.0,2026-05-26
binance,FIDABTC,16777917.8,2026-05-26
binance,LATRY,16731648.4,2026-05-26
binance,VETUSDC,16700526.8,2026-05-26
binance,MDTBTC,16685166.0,2026-05-26
binance,FIOBTC,16606366.0,2026-05-26
binance,BABYTRY,16529891.0,2026-05-26
binance,WFDUSD,16518659.8,2026-05-26
binance,GRTBTC,16419727.0,2026-05-26
binance,KMNOUSDT,16305684.0,2026-05-26
binance,CELRBNB,16293983.0,2026-05-26
binance,KITEUSDT,16241600.3,2026-05-26
binance,AUDIOBTC,16217917.9,2026-05-26
binance,MAVBTC,16190402.0,2026-05-26
binance,FLMUSDT,16117772.0,2026-05-26
binance,FIOBUSD,16016126.0,2026-05-26
binance,SNMBTC,16010793.0,2026-05-26
binance,BANKUSDT,15881607.1,2026-05-26
binance,RVNUSDC,15862132.2,2026-05-26
binance,SOLVUSDC,15854192.0,2026-05-26
binance,SAHARATRY,15757707.0,2026-05-26
binance,RIFBTC,15713350.0,2026-05-26
binance,ASTERUSDT,15641577.59,2026-05-26
binance,USUALUSDT,15516225.2,2026-05-26
binance,PLUMEBNB,15495819.0,2026-05-26
binance,ANCBNB,15487517.41,2026-05-26
binance,STEEMUSDT,15483083.3,2026-05-26
binance,HIVEUSDT,15412090.0,2026-05-26
binance,OMTRY,15384168.2,2026-05-26
binance,DATABUSD,15349017.9,2026-05-26
binance,SEIUSDC,15244579.7,2026-05-26
binance,AIXBTTRY,15199441.4,2026-05-26
binance,GALAAUD,15117964.0,2026-05-26
binance,BLZUSDT,15047472.0,2026-05-26
binance,COTIUSDT,15045248.0,2026-05-26
binance,DFBUSD,14913439.0,2026-05-26
binance,CATIUSDT,14853325.2,2026-05-26
binance,BIOBNB,14805797.4,2026-05-26
binance,PNUTTRY,14802269.1,2026-05-26
binance,DYDXUSDT,14726748.69,2026-05-26
binance,SPKFDUSD,14707027.0,2026-05-26
binance,ENATRY,14679765.68,2026-05-26
binance,CHZBNB,14607338.0,2026-05-26
binance,UTKUSDC,14382140.0,2026-05-26
binance,SLFUSDT,14359265.0,2026-05-26
binance,REDUSDT,14297151.9,2026-05-26
binance,PERLBTC,14272400.0,2026-05-26
binance,JASMYTRY,14135841.0,2026-05-26
binance,PORTALBNB,14114628.3,2026-05-26
binance,BEAMXTRY,14112687.0,2026-05-26
binance,CLVBUSD,14094939.7,2026-05-26
binance,MAGICBTC,14060495.2,2026-05-26
binance,ARBTUSD,14056958.3,2026-05-26
binance,XEMBTC,14041020.0,2026-05-26
binance,MIRAUSDT,14031061.4,2026-05-26
binance,DREPUSDT,13959700.0,2026-05-26
binance,PYTHFDUSD,13943283.2,2026-05-26
binance,PHABTC,13898151.0,2026-05-26
binance,MAVUSDT,13842986.0,2026-05-26
binance,LOOMBTC,13815528.0,2026-05-26
binance,DOLOUSDT,13711257.1,2026-05-26
binance,MEMEBNB,13618079.0,2026-05-26
binance,BAKEUSDT,13600840.9,2026-05-26
binance,SANDUSDT,13549516.0,2026-05-26
binance,ANIMEBNB,13490760.5,2026-05-26
binance,CLVUSDT,13386084.7,2026-05-26
binance,PORTALFDUSD,13353014.5,2026-05-26
binance,NEARUSDC,13263719.2,2026-05-26
binance,ONTUSDT,13188907.0,2026-05-26
binance,PLUMEFDUSD,13163678.0,2026-05-26
binance,TIATRY,12974317.88,2026-05-26
binance,LOOMBUSD,12962405.0,2026-05-26
binance,DOGEFDUSD,12948297.0,2026-05-26
binance,USUALBTC,12944141.3,2026-05-26
binance,ACTFDUSD,12907826.1,2026-05-26
binance,AXLUSDT,12896832.62,2026-05-26
binance,SUIUSDC,12841307.6,2026-05-26
binance,ROSEUSDC,12819925.4,2026-05-26
binance,GLMRBTC,12808651.4,2026-05-26
binance,KMDUSDT,12791695.0,2026-05-26
binance,BIOUSDC,12739860.5,2026-05-26
binance,VANRYUSDC,12724289.0,2026-05-26
binance,TRXTRY,12723627.0,2026-05-26
binance,AIONBTC,12702532.0,2026-05-26
binance,PEOPLEBTC,12624291.0,2026-05-26
binance,TSTUSDC,12620056.1,2026-05-26
binance,CHIPUSDC,12595205.0,2026-05-26
binance,ANKRBNB,12482799.0,2026-05-26
binance,ESPTRY,12453081.0,2026-05-26
binance,STOUSDT,12401052.9,2026-05-26
binance,SNTUSDT,12387737.0,2026-05-26
binance,ZILBIDR,12356996.0,2026-05-26
binance,REIBNB,12307065.6,2026-05-26
binance,BICOUSDT,12300001.54,2026-05-26
binance,HEITRY,12268306.5,2026-05-26
binance,USUALTRY,12249703.8,2026-05-26
binance,ADAUSDC,12232268.0,2026-05-26
binance,BBBNB,12179170.2,2026-05-26
binance,RAREBTC,12120658.2,2026-05-26
binance,HFTBTC,12070032.6,2026-05-26
binance,LOOMUSDT,12058322.0,2026-05-26
binance,DREPBTC,11917794.0,2026-05-26
binance,VOXELUSDT,11872226.6,2026-05-26
binance,HBARUSDC,11865911.0,2026-05-26
binance,TFUELUSDT,11855974.0,2026-05-26
binance,XRPUSDC,11720371.7,2026-05-26
binance,IDEXBTC,11715991.0,2026-05-26
binance,HIGHUSDT,11714848.097,2026-05-26
binance,FISBTC,11697397.0,2026-05-26
binance,HEMIUSDC,11696890.5,2026-05-26
binance,SLFBTC,11673016.1,2026-05-26
binance,AUDIOTRY,11633294.06,2026-05-26
binance,ANKRTRY,11618073.0,2026-05-26
binance,TFUELBUSD,11533546.0,2026-05-26
binance,HARDUSDT,11528516.0,2026-05-26
binance,ZKUSDC,11520897.1,2026-05-26
binance,SNTETH,11484111.0,2026-05-26
binance,NFPFDUSD,11455488.0,2026-05-26
binance,ENAUSDC,11374185.96,2026-05-26
binance,RENUSDT,11361461.0,2026-05-26
binance,WTCBTC,11331662.0,2026-05-26
binance,RONINUSDT,11317843.97,2026-05-26
binance,STOTRY,11246723.7,2026-05-26
binance,BEAMUSDT,11189369.0,2026-05-26
binance,KAVAUSDT,11179630.2,2026-05-26
binance,HBARBUSD,11139023.0,2026-05-26
binance,SKYUSDT,11074478.0,2026-05-26
binance,HUMABNB,11036529.0,2026-05-26
binance,HOMEBNB,11008161.0,2026-05-26
binance,POLYXUSDT,10955006.9,2026-05-26
binance,LAYERUSDT,10931189.08,2026-05-26
binance,RESOLVUSDC,10913898.3,2026-05-26
binance,CKBTRY,10850779.0,2026-05-26
binance,DUSKUSDT,10840640.0,2026-05-26
binance,AIBTC,10837042.3,2026-05-26
binance,TRXUSDC,10824652.6,2026-05-26
binance,PNTUSDT,10778397.0,2026-05-26
binance,BLZETH,10774706.0,2026-05-26
binance,UFTUSDT,10771660.0,2026-05-26
binance,VANRYBTC,10769935.0,2026-05-26
binance,SYRUPUSDT,10737169.4,2026-05-26
binance,PENGUFDUSD,10732136.0,2026-05-26
binance,XPLUSDC,10730822.9,2026-05-26
binance,ONETRY,10711146.3,2026-05-26
binance,1000CATFDUSD,10689462.1,2026-05-26
binance,FISUSDT,10613884.0,2026-05-26
binance,IDBTC,10541037.0,2026-05-26
binance,DOGETRY,10509059.0,2026-05-26
binance,MEGATRY,10453646.5,2026-05-26
binance,ASTRETH,10440664.2,2026-05-26
binance,BURGERUSDT,10439094.1,2026-05-26
binance,YBUSDT,10318375.2,2026-05-26
binance,FLOWUSDT,10313962.09,2026-05-26
binance,CVPUSDT,10302989.3,2026-05-26
binance,MEUSDT,10209341.14,2026-05-26
binance,SRMBUSD,10193701.6,2026-05-26
binance,ONEBNB,10127379.0,2026-05-26
binance,COMBOUSDT,10075449.9,2026-05-26
binance,ATABTC,10043006.0,2026-05-26
binance,WCTUSDT,10026990.8,2026-05-26
binance,TVKBTC,10026970.0,2026-05-26
binance,POLYXBTC,9931872.0,2026-05-26
binance,XLMUSDC,9908061.0,2026-05-26
binance,IDUSDT,9888685.0,2026-05-26
binance,BMTFDUSD,9858817.9,2026-05-26
binance,EDUTRY,9849530.0,2026-05-26
binance,ANCBTC,9828343.8,2026-05-26
binance,YGGBTC,9801143.5,2026-05-26
binance,VIRTUALUSDT,9784996.6,2026-05-26
binance,STRKUSDC,9683325.87,2026-05-26
binance,ATUSDT,9631431.1,2026-05-26
binance,ACABUSD,9602993.47,2026-05-26
binance,BICOBTC,9577835.71,2026-05-26
binance,USDTDAI,9513863.0,2026-05-26
binance,SHELLUSDT,9504945.8,2026-05-26
binance,ARPATRY,9502807.0,2026-05-26
binance,YGGUSDT,9495299.4,2026-05-26
binance,IDEXFDUSD,9470536.0,2026-05-26
binance,SENTUSDC,9403598.0,2026-05-26
binance,STRAXUSDT,9387258.0,2026-05-26
binance,OPENUSDT,9382448.4,2026-05-26
binance,SUPERTRY,9367228.4,2026-05-26
binance,AWEBTC,9356140.0,2026-05-26
binance,ONDOUSDC,9345130.2,2026-05-26
binance,XVGUSDC,9342204.0,2026-05-26
binance,BAKEBTC,9307672.0,2026-05-26
binance,HYPERUSDT,9260607.3,2026-05-26
binance,VIBBTC,9254027.0,2026-05-26
binance,AIGENSYNUSDC,9235853.0,2026-05-26
binance,ARBTRY,9160258.2,2026-05-26
binance,TRUBTC,9102000.0,2026-05-26
binance,CHZBUSD,9099464.0,2026-05-26
binance,BLURUSDT,9036002.7,2026-05-26
binance,AUSDT,9030757.4,2026-05-26
binance,LOOMETH,9009886.0,2026-05-26
binance,MDXUSDT,8965485.1,2026-05-26
binance,MAVTRY,8941966.0,2026-05-26
binance,WIFUSDT,8917123.38,2026-05-26
binance,REIBUSD,8889771.0,2026-05-26
binance,XUSDUSDT,8833783.0,2026-05-26
binance,CETUSUSDT,8819170.8,2026-05-26
binance,BBFDUSD,8796140.1,2026-05-26
binance,HOMEFDUSD,8795727.0,2026-05-26
binance,NOTFDUSD,8768259.0,2026-05-26
binance,REIETH,8767765.5,2026-05-26
binance,NTRNBNB,8750020.8,2026-05-26
binance,ROSEBUSD,8726950.2,2026-05-26
binance,HEMIFDUSD,8723587.2,2026-05-26
binance,OGNBNB,8630826.0,2026-05-26
binance,DOLOFDUSD,8605344.0,2026-05-26
binance,AEVOFDUSD,8600738.52,2026-05-26
binance,GTRY,8580183.0,2026-05-26
binance,ARPABUSD,8537365.2,2026-05-26
binance,COTIBUSD,8527467.0,2026-05-26
binance,EURUSDC,8476788.9,2026-05-26
binance,2ZUSDT,8442333.0,2026-05-26
binance,LUMIAUSDT,8428830.56,2026-05-26
binance,UTKBUSD,8410870.0,2026-05-26
binance,MANTAUSDT,8404008.6,2026-05-26
binance,PNUTEUR,8385560.6,2026-05-26
binance,CHZGBP,8382951.0,2026-05-26
binance,NULSBTC,8381687.0,2026-05-26
binance,WOOBTC,8381591.2,2026-05-26
binance,币安人生USDT,8365924.2,2026-05-26
binance,MOVEBTC,8323182.3,2026-05-26
binance,NEWTUSDT,8300345.2,2026-05-26
binance,DNTBTC,8250320.0,2026-05-26
binance,STPTBUSD,8247075.4,2026-05-26
binance,STPTBTC,8235675.0,2026-05-26
binance,ARPAETH,8230954.0,2026-05-26
binance,TSTFDUSD,8217758.9,2026-05-26
binance,CTSIUSDT,8197148.0,2026-05-26
binance,ARKMTRY,8184793.3,2026-05-26
binance,OMUSDT,8174967.2,2026-05-26
binance,STEEMETH,8136483.0,2026-05-26
binance,USD1U,8003041.0,2026-05-26
binance,HAEDALFDUSD,7970220.9,2026-05-26
binance,PNUTBTC,7970172.1,2026-05-26
binance,ARBUSDC,7965560.0,2026-05-26
binance,OPGTRY,7912820.6,2026-05-26
binance,LRCBTC,7873696.0,2026-05-26
binance,SAPIENUSDT,7872237.5,2026-05-26
binance,MDTBUSD,7863294.9,2026-05-26
binance,HOLOUSDT,7825857.8,2026-05-26
binance,GMTUSDC,7820249.4,2026-05-26
binance,AVNTUSDT,7802155.1,2026-05-26
binance,SEIFDUSD,7784671.5,2026-05-26
binance,LUNAUSDT,7710825.14,2026-05-26
binance,ERAUSDC,7666330.5,2026-05-26
binance,LTOBUSD,7650109.0,2026-05-26
binance,STRKTRY,7637845.78,2026-05-26
binance,SHELLBTC,7602831.7,2026-05-26
binance,GENIUSTRY,7567423.1,2026-05-26
binance,CRVUSDT,7528263.5,2026-05-26
binance,USDCBUSD,7518551.91,2026-05-26
binance,ZKFDUSD,7504100.2,2026-05-26
binance,FILUSDT,7486061.86,2026-05-26
binance,JUPUSDT,7485773.5,2026-05-26
binance,VIBBUSD,7420353.0,2026-05-26
binance,ASTRBUSD,7356293.9,2026-05-26
binance,API3USDT,7351692.6,2026-05-26
binance,HOLOFDUSD,7347309.2,2026-05-26
binance,CHRBTC,7345141.0,2026-05-26
binance,USDPBUSD,7335780.67,2026-05-26
binance,LOKAUSDT,7317699.5,2026-05-26
binance,RENBUSD,7299238.0,2026-05-26
binance,STRKFDUSD,7238554.62,2026-05-26
binance,WLFIUSDC,7232336.3,2026-05-26
binance,NIGHTUSDC,7227643.0,2026-05-26
binance,ZKBTC,7185229.0,2026-05-26
binance,GRTUSDC,7174753.0,2026-05-26
binance,OXTBUSD,7155496.0,2026-05-26
binance,NKNBTC,7144924.0,2026-05-26
binance,RSRTRY,7093975.0,2026-05-26
binance,HIFIUSDT,7092566.0,2026-05-26
binance,ALPHABTC,7073255.0,2026-05-26
binance,CVCBUSD,7069811.0,2026-05-26
binance,ROSEETH,7044621.7,2026-05-26
binance,WAXPBUSD,7016198.0,2026-05-26
binance,TLMUSDC,6999963.0,2026-05-26
binance,BBBTC,6944172.8,2026-05-26
binance,KLAYUSDT,6918382.8,2026-05-26
binance,AEVOBTC,6904029.08,2026-05-26
binance,VICTRY,6876065.87,2026-05-26
binance,IOTAETH,6859126.0,2026-05-26
binance,REQBTC,6855774.0,2026-05-26
binance,BIOFDUSD,6850781.9,2026-05-26
binance,TNSRTRY,6833452.6,2026-05-26
binance,ARPARUB,6826810.0,2026-05-26
binance,CTRY,6810411.5,2026-05-26
binance,ACTEUR,6796313.7,2026-05-26
binance,HBARFDUSD,6791573.0,2026-05-26
binance,RESOLVFDUSD,6786371.9,2026-05-26
binance,KAITOUSDT,6769172.3,2026-05-26
binance,REZBNB,6759547.9,2026-05-26
binance,TRXBUSD,6719896.3,2026-05-26
binance,CLVBNB,6676729.7,2026-05-26
binance,CHZBRL,6648978.0,2026-05-26
binance,ENJTRY,6636099.2,2026-05-26
binance,PARTIUSDC,6594560.7,2026-05-26
binance,POWRBTC,6588378.0,2026-05-26
binance,MITOUSDC,6582986.4,2026-05-26
binance,CFGUSDT,6557914.1,2026-05-26
binance,STPTUSDT,6539537.4,2026-05-26
binance,ICXBTC,6526645.0,2026-05-26
binance,INITUSDT,6409296.6,2026-05-26
binance,WALUSDT,6401297.4,2026-05-26
binance,XLMBUSD,6361157.0,2026-05-26
binance,SCRUSDT,6337189.1,2026-05-26
binance,MMTUSDC,6331238.0,2026-05-26
binance,JTOUSDT,6330292.7,2026-05-26
binance,AIBNB,6323352.9,2026-05-26
binance,WAXPBNB,6299750.0,2026-05-26
binance,ROBOTRY,6291196.0,2026-05-26
binance,NULSUSDT,6282246.0,2026-05-26
binance,MANTABTC,6281159.8,2026-05-26
binance,HUMAFDUSD,6257665.0,2026-05-26
binance,CHZFDUSD,6250553.0,2026-05-26
binance,AEVOTRY,6231921.06,2026-05-26
binance,GPSFDUSD,6228967.0,2026-05-26
binance,OGNBUSD,6194266.6,2026-05-26
binance,SOMIUSDT,6183148.4,2026-05-26
binance,WANBTC,6143332.0,2026-05-26
binance,THEUSDT,6133205.2,2026-05-26
binance,SOPHBNB,6118140.0,2026-05-26
binance,SPKBNB,6080841.0,2026-05-26
binance,BSWBUSD,6075080.5,2026-05-26
binance,ATABNB,6073202.0,2026-05-26
binance,CFXBTC,6069953.0,2026-05-26
binance,EIGENUSDC,6049973.46,2026-05-26
binance,SXTTRY,6043464.4,2026-05-26
binance,SPKTRY,6012096.0,2026-05-26
binance,BETABUSD,5971388.0,2026-05-26
binance,FLOWBTC,5959771.23,2026-05-26
binance,CHZEUR,5958300.0,2026-05-26
binance,LRCETH,5957955.0,2026-05-26
binance,XAIFDUSD,5906789.9,2026-05-26
binance,GPSBNB,5902032.4,2026-05-26
binance,BETABTC,5895964.0,2026-05-26
binance,RAREBUSD,5879400.1,2026-05-26
binance,MOVETRY,5869087.2,2026-05-26
binance,DOTUSDT,5864916.92,2026-05-26
binance,OSMOUSDC,5836883.86,2026-05-26
binance,USUALFDUSD,5738425.4,2026-05-26
binance,MANTRAUSDC,5717361.0,2026-05-26
binance,ATBNB,5715155.1,2026-05-26
binance,YBTRY,5710126.6,2026-05-26
binance,LDOUSDT,5698525.59,2026-05-26
binance,RARETRY,5694379.0,2026-05-26
binance,SIGNTRY,5689657.0,2026-05-26
binance,KATUSDC,5685656.0,2026-05-26
binance,DOGEAUD,5681094.0,2026-05-26
binance,BABYFDUSD,5660655.0,2026-05-26
binance,TRURUB,5655512.0,2026-05-26
binance,METRY,5646621.89,2026-05-26
binance,HAEDALUSDT,5607299.3,2026-05-26
binance,SUPERBUSD,5572901.0,2026-05-26
binance,TIAUSDC,5560561.74,2026-05-26
binance,POLYUSDT,5552157.1,2026-05-26
binance,BLZBUSD,5542560.0,2026-05-26
binance,OAXBTC,5541332.0,2026-05-26
binance,STOBNB,5510965.7,2026-05-26
binance,DOGEBIDR,5506437.0,2026-05-26
binance,GMTEUR,5502344.5,2026-05-26
binance,COOKIEUSDC,5467785.9,2026-05-26
binance,ANIMETRY,5460602.7,2026-05-26
binance,BABYBNB,5450503.0,2026-05-26
binance,MOBUSDT,5434478.18,2026-05-26
binance,DOLOTRY,5430092.9,2026-05-26
binance,ZKCUSDT,5421885.8,2026-05-26
binance,RENBTC,5371182.0,2026-05-26
binance,BMTBNB,5360762.0,2026-05-26
binance,SXPBTC,5330067.4,2026-05-26
binance,2ZFDUSD,5305079.0,2026-05-26
binance,BAKEBUSD,5300604.3,2026-05-26
binance,KMNOUSDC,5298533.0,2026-05-26
binance,ADXUSDT,5292337.0,2026-05-26
binance,LOKABTC,5288280.0,2026-05-26
binance,STRKBTC,5283801.04,2026-05-26
binance,CFXBUSD,5280880.0,2026-05-26
binance,CTXCBTC,5275766.0,2026-05-26
binance,WRXBUSD,5264861.3,2026-05-26
binance,QUICKBTC,5263304.0,2026-05-26
binance,WBTC,5198455.9,2026-05-26
binance,BUSDRUB,5171555.0,2026-05-26
binance,ETHFIUSDT,5151132.6,2026-05-26
binance,SYNUSDT,5148033.5,2026-05-26
binance,BABYUSDC,5131636.0,2026-05-26
binance,APEUSDT,5121827.58,2026-05-26
binance,MDXBTC,5120286.0,2026-05-26
binance,HOLOBNB,5116752.5,2026-05-26
binance,ENABRL,5106508.78,2026-05-26
binance,CGPTUSDC,5090749.8,2026-05-26
binance,IDEXBUSD,5071779.0,2026-05-26
binance,AIXBTUSDC,5061071.0,2026-05-26
binance,BERAUSDT,5054143.735,2026-05-26
binance,OPNUSDT,5014902.6,2026-05-26
binance,MIRBUSD,5001654.2,2026-05-26
binance,ALGOUSDC,4992812.0,2026-05-26
binance,VETTRY,4925267.2,2026-05-26
binance,DARTRY,4862679.69,2026-05-26
binance,HUMATRY,4852110.0,2026-05-26
binance,APTUSDT,4842114.69,2026-05-26
binance,SANDBTC,4840732.0,2026-05-26
binance,IDEXBNB,4837911.1,2026-05-26
binance,OAXUSDT,4783896.0,2026-05-26
binance,BROCCOLI714USDC,4730405.0,2026-05-26
binance,PEOPLETRY,4729742.0,2026-05-26
binance,STORJUSDT,4726265.0,2026-05-26
binance,POLYXBUSD,4707729.8,2026-05-26
binance,ONDOTRY,4700442.8,2026-05-26
binance,BABYEUR,4691180.0,2026-05-26
binance,MEGAUSDC,4654867.7,2026-05-26
binance,PROVEUSDT,4653300.3,2026-05-26
binance,BATBTC,4645204.0,2026-05-26
binance,MDXBUSD,4640111.6,2026-05-26
binance,SCRBTC,4631771.1,2026-05-26
binance,ENJBTC,4607809.8,2026-05-26
binance,MOBBTC,4578407.2,2026-05-26
binance,BSWBNB,4571374.4,2026-05-26
binance,SEITRY,4552475.3,2026-05-26
binance,ARPABNB,4543066.0,2026-05-26
binance,LUNATRY,4538174.5,2026-05-26
binance,PEOPLEUSDC,4505241.1,2026-05-26
binance,TUTUSDC,4493175.0,2026-05-26
binance,FTRY,4475882.0,2026-05-26
binance,SAHARABNB,4447398.0,2026-05-26
binance,SAGABNB,4431364.6,2026-05-26
binance,BMTTRY,4431326.4,2026-05-26
binance,STOFDUSD,4414474.4,2026-05-26
binance,HOMEUSDC,4409975.0,2026-05-26
binance,SCRTBTC,4370757.5,2026-05-26
binance,PIXELFDUSD,4365487.9,2026-05-26
binance,DOGEUSD1,4344403.0,2026-05-26
binance,SPKUSDC,4326181.0,2026-05-26
binance,KLAYBTC,4324145.7,2026-05-26
binance,CTXCUSDT,4315072.0,2026-05-26
binance,DOGEBUSD,4298960.0,2026-05-26
binance,1INCHBTC,4263738.4,2026-05-26
binance,DOLOBNB,4257162.0,2026-05-26
binance,TURTLEUSDT,4251387.4,2026-05-26
binance,OMUSDC,4221759.4,2026-05-26
binance,MOVEBNB,4221672.6,2026-05-26
binance,HIVEBTC,4199032.0,2026-05-26
binance,RAREBNB,4183927.0,2026-05-26
binance,REQBUSD,4162815.0,2026-05-26
binance,XRPUSD1,4156185.6,2026-05-26
binance,BLZBTC,4149126.0,2026-05-26
binance,PLABTC,4144964.73,2026-05-26
binance,MANAETH,4139046.0,2026-05-26
binance,IOUSDC,4130548.41,2026-05-26
binance,KITEBNB,4123614.7,2026-05-26
binance,GTCUSDT,4117562.0,2026-05-26
binance,AERGOBUSD,4114171.0,2026-05-26
binance,ETHDOWNUSDT,4099541.97,2026-05-26
binance,DARETH,4097796.4,2026-05-26
binance,RONINTRY,4097296.64,2026-05-26
binance,ENABTC,4065109.42,2026-05-26
binance,PNUTUSDC,4055134.0,2026-05-26
binance,WLFITRY,4033842.3,2026-05-26
binance,MBOXBTC,4025880.1,2026-05-26
binance,ICXETH,4025849.0,2026-05-26
binance,RDNTBTC,4018919.0,2026-05-26
binance,NXPCUSDT,4006219.3,2026-05-26
binance,OPUSDC,3988139.5,2026-05-26
binance,USDCTRY,3977424.0,2026-05-26
binance,ALPHABNB,3967547.0,2026-05-26
binance,OPBTC,3938592.78,2026-05-26
binance,ALLOTRY,3919093.8,2026-05-26
binance,ICPUSDT,3911747.84,2026-05-26
binance,GRTBUSD,3903636.0,2026-05-26
binance,OGNUSDT,3891703.0,2026-05-26
binance,HYPERTRY,3885226.2,2026-05-26
binance,EDENFDUSD,3873578.7,2026-05-26
binance,ELFBTC,3864175.0,2026-05-26
binance,ASTUSDT,3856728.0,2026-05-26
binance,PEOPLEFDUSD,3839480.9,2026-05-26
binance,STEEMBTC,3839150.0,2026-05-26
binance,ZAMAUSDC,3834272.0,2026-05-26
binance,INJUSDT,3833128.08,2026-05-26
binance,DYDXFDUSD,3827461.92,2026-05-26
binance,ADAUPUSDT,3821679.54,2026-05-26
binance,LAYERFDUSD,3819868.39,2026-05-26
binance,WANUSDT,3819291.0,2026-05-26
binance,IMXUSDT,3768746.84,2026-05-26
binance,SFDUSD,3760574.9,2026-05-26
binance,BEAMBTC,3740525.0,2026-05-26
binance,TONUSDC,3739207.1,2026-05-26
binance,MANABTC,3702200.0,2026-05-26
binance,FORMUSDT,3693363.5,2026-05-26
binance,NIGHTTRY,3689149.0,2026-05-26
binance,TRXUPUSDT,3687587.8,2026-05-26
binance,HARDBUSD,3685118.0,2026-05-26
binance,REZUSDC,3679231.7,2026-05-26
binance,CFXUSDC,3678281.0,2026-05-26
binance,SETH,3668791.3,2026-05-26
binance,CTXCBUSD,3658687.0,2026-05-26
binance,ACHUSDC,3657336.0,2026-05-26
binance,ACXUSDT,3652786.2,2026-05-26
binance,GUNUSDC,3622425.0,2026-05-26
binance,USDEUSDT,3620158.0,2026-05-26
binance,MIRUSDT,3601038.7,2026-05-26
binance,BANKTRY,3591635.3,2026-05-26
binance,CHRBUSD,3586756.0,2026-05-26
binance,EDENBNB,3550666.6,2026-05-26
binance,VIBETH,3539004.0,2026-05-26
binance,ARKMFDUSD,3538168.1,2026-05-26
binance,TREEFDUSD,3536819.1,2026-05-26
binance,OMBTC,3530920.3,2026-05-26
binance,XPLFDUSD,3521606.8,2026-05-26
binance,PLAUSDT,3506608.82,2026-05-26
binance,UTKBTC,3505744.0,2026-05-26
binance,CVCUSDT,3500327.0,2026-05-26
binance,CATITRY,3494784.8,2026-05-26
binance,PDABTC,3489129.3,2026-05-26
binance,POLYBUSD,3471499.2,2026-05-26
binance,EUREURI,3461901.2,2026-05-26
binance,REZFDUSD,3461744.2,2026-05-26
binance,VETEUR,3438331.25,2026-05-26
binance,COTIBNB,3436760.0,2026-05-26
binance,AIFDUSD,3423448.1,2026-05-26
binance,DOGERUB,3421738.0,2026-05-26
binance,AERGOBTC,3384537.0,2026-05-26
binance,MINAUSDT,3376323.0,2026-05-26
binance,USDCBRL,3373368.8,2026-05-26
binance,ATABUSD,3369618.0,2026-05-26
binance,LOOMTRY,3366224.0,2026-05-26
binance,PLABUSD,3360787.47,2026-05-26
binance,KERNELUSDT,3339765.8,2026-05-26
binance,CFDUSD,3338952.7,2026-05-26
binance,DARUSDT,3335747.0,2026-05-26
binance,DYMUSDC,3326849.5,2026-05-26
binance,TRIBEBUSD,3318990.0,2026-05-26
binance,LUMIATRY,3316583.58,2026-05-26
binance,DODOBUSD,3294237.1,2026-05-26
binance,CVCBTC,3289236.0,2026-05-26
binance,TRXBTC,3261359.0,2026-05-26
binance,HEIBTC,3253494.5,2026-05-26
binance,XPLTRY,3250152.7,2026-05-26
binance,WOOBUSD,3250014.5,2026-05-26
binance,LRCBUSD,3246050.0,2026-05-26
binance,ZKPUSDT,3241495.6,2026-05-26
binance,MORPHOUSDT,3240734.33,2026-05-26
binance,MITOBNB,3234410.0,2026-05-26
binance,SXTBNB,3217555.6,2026-05-26
binance,UUSDC,3208064.0,2026-05-26
binance,ACEUSDT,3204688.9,2026-05-26
binance,ENABNB,3168818.28,2026-05-26
binance,ALGOBUSD,3167737.0,2026-05-26
binance,MUBARAKUSDC,3162930.4,2026-05-26
binance,HIGHTRY,3141647.71,2026-05-26
binance,GPSUSDC,3139181.9,2026-05-26
binance,PENDLEUSDT,3127134.3,2026-05-26
binance,PIVXBTC,3121330.0,2026-05-26
binance,POWRBUSD,3120724.0,2026-05-26
binance,RENDERUSDC,3097252.76,2026-05-26
binance,BETAETH,3076850.7,2026-05-26
binance,CHESSBUSD,3045226.7,2026-05-26
binance,API3TRY,3027056.56,2026-05-26
binance,DOGEEUR,3021887.0,2026-05-26
binance,SYSBUSD,3018102.0,2026-05-26
binance,ZBTTRY,2980511.6,2026-05-26
binance,ELFBUSD,2980424.5,2026-05-26
binance,QUICKTUSD,2958544.0,2026-05-26
binance,NKNBUSD,2949711.0,2026-05-26
binance,KERNELBNB,2938724.8,2026-05-26
binance,PHABUSD,2934082.0,2026-05-26
binance,XRPBTC,2931775.8,2026-05-26
binance,MIRATRY,2923678.1,2026-05-26
binance,ELFUSDT,2922677.5,2026-05-26
binance,UNIUSDT,2918507.72,2026-05-26
binance,PYTHUSDC,2913488.0,2026-05-26
binance,AVABTC,2901755.4,2026-05-26
binance,WIFTRY,2900175.46,2026-05-26
binance,MATICUSDC,2896964.8,2026-05-26
binance,ZKCFDUSD,2891780.4,2026-05-26
binance,IDTRY,2881760.0,2026-05-26
binance,MIRBTC,2876176.2,2026-05-26
binance,ARBEUR,2873006.5,2026-05-26
binance,STXUSDT,2858476.3,2026-05-26
binance,FFTRY,2850160.3,2026-05-26
binance,KERNELFDUSD,2846804.7,2026-05-26
binance,MATICUSDT,2834467.3,2026-05-26
binance,ALGOETH,2829825.4,2026-05-26
binance,BETABNB,2819362.0,2026-05-26
binance,IOTABUSD,2813889.0,2026-05-26
binance,SXPEUR,2812244.9,2026-05-26
binance,MINABTC,2793292.6,2026-05-26
binance,C98BNB,2790397.5,2026-05-26
binance,FTMBIDR,2780492.1,2026-05-26
binance,FIDABUSD,2778882.5,2026-05-26
binance,THETAUSDT,2769200.7,2026-05-26
binance,WLFIBRL,2768199.8,2026-05-26
binance,CTSIBTC,2767796.0,2026-05-26
binance,ESPUSDC,2761756.0,2026-05-26
binance,KGSTUSDT,2754794.0,2026-05-26
binance,PNUTBRL,2749023.0,2026-05-26
binance,TREETRY,2747725.0,2026-05-26
binance,DOGEJPY,2722378.0,2026-05-26
binance,CBNB,2707230.5,2026-05-26
binance,BELBTC,2704507.9,2026-05-26
binance,TNSRBTC,2681095.5,2026-05-26
binance,RAYBUSD,2680866.2,2026-05-26
binance,XAIBTC,2669836.6,2026-05-26
binance,SOMIUSDC,2668846.0,2026-05-26
binance,ALLOBNB,2667524.4,2026-05-26
binance,SAHARAFDUSD,2663371.0,2026-05-26
binance,BFUSDUSDT,2652181.0,2026-05-26
binance,CTKUSDT,2650418.4,2026-05-26
binance,USDTIDRT,2647776.0,2026-05-26
binance,RLCBTC,2646604.4,2026-05-26
binance,MAGICUSDT,2642974.8,2026-05-26
binance,ALGOFDUSD,2641975.0,2026-05-26
binance,PROSUSDT,2618284.0,2026-05-26
binance,BUSDUAH,2615012.0,2026-05-26
binance,BARDUSDT,2613992.4,2026-05-26
binance,C98BUSD,2612447.6,2026-05-26
binance,RESOLVBNB,2612396.4,2026-05-26
binance,STRY,2609564.5,2026-05-26
binance,POWRETH,2607349.0,2026-05-26
binance,C98BTC,2601480.3,2026-05-26
binance,TKOUSDT,2590186.5,2026-05-26
binance,RADUSDT,2589933.8,2026-05-26
binance,AUDUSDC,2547764.0,2026-05-26
binance,BLURBTC,2547380.4,2026-05-26
binance,ROBOUSDC,2544110.0,2026-05-26
binance,OPFDUSD,2539677.48,2026-05-26
binance,DYDXTRY,2526469.6,2026-05-26
binance,ADAJPY,2521736.6,2026-05-26
binance,1INCHUSDT,2518944.3,2026-05-26
binance,VOXELBUSD,2507674.7,2026-05-26
binance,WRXBNB,2499265.1,2026-05-26
binance,ONTBUSD,2497480.0,2026-05-26
binance,CUSDC,2493169.2,2026-05-26
binance,DARBUSD,2485073.0,2026-05-26
binance,POLUSDC,2484960.8,2026-05-26
binance,WLFIUSD1,2477986.7,2026-05-26
binance,ALPHABUSD,2477459.0,2026-05-26
binance,DAREUR,2464096.0,2026-05-26
binance,YGGTRY,2463356.8,2026-05-26
binance,TURTLEBNB,2448844.6,2026-05-26
binance,SRMBNB,2448101.8,2026-05-26
binance,ZILTRY,2443828.5,2026-05-26
binance,RONINBTC,2438255.31,2026-05-26
binance,IOTABNB,2435345.0,2026-05-26
binance,BUSDBRL,2433651.7,2026-05-26
binance,GENIUSUSDC,2430194.6,2026-05-26
binance,AUDIOBUSD,2422950.4,2026-05-26
binance,PIXELUSDC,2413841.2,2026-05-26
binance,USDTIDR,2412613.55,2026-05-26
binance,TRIBEUSDT,2401137.0,2026-05-26
binance,KLAYBUSD,2398668.5,2026-05-26
binance,MOVEFDUSD,2397548.6,2026-05-26
binance,XRPUPUSDT,2393082.85,2026-05-26
binance,JTOFDUSD,2389134.7,2026-05-26
binance,ANIMEUSDC,2381424.5,2026-05-26
binance,XRPTRY,2377633.4,2026-05-26
binance,DOGEBTC,2374148.0,2026-05-26
binance,BBUSDC,2360845.7,2026-05-26
binance,MANAUSDT,2356368.0,2026-05-26
binance,SHELLBNB,2348170.1,2026-05-26
binance,SEIBNB,2338513.2,2026-05-26
binance,PYRUSDT,2335626.167,2026-05-26
binance,SYRUPUSDC,2332853.4,2026-05-26
binance,FTMAUD,2331607.0,2026-05-26
binance,TUSDBUSD,2322140.0,2026-05-26
binance,SHELLFDUSD,2317034.6,2026-05-26
binance,ADXBUSD,2303726.0,2026-05-26
binance,TURTLEFDUSD,2302642.1,2026-05-26
binance,ENJGBP,2301404.2,2026-05-26
binance,SNXUSDT,2298880.7,2026-05-26
binance,SAHARAUSDC,2285633.0,2026-05-26
binance,AVNTTRY,2274456.2,2026-05-26
binance,WRXBTC,2272644.4,2026-05-26
binance,ZKCBNB,2271669.8,2026-05-26
binance,STORJBUSD,2266509.0,2026-05-26
binance,PYTHTRY,2264196.6,2026-05-26
binance,XPLBNB,2245406.4,2026-05-26
binance,LPTUSDT,2239379.15,2026-05-26
binance,FTMUSDC,2238710.0,2026-05-26
binance,ALGORUB,2236567.5,2026-05-26
binance,STEEMBUSD,2232405.7,2026-05-26
binance,HARDBNB,2225172.0,2026-05-26
binance,ENJETH,2215992.5,2026-05-26
binance,WIFBTC,2211908.24,2026-05-26
binance,ZRXBTC,2204487.0,2026-05-26
binance,JUPUSDC,2203528.6,2026-05-26
binance,OPEUR,2188789.45,2026-05-26
binance,YGGBNB,2185132.7,2026-05-26
binance,GLMRBUSD,2182571.1,2026-05-26
binance,0GUSDT,2176244.96,2026-05-26
binance,ONTTRY,2174327.0,2026-05-26
binance,ATTRY,2173547.8,2026-05-26
binance,BUSDDAI,2172338.0,2026-05-26
binance,SHELLTRY,2160830.5,2026-05-26
binance,PNUTFDUSD,2153685.0,2026-05-26
binance,GLMBUSD,2150519.7,2026-05-26
binance,OPTRY,2148174.31,2026-05-26
binance,APEBTC,2136720.86,2026-05-26
binance,CHRETH,2135735.8,2026-05-26
binance,DOTUPUSDT,2132641.66,2026-05-26
binance,ABTC,2127140.7,2026-05-26
binance,ASTBTC,2116417.0,2026-05-26
binance,OPGUSDC,2115490.1,2026-05-26
binance,HAEDALBNB,2112691.1,2026-05-26
binance,VOXELBTC,2096972.9,2026-05-26
binance,ICXBUSD,2089458.2,2026-05-26
binance,PLABNB,2088718.43,2026-05-26
binance,BUSDBIDR,2077202.0,2026-05-26
binance,PIXELBNB,2073360.2,2026-05-26
binance,SCRTUSDT,2064870.0,2026-05-26
binance,SUSHIUSDT,2061588.4,2026-05-26
binance,GUNBNB,2061460.0,2026-05-26
binance,LAYERTRY,2060239.68,2026-05-26
binance,CTSIBUSD,2058324.0,2026-05-26
binance,DARBNB,2054055.0,2026-05-26
binance,CETUSUSDC,2051721.5,2026-05-26
binance,AGIXBUSD,2050805.0,2026-05-26
binance,LISTAUSDT,2050296.4,2026-05-26
binance,TONTRY,2039508.98,2026-05-26
binance,IDEUR,2033621.0,2026-05-26
binance,FTMBUSD,2031452.0,2026-05-26
binance,MITOFDUSD,2022906.3,2026-05-26
binance,FETBUSD,2012362.0,2026-05-26
binance,LAYERBNB,2008196.08,2026-05-26
binance,BREVBNB,2005535.0,2026-05-26
binance,ATOMUSDT,2005305.65,2026-05-26
binance,THETRY,2000847.0,2026-05-26
binance,UFTBUSD,2000841.0,2026-05-26
binance,ZRXETH,1984878.0,2026-05-26
binance,AXLTRY,1983516.88,2026-05-26
binance,WIFEUR,1977911.17,2026-05-26
binance,TRUMPUSDT,1976865.726,2026-05-26
binance,NULSBUSD,1974407.0,2026-05-26
binance,FLUXUSDC,1974069.83,2026-05-26
binance,OCEANBUSD,1971068.0,2026-05-26
binance,JOEBTC,1969361.39,2026-05-26
binance,ARKMBNB,1969354.0,2026-05-26
binance,HUMAUSDC,1968719.0,2026-05-26
binance,POLYXTRY,1947612.6,2026-05-26
binance,ZKCTRY,1945913.6,2026-05-26
binance,SKLUSDC,1942878.0,2026-05-26
binance,BREVUSDT,1938082.6,2026-05-26
binance,GMTETH,1933527.7,2026-05-26
binance,BATUSDT,1933089.0,2026-05-26
binance,XLMBNB,1930527.0,2026-05-26
binance,CFGTRY,1926170.1,2026-05-26
binance,DREPBUSD,1925412.0,2026-05-26
binance,NEARTRY,1920585.771,2026-05-26
binance,MANABUSD,1913865.0,2026-05-26
binance,APEFDUSD,1912820.12,2026-05-26
binance,SEIBTC,1902774.8,2026-05-26
binance,BSWETH,1899279.6,2026-05-26
binance,SOMIFDUSD,1890450.5,2026-05-26
binance,C98BRL,1890440.6,2026-05-26
binance,ALPACABUSD,1887034.8,2026-05-26
binance,MATICBNB,1877261.1,2026-05-26
binance,SRMUSDT,1875814.0,2026-05-26
binance,MATICEUR,1869510.3,2026-05-26
binance,SXTFDUSD,1862172.1,2026-05-26
binance,STRAXTRY,1860703.0,2026-05-26
binance,LISTAFDUSD,1859697.5,2026-05-26
binance,FTMUSDT,1858967.0,2026-05-26
binance,BATBUSD,1847047.0,2026-05-26
binance,DYDXBTC,1846814.8,2026-05-26
binance,MANABNB,1846196.32,2026-05-26
binance,ERAFDUSD,1844500.9,2026-05-26
binance,ENJBUSD,1843898.9,2026-05-26
binance,SXPBNB,1843259.9,2026-05-26
binance,ELFETH,1840119.0,2026-05-26
binance,1000CATUSDC,1838508.3,2026-05-26
binance,MINATRY,1836722.98,2026-05-26
binance,LAYERBTC,1836004.27,2026-05-26
binance,ADATUSD,1831521.9,2026-05-26
binance,LRCBNB,1819151.92,2026-05-26
binance,MCBNB,1808919.22,2026-05-26
binance,TREEBNB,1807171.6,2026-05-26
binance,ARBFDUSD,1806370.6,2026-05-26
binance,ALICEUSDT,1806128.53,2026-05-26
binance,OMGUSDT,1799285.0,2026-05-26
binance,BICOBUSD,1795450.06,2026-05-26
binance,VOXELETH,1789033.14,2026-05-26
binance,KERNELTRY,1780201.1,2026-05-26
binance,RENDERTRY,1779049.55,2026-05-26
binance,2ZBNB,1773847.0,2026-05-26
binance,REQUSDT,1766616.0,2026-05-26
binance,ICXUSDT,1762460.3,2026-05-26
binance,BATETH,1757738.0,2026-05-26
binance,RAREBRL,1756673.6,2026-05-26
binance,APETRY,1756213.356,2026-05-26
binance,HYPERFDUSD,1748253.1,2026-05-26
binance,ETHFITRY,1747197.8,2026-05-26
binance,REDTRY,1746850.6,2026-05-26
binance,CFXTRY,1746794.0,2026-05-26
binance,FETBTC,1737036.9,2026-05-26
binance,XRPBUSD,1722786.0,2026-05-26
binance,RUNEUSDT,1719968.1,2026-05-26
binance,THEFDUSD,1719840.8,2026-05-26
binance,IOBTC,1702926.42,2026-05-26
binance,SCRFDUSD,1694676.7,2026-05-26
binance,MMTBNB,1693592.0,2026-05-26
binance,BUSDUSDT,1691539.0,2026-05-26
binance,JTOTRY,1686740.1,2026-05-26
binance,EPICUSDT,1684448.2,2026-05-26
binance,SANDBIDR,1674014.78,2026-05-26
binance,ONGUSDT,1673797.0,2026-05-26
binance,ZROUSDT,1670147.75,2026-05-26
binance,FISBUSD,1663335.0,2026-05-26
binance,VIRTUALUSDC,1663038.8,2026-05-26
binance,DUSKBUSD,1658026.0,2026-05-26
binance,CRVUSDC,1644162.4,2026-05-26
binance,VOXELBNB,1643219.5,2026-05-26
binance,DOGEU,1639231.0,2026-05-26
binance,JSTBTC,1638453.0,2026-05-26
binance,OGNTRY,1635587.0,2026-05-26
binance,MATICBRL,1635369.1,2026-05-26
binance,ADATRY,1631283.2,2026-05-26
binance,GBPBUSD,1628848.2,2026-05-26
binance,ENJEUR,1626862.8,2026-05-26
binance,RADTRY,1622099.3,2026-05-26
binance,IOTAFDUSD,1621616.0,2026-05-26
binance,WCTFDUSD,1612354.5,2026-05-26
binance,POLSBUSD,1607283.2,2026-05-26
binance,ACTUSDC,1599973.2,2026-05-26
binance,ZRXUSDT,1599337.0,2026-05-26
binance,ARKMUSDC,1598531.8,2026-05-26
binance,GLMETH,1592812.0,2026-05-26
binance,AXSUSDT,1580683.95,2026-05-26
binance,ONTBTC,1577285.0,2026-05-26
binance,SXTUSDC,1577249.9,2026-05-26
binance,ACTBRL,1572654.4,2026-05-26
binance,ALGOBNB,1560201.0,2026-05-26
binance,SOLUSDT,1560098.476,2026-05-26
binance,BLZFDUSD,1552314.0,2026-05-26
binance,FILETH,1547150.15,2026-05-26
binance,MINABUSD,1539769.4,2026-05-26
binance,PUNDIXUSDC,1534835.4,2026-05-26
binance,SUSDC,1532169.4,2026-05-26
binance,SAPIENTRY,1528615.7,2026-05-26
binance,INITBNB,1527505.5,2026-05-26
binance,1INCHBUSD,1525962.3,2026-05-26
binance,KLAYBNB,1517760.0,2026-05-26
binance,BERAUSDC,1517042.953,2026-05-26
binance,AERGOUSDT,1511928.0,2026-05-26
binance,CAKEUSDT,1508800.45,2026-05-26
binance,ASTERUSDC,1507839.78,2026-05-26
binance,BNXBUSD,1492223.9,2026-05-26
binance,ENAEUR,1490183.8,2026-05-26
binance,NEBLBUSD,1489932.6,2026-05-26
binance,ARKMBTC,1479918.5,2026-05-26
binance,FDUSDBUSD,1478698.0,2026-05-26
binance,HARDBTC,1477900.0,2026-05-26
binance,BELUSDT,1476857.2,2026-05-26
binance,MAGICTRY,1472146.7,2026-05-26
binance,ARDRUSDT,1466404.0,2026-05-26
binance,MATICETH,1459701.3,2026-05-26
binance,WCTBNB,1459603.1,2026-05-26
binance,FORTHUSDT,1458656.09,2026-05-26
binance,EDUEUR,1457749.0,2026-05-26
binance,KAITOFDUSD,1456606.3,2026-05-26
binance,KNCUSDT,1448632.0,2026-05-26
binance,FTMFDUSD,1447466.0,2026-05-26
binance,NEWTTRY,1447386.1,2026-05-26
binance,ACXFDUSD,1446288.5,2026-05-26
binance,BUSDPLN,1445334.0,2026-05-26
binance,LISTABNB,1442743.8,2026-05-26
binance,DOGETUSD,1441468.0,2026-05-26
binance,FFFDUSD,1439228.4,2026-05-26
binance,MATICJPY,1432269.5,2026-05-26
binance,IOTATRY,1426891.3,2026-05-26
binance,GMTGBP,1426295.0,2026-05-26
binance,LOKABUSD,1425202.3,2026-05-26
binance,KITETRY,1421599.0,2026-05-26
binance,ORCAUSDT,1420662.27,2026-05-26
binance,ZRXBUSD,1419619.0,2026-05-26
binance,ARKBTC,1419007.9,2026-05-26
binance,CHESSBTC,1411627.3,2026-05-26
binance,TNSRFDUSD,1410200.5,2026-05-26
binance,ONTETH,1401481.0,2026-05-26
binance,CHRBNB,1400703.0,2026-05-26
binance,SUITRY,1398267.7,2026-05-26
binance,LINKUSDT,1397121.16,2026-05-26
binance,CFXTUSD,1395642.0,2026-05-26
binance,IOTAUSDC,1395295.0,2026-05-26
binance,SUSHIBTC,1390430.3,2026-05-26
binance,SAPIENUSDC,1388565.2,2026-05-26
binance,BANKUSDC,1376476.0,2026-05-26
binance,MTLBTC,1375538.3,2026-05-26
binance,PIVXUSDT,1373130.0,2026-05-26
binance,NILBNB,1365216.9,2026-05-26
binance,MATICFDUSD,1360750.3,2026-05-26
binance,LABNB,1356087.2,2026-05-26
binance,ALICETRY,1355644.049,2026-05-26
binance,NEBLUSDT,1354564.6,2026-05-26
binance,OPETH,1350741.96,2026-05-26
binance,NEWTBNB,1349251.8,2026-05-26
binance,AVAXUSDT,1341719.17,2026-05-26
binance,ADABUSD,1333751.0,2026-05-26
binance,MOVEUSDC,1327659.7,2026-05-26
binance,GMTBNB,1325538.8,2026-05-26
binance,MAVTUSD,1323985.0,2026-05-26
binance,AGLDBTC,1320728.3,2026-05-26
binance,HYPERBNB,1318386.1,2026-05-26
binance,BURGERBUSD,1313688.6,2026-05-26
binance,BLURTRY,1313309.5,2026-05-26
binance,HIVEFDUSD,1311982.0,2026-05-26
binance,WOOBNB,1311865.8,2026-05-26
binance,BMTUSDC,1310765.9,2026-05-26
binance,IOBNB,1304559.13,2026-05-26
binance,ADABIDR,1301076.2,2026-05-26
binance,HFTBUSD,1300085.9,2026-05-26
binance,XRPEUR,1299064.8,2026-05-26
binance,SUNTRY,1297974.0,2026-05-26
binance,SIGNFDUSD,1297611.0,2026-05-26
binance,INITFDUSD,1296871.5,2026-05-26
binance,MBOXBNB,1292181.4,2026-05-26
binance,ADAEUR,1287393.2,2026-05-26
binance,STRAXBUSD,1287296.8,2026-05-26
binance,MCUSDT,1286633.32,2026-05-26
binance,MCBUSD,1286179.42,2026-05-26
binance,FLUXBTC,1279256.88,2026-05-26
binance,GLMRBNB,1277746.5,2026-05-26
binance,ARBBTC,1277627.6,2026-05-26
binance,AGIXUSDT,1275587.0,2026-05-26
binance,PIXELBTC,1273406.7,2026-05-26
binance,TREEUSDC,1271936.4,2026-05-26
binance,STXFDUSD,1270004.8,2026-05-26
binance,TKOBUSD,1268234.5,2026-05-26
binance,WLDBTC,1267540.8,2026-05-26
binance,BELTRY,1265120.16,2026-05-26
binance,CATIFDUSD,1260627.1,2026-05-26
binance,ZBTUSDC,1260307.1,2026-05-26
binance,PUNDIXBUSD,1255876.1,2026-05-26
binance,ZBTBNB,1255273.2,2026-05-26
binance,SANDTRY,1249734.3,2026-05-26
binance,AETH,1247203.2,2026-05-26
binance,MAVUSDC,1238126.0,2026-05-26
binance,ONTUSDC,1235595.0,2026-05-26
binance,SOPHTRY,1235468.0,2026-05-26
binance,XLMTRY,1234534.0,2026-05-26
binance,EOSTRY,1232938.6,2026-05-26
binance,MATICTRY,1232915.5,2026-05-26
binance,XTZUSDT,1227315.9,2026-05-26
binance,CVPBUSD,1225641.4,2026-05-26
binance,JOEBUSD,1221960.01,2026-05-26
binance,FFUSDC,1221707.5,2026-05-26
binance,RAREUSDC,1219762.4,2026-05-26
binance,XRPJPY,1219418.6,2026-05-26
binance,NEBLBTC,1219315.1,2026-05-26
binance,SCRTBUSD,1214540.8,2026-05-26
binance,FIROUSDT,1208885.8,2026-05-26
binance,CETUSTRY,1207696.4,2026-05-26
binance,WIFBRL,1202032.0,2026-05-26
binance,STGBTC,1200781.9,2026-05-26
binance,CRVBUSD,1200590.5,2026-05-26
binance,COTITRY,1200385.0,2026-05-26
binance,ACETRY,1198891.4,2026-05-26
binance,ADAAUD,1194900.0,2026-05-26
binance,WLDFDUSD,1193204.8,2026-05-26
binance,ARUSDT,1189688.49,2026-05-26
binance,CFGUSDC,1184560.0,2026-05-26
binance,USDTMXN,1181265.0,2026-05-26
binance,EOSUSDT,1180284.8,2026-05-26
binance,ALPACAUSDT,1179708.9,2026-05-26
binance,DARBTC,1177101.0,2026-05-26
binance,FLOWBUSD,1172292.94,2026-05-26
binance,MEFDUSD,1167677.58,2026-05-26
binance,GLMUSDT,1165966.3,2026-05-26
binance,JOEUSDT,1162296.38,2026-05-26
binance,KITEUSDC,1158239.1,2026-05-26
binance,PROSBUSD,1155020.0,2026-05-26
binance,NILFDUSD,1152489.4,2026-05-26
binance,LITUSDT,1150064.5,2026-05-26
binance,CELOBUSD,1145068.6,2026-05-26
binance,SUIJPY,1140452.28,2026-05-26
binance,ARKBUSD,1134502.0,2026-05-26
binance,MBOXBUSD,1134110.4,2026-05-26
binance,MTLUSDT,1124920.0,2026-05-26
binance,SANDBRL,1123361.05,2026-05-26
binance,BLURFDUSD,1118400.4,2026-05-26
binance,FTMBTC,1113257.0,2026-05-26
binance,PROSETH,1111511.0,2026-05-26
binance,EURBUSD,1108607.6,2026-05-26
binance,SNXTRY,1108363.4,2026-05-26
binance,NEWTFDUSD,1106673.5,2026-05-26
binance,RAYUSDT,1105389.1,2026-05-26
binance,FETFDUSD,1104978.2,2026-05-26
binance,HIVEBUSD,1103493.0,2026-05-26
binance,FISBRL,1103128.3,2026-05-26
binance,TRXFDUSD,1102096.0,2026-05-26
binance,BUSDRON,1094865.0,2026-05-26
binance,EIGENBTC,1090000.58,2026-05-26
binance,XRPTUSD,1089739.2,2026-05-26
binance,ORDIUSDT,1087827.7,2026-05-26
binance,PSGTRY,1084910.4,2026-05-26
binance,RUNEETH,1084608.666,2026-05-26
binance,XRPFDUSD,1084258.2,2026-05-26
binance,POLYBTC,1083011.0,2026-05-26
binance,PUNDIXUSDT,1082868.9,2026-05-26
binance,THEBTC,1078421.6,2026-05-26
binance,SANDBUSD,1076328.0,2026-05-26
binance,CRVETH,1074487.56,2026-05-26
binance,DYDXUSDC,1070319.08,2026-05-26
binance,FRONTBUSD,1069503.0,2026-05-26
binance,DOGEGBP,1067180.0,2026-05-26
binance,BANDBTC,1064543.7,2026-05-26
binance,TKOBIDR,1061502.5,2026-05-26
binance,AGLDUSDT,1060054.3,2026-05-26
binance,STGUSDT,1057826.0,2026-05-26
binance,FLUXBUSD,1057548.89,2026-05-26
binance,SRMBTC,1055003.5,2026-05-26
binance,STORJBTC,1051455.0,2026-05-26
binance,XRPGBP,1048897.0,2026-05-26
binance,INJUSDC,1044530.88,2026-05-26
binance,ARKMRUB,1043132.0,2026-05-26
binance,YGGBUSD,1042061.0,2026-05-26
binance,XRPAUD,1040195.0,2026-05-26
binance,POWRUSDT,1039530.0,2026-05-26
binance,BDOTDOT,1037633.841,2026-05-26
binance,LOKABNB,1037187.8,2026-05-26
binance,TRXJPY,1036993.71,2026-05-26
binance,STGBUSD,1030053.2,2026-05-26
binance,AVNTUSDC,1028272.2,2026-05-26
binance,FFBNB,1024221.1,2026-05-26
binance,EOSBTC,1023859.8,2026-05-26
binance,FTMBNB,1022064.0,2026-05-26
binance,ENJBNB,1020176.0,2026-05-26
binance,LSKBTC,1019226.3,2026-05-26
binance,GMTBRL,1017498.7,2026-05-26
binance,USDCPLN,1013131.0,2026-05-26
binance,MOBBUSD,1012863.67,2026-05-26
binance,GHSTUSDT,1012047.0,2026-05-26
binance,INITTRY,1006259.8,2026-05-26
binance,ICPUSDC,1006242.22,2026-05-26
binance,JTOUSDC,1005309.1,2026-05-26
binance,ENAFDUSD,1004516.06,2026-05-26
binance,SANDETH,998662.7,2026-05-26
binance,PSGUSDT,998263.6,2026-05-26
binance,RLCUSDT,995615.1,2026-05-26
binance,STRAXETH,992437.2,2026-05-26
binance,BAKEBNB,978631.9,2026-05-26
binance,TURTLETRY,965247.4,2026-05-26
binance,XRPRUB,964621.0,2026-05-26
binance,FORMTRY,964262.1,2026-05-26
binance,SAPIENBNB,964164.1,2026-05-26
binance,SUIBTC,961605.2,2026-05-26
binance,ACMUSDT,960100.2,2026-05-26
binance,SNXBTC,957791.8,2026-05-26
binance,MATICBTC,957316.2,2026-05-26
binance,API3BTC,957046.72,2026-05-26
binance,SXPBUSD,956095.5,2026-05-26
binance,STOUSDC,947755.8,2026-05-26
binance,LDOBTC,947165.99,2026-05-26
binance,LUNABUSD,946490.39,2026-05-26
binance,DIAUSDT,942328.2,2026-05-26
binance,ENJBRL,939629.7,2026-05-26
binance,BNXBTC,938556.0,2026-05-26
binance,PUNDIXETH,937176.8,2026-05-26
binance,STORJTRY,937145.3,2026-05-26
binance,SOMIBNB,929109.1,2026-05-26
binance,HBARTRY,925139.0,2026-05-26
binance,SKYUSDC,923080.0,2026-05-26
binance,POLSUSDT,917240.7,2026-05-26
binance,CVPETH,914382.0,2026-05-26
binance,FTMETH,913401.4,2026-05-26
binance,AGIXBTC,911170.0,2026-05-26
binance,METUSDT,909442.8,2026-05-26
binance,MCBTC,907098.16,2026-05-26
binance,WINGUSDT,906940.49,2026-05-26
binance,XRPBIDR,897298.4,2026-05-26
binance,NFPTUSD,896488.0,2026-05-26
binance,WIFUSDC,894580.74,2026-05-26
binance,BUSDZAR,892088.0,2026-05-26
binance,CHZBTC,891850.0,2026-05-26
binance,IMXBTC,891133.31,2026-05-26
binance,ALPACABTC,889912.0,2026-05-26
binance,COCOSUSDT,889158.0,2026-05-26
binance,BUSDVAI,888945.1,2026-05-26
binance,TIABTC,887537.91,2026-05-26
binance,IDBNB,883993.0,2026-05-26
binance,KAIAUSDC,883409.6,2026-05-26
binance,XRPMXN,883139.8,2026-05-26
binance,BARUSDT,881358.35,2026-05-26
binance,INITUSDC,876654.2,2026-05-26
binance,USDTBIDR,874696.2,2026-05-26
binance,BURGERBNB,874653.1,2026-05-26
binance,ZKPUSDC,871562.7,2026-05-26
binance,FTMTRY,870135.17,2026-05-26
binance,NFPBNB,869281.0,2026-05-26
binance,PHBBTC,868699.4,2026-05-26
binance,2ZUSDC,861124.0,2026-05-26
binance,OMGBUSD,858377.4,2026-05-26
binance,CYBERUSDT,848481.41,2026-05-26
binance,MANTAFDUSD,847158.6,2026-05-26
binance,CYBERBNB,847081.81,2026-05-26
binance,SANDUSDC,842413.0,2026-05-26
binance,JUVUSDT,839922.14,2026-05-26
binance,DAIJPY,839780.595,2026-05-26
binance,FTMEUR,838392.0,2026-05-26
binance,USUALUSDC,835701.3,2026-05-26
binance,ADAGBP,833927.7,2026-05-26
binance,REDBTC,832251.4,2026-05-26
binance,WALTRY,825352.5,2026-05-26
binance,PARTIBNB,825301.8,2026-05-26
binance,HYPERUSDC,824090.3,2026-05-26
binance,CYBERFDUSD,820574.06,2026-05-26
binance,TUSDTRY,820171.0,2026-05-26
binance,IOFDUSD,819715.04,2026-05-26
binance,RLCETH,816411.9,2026-05-26
binance,LSKUSDT,815027.9,2026-05-26
binance,SIGNUSDC,813447.0,2026-05-26
binance,FTMBRL,812973.3,2026-05-26
binance,TOMOUSDT,811812.0,2026-05-26
binance,SYRUPTRY,810220.0,2026-05-26
binance,EDUBTC,803247.0,2026-05-26
binance,COWUSDT,801009.3,2026-05-26
binance,GNSUSDT,800146.77,2026-05-26
binance,KAVABTC,798685.3,2026-05-26
binance,币安人生TRY,793150.1,2026-05-26
binance,MASKUSDT,792558.7,2026-05-26
binance,AXLFDUSD,790388.58,2026-05-26
binance,LITBTC,789440.1,2026-05-26
binance,MANTATRY,785704.6,2026-05-26
binance,PYRBTC,785591.117,2026-05-26
binance,LISTABRL,783493.3,2026-05-26
binance,BANDUSDT,782663.5,2026-05-26
binance,IMXUSDC,780332.9,2026-05-26
binance,WANETH,775480.0,2026-05-26
binance,PERPUSDT,774608.56,2026-05-26
binance,SFPBTC,770434.0,2026-05-26
binance,ZENUSDT,766327.62,2026-05-26
binance,MTLTRY,756789.0,2026-05-26
binance,CATIBNB,753224.8,2026-05-26
binance,PNTBTC,752691.0,2026-05-26
binance,KDABUSD,751838.37,2026-05-26
binance,CTSIBNB,751171.0,2026-05-26
binance,ZBTFDUSD,749813.2,2026-05-26
binance,TWTUSDT,749305.0,2026-05-26
binance,LUNAUSDC,748713.63,2026-05-26
binance,CTKBNB,745549.2,2026-05-26
binance,VGXETH,745115.0,2026-05-26
binance,OPENUSDC,744807.5,2026-05-26
binance,VICBTC,744785.44,2026-05-26
binance,WCTUSDC,740989.1,2026-05-26
binance,币安人生USDC,740061.4,2026-05-26
binance,JOETRY,739038.1,2026-05-26
binance,STXBUSD,738056.4,2026-05-26
binance,XTZBNB,737404.8,2026-05-26
binance,XRPRLUSD,731823.5,2026-05-26
binance,VGXBTC,731685.7,2026-05-26
binance,VELODROMEUSDC,731341.3,2026-05-26
binance,PROVEFDUSD,727651.3,2026-05-26
binance,FDUSDTRY,726851.0,2026-05-26
binance,USDTVAI,725947.9,2026-05-26
binance,OSMOBUSD,725529.07,2026-05-26
binance,AGIXTRY,725427.0,2026-05-26
binance,TRXEUR,721868.0,2026-05-26
binance,IOTXJPY,717629.0,2026-05-26
binance,JUVUSDC,716979.01,2026-05-26
binance,WALUSDC,710682.9,2026-05-26
binance,TOMOTRY,705765.5,2026-05-26
binance,PROVETRY,703373.2,2026-05-26
binance,CYBERBTC,700352.67,2026-05-26
binance,HOLOTRY,685495.7,2026-05-26
binance,BNXBNB,685188.2,2026-05-26
binance,HAEDALTRY,679191.1,2026-05-26
binance,MAGICBUSD,678315.7,2026-05-26
binance,USDTZAR,672175.0,2026-05-26
binance,SOMITRY,671471.5,2026-05-26
binance,APEUSDC,669649.77,2026-05-26
binance,RUNETRY,669565.49,2026-05-26
binance,MATICTUSD,666066.0,2026-05-26
binance,BARDFDUSD,665437.4,2026-05-26
binance,SUIUSD1,665244.1,2026-05-26
binance,PARTIFDUSD,663619.4,2026-05-26
binance,BNTBUSD,659485.1,2026-05-26
binance,DOGEBRL,654993.0,2026-05-26
binance,HIVETRY,654659.0,2026-05-26
binance,MATICBUSD,653272.5,2026-05-26
binance,ADARUB,651837.7,2026-05-26
binance,THEUSDC,651320.3,2026-05-26
binance,OCEANTRY,650726.0,2026-05-26
binance,ALGOTRY,649390.4,2026-05-26
binance,BERABTC,649123.728,2026-05-26
binance,YGGUSDC,646825.0,2026-05-26
binance,OCEANUSDT,646661.0,2026-05-26
binance,MANABRL,646456.9,2026-05-26
binance,BELETH,642487.5,2026-05-26
binance,TUSDC,638743.5,2026-05-26
binance,ALICEBTC,636316.59,2026-05-26
binance,SKYBTC,634733.0,2026-05-26
binance,FRONTUSDT,632357.0,2026-05-26
binance,MEBTC,632284.65,2026-05-26
binance,UFTETH,629896.0,2026-05-26
binance,MINABNB,629546.9,2026-05-26
binance,REDUSDC,628978.8,2026-05-26
binance,STXBNB,626942.4,2026-05-26
binance,APTUSDC,624267.26,2026-05-26
binance,FTTBNB,618063.4,2026-05-26
binance,ENJUSDC,617448.2,2026-05-26
binance,CTKBUSD,616601.1,2026-05-26
binance,SANDFDUSD,612009.0,2026-05-26
binance,OSMOBTC,611695.67,2026-05-26
binance,SCRTRY,610887.7,2026-05-26
binance,AEVOBNB,608539.52,2026-05-26
binance,DIABUSD,607933.3,2026-05-26
binance,AUDUSDT,607479.0,2026-05-26
binance,SUSHIBUSD,606678.3,2026-05-26
binance,KNCBNB,603115.81,2026-05-26
binance,GMTAUD,602879.9,2026-05-26
binance,ENSOFDUSD,602415.73,2026-05-26
binance,THEBNB,600396.6,2026-05-26
binance,ARBETH,598484.3,2026-05-26
binance,OMGBTC,597457.9,2026-05-26
binance,ORNBUSD,595813.0,2026-05-26
binance,NEARJPY,595136.0,2026-05-26
binance,KAITOBTC,591630.9,2026-05-26
binance,SUIEUR,591221.1,2026-05-26
binance,THETAEUR,591167.5,2026-05-26
binance,UMABTC,590147.0,2026-05-26
binance,NTRNBTC,589326.3,2026-05-26
binance,KNCBUSD,588786.0,2026-05-26
binance,FRONTTRY,588404.5,2026-05-26
binance,DOTUSDC,586720.18,2026-05-26
binance,SANTOSUSDT,585286.05,2026-05-26
binance,RUNEGBP,582950.2,2026-05-26
binance,THETAFDUSD,580087.6,2026-05-26
binance,FRONTUSDC,579321.4,2026-05-26
binance,ADABTC,578695.2,2026-05-26
binance,COCOSTRY,577629.38,2026-05-26
binance,PENDLEUSDC,577324.2,2026-05-26
binance,DIABTC,576187.3,2026-05-26
binance,OPENTRY,575531.8,2026-05-26
binance,STXUSDC,574801.7,2026-05-26
binance,CATIBRL,574680.7,2026-05-26
binance,VANAUSDT,571845.25,2026-05-26
binance,LAFDUSD,571268.2,2026-05-26
binance,BELBUSD,569376.8,2026-05-26
binance,PERPBUSD,569156.07,2026-05-26
binance,CVCUSDC,566495.0,2026-05-26
binance,OPNTRY,566440.1,2026-05-26
binance,FTTETH,566422.536,2026-05-26
binance,BLURUSDC,564579.6,2026-05-26
binance,SFPBUSD,563397.0,2026-05-26
binance,ADAFDUSD,561942.2,2026-05-26
binance,USDTARS,560373.0,2026-05-26
binance,RDNTTUSD,559713.0,2026-05-26
binance,FXSUSDT,558461.2,2026-05-26
binance,ENSOUSDT,557914.54,2026-05-26
binance,JUPTRY,556809.0,2026-05-26
binance,KAVABUSD,556641.0,2026-05-26
binance,MATICGBP,552506.1,2026-05-26
binance,ASTERTRY,548565.16,2026-05-26
binance,USDTRON,548371.0,2026-05-26
binance,POLTRY,547002.4,2026-05-26
binance,LITBUSD,546421.7,2026-05-26
binance,PERPBTC,546277.78,2026-05-26
binance,KAITOTRY,544714.1,2026-05-26
binance,EOSUSDC,544648.4,2026-05-26
binance,XTZBUSD,543733.0,2026-05-26
binance,BURGERETH,542703.54,2026-05-26
binance,SHELLUSDC,541012.0,2026-05-26
binance,MEGAU,540744.8,2026-05-26
binance,AVABUSD,540265.2,2026-05-26
binance,PHBBUSD,537500.0,2026-05-26
binance,MANATRY,537469.5,2026-05-26
binance,GMTBUSD,534596.6,2026-05-26
binance,LITETH,531027.0,2026-05-26
binance,XTZETH,530737.37,2026-05-26
binance,BERAFDUSD,529577.678,2026-05-26
binance,BERATRY,527037.888,2026-05-26
binance,MIRABNB,525464.2,2026-05-26
binance,BNXTRY,525383.9,2026-05-26
binance,REDFDUSD,523783.4,2026-05-26
binance,PROVEUSDC,520546.3,2026-05-26
binance,LQTYUSDT,517443.3,2026-05-26
binance,BARDTRY,517267.3,2026-05-26
binance,IMXBNB,516649.02,2026-05-26
binance,CYBERETH,514767.21,2026-05-26
binance,AGIXFDUSD,513900.0,2026-05-26
binance,XAIBNB,512826.4,2026-05-26
binance,CITYUSDT,512600.22,2026-05-26
binance,DOLOUSDC,512300.6,2026-05-26
binance,LAYERUSDC,511190.06,2026-05-26
binance,COCOSBUSD,507808.0,2026-05-26
binance,HBARBTC,506115.0,2026-05-26
binance,MATICBIDR,505124.6,2026-05-26
binance,ASRUSDT,503462.7,2026-05-26
binance,USDTCZK,501611.0,2026-05-26
binance,GALUSDT,500864.042,2026-05-26
binance,XAIUSDC,500756.2,2026-05-26
binance,KAITOUSDC,498259.4,2026-05-26
binance,BTCSTBUSD,494604.4,2026-05-26
binance,MATICRUB,494469.1,2026-05-26
binance,EOSEUR,491496.5,2026-05-26
binance,EIGENFDUSD,489163.58,2026-05-26
binance,AFDUSD,489103.9,2026-05-26
binance,PROVEBNB,487000.7,2026-05-26
binance,SANDAUD,482520.0,2026-05-26
binance,XNOETH,481207.7,2026-05-26
binance,FTTUSDT,480798.04,2026-05-26
binance,EURIUSDT,480099.2,2026-05-26
binance,SCRTETH,478354.0,2026-05-26
binance,AEVOUSDC,477885.61,2026-05-26
binance,ORNUSDT,477794.0,2026-05-26
binance,MIRAUSDC,477343.9,2026-05-26
binance,TRXETH,474976.0,2026-05-26
binance,XNOBUSD,474284.48,2026-05-26
binance,XLMBTC,473877.0,2026-05-26
binance,OCEANBNB,472135.0,2026-05-26
binance,LAZIOUSDT,470636.47,2026-05-26
binance,FTTBUSD,469445.85,2026-05-26
binance,BARDBNB,469291.9,2026-05-26
binance,BUSDTRY,466723.0,2026-05-26
binance,THETAUSDC,464431.5,2026-05-26
binance,INJTRY,464221.92,2026-05-26
binance,THETABUSD,460526.6,2026-05-26
binance,GALEUR,459372.218,2026-05-26
binance,WCTTRY,458313.7,2026-05-26
binance,FTMRUB,457823.7,2026-05-26
binance,GHSTETH,456152.0,2026-05-26
binance,EOSBUSD,455348.7,2026-05-26
binance,ARKMTUSD,455130.5,2026-05-26
binance,EURAEUR,454168.8,2026-05-26
binance,ALICEBIDR,453162.16,2026-05-26
binance,FLOWBNB,452954.68,2026-05-26
binance,RADBTC,452348.4,2026-05-26
binance,TIAFDUSD,451907.62,2026-05-26
binance,TWTBUSD,448821.0,2026-05-26
binance,MANTABNB,448506.8,2026-05-26
binance,AVAUSDT,447230.2,2026-05-26
binance,TIAIDR,444609.57,2026-05-26
binance,MATICAUD,443380.4,2026-05-26
binance,TNSRUSDC,442291.3,2026-05-26
binance,FILUSDC,441869.76,2026-05-26
binance,ALGOBTC,441731.0,2026-05-26
binance,PORTOUSDT,438650.42,2026-05-26
binance,ALLOUSDC,438172.5,2026-05-26
binance,TORNBUSD,437105.81,2026-05-26
binance,RAYFDUSD,436482.7,2026-05-26
binance,WAVESUSDT,435097.68,2026-05-26
binance,AXSETH,434992.118,2026-05-26
binance,BNXUSDT,433970.9,2026-05-26
binance,FRONTTUSD,432555.0,2026-05-26
binance,XAITUSD,430674.0,2026-05-26
binance,PROMUSDT,429488.26,2026-05-26
binance,NXPCTRY,427451.1,2026-05-26
binance,KGSTU,422799.0,2026-05-26
binance,BELBNB,422053.7,2026-05-26
binance,TKOBTC,421832.5,2026-05-26
binance,IMXBUSD,418453.56,2026-05-26
binance,DUSKBTC,417843.0,2026-05-26
binance,HIFIETH,416319.8,2026-05-26
binance,WAVESBTC,412440.43,2026-05-26
binance,AUDBUSD,412067.0,2026-05-26
binance,APEEUR,411936.15,2026-05-26
binance,COMBOBNB,410606.2,2026-05-26
binance,NEXOBUSD,410593.52,2026-05-26
binance,MIRAFDUSD,409982.4,2026-05-26
binance,YBBNB,409470.6,2026-05-26
binance,COCOSBNB,407128.0,2026-05-26
binance,SEUR,407123.7,2026-05-26
binance,2ZTRY,405150.0,2026-05-26
binance,FRAXUSDT,403094.3,2026-05-26
binance,WAVESTRY,402674.543,2026-05-26
binance,OCEANBTC,399752.0,2026-05-26
binance,BARTRY,398134.3,2026-05-26
binance,FETBRL,397521.9,2026-05-26
binance,TURTLEUSDC,396928.4,2026-05-26
binance,HNTBUSD,396825.95,2026-05-26
binance,MULTIUSDT,395753.038,2026-05-26
binance,KAVAETH,395706.52,2026-05-26
binance,BNXUSDC,393136.9,2026-05-26
binance,USDTRUB,392622.0,2026-05-26
binance,BERABNB,392538.001,2026-05-26
binance,EOSETH,391642.7,2026-05-26
binance,MANABIDR,391477.27,2026-05-26
binance,KATU,388531.0,2026-05-26
binance,0GUSDC,388097.78,2026-05-26
binance,NEARBTC,388062.1,2026-05-26
binance,SANTOSTRY,386772.22,2026-05-26
binance,GHSTBUSD,385632.6,2026-05-26
binance,USDTNGN,385539.7,2026-05-26
binance,HOOKBUSD,385172.3,2026-05-26
binance,TRUMPTRY,383571.079,2026-05-26
binance,HIVEUSDC,383245.0,2026-05-26
binance,APEETH,381624.394,2026-05-26
binance,GALBUSD,381255.412,2026-05-26
binance,CAKEBUSD,379039.43,2026-05-26
binance,LPTTRY,376139.21,2026-05-26
binance,WAVESETH,374572.18,2026-05-26
binance,POLSBNB,373927.9,2026-05-26
binance,WLDEUR,373673.3,2026-05-26
binance,EOSBNB,371406.28,2026-05-26
binance,ZKCUSDC,370798.5,2026-05-26
binance,SFPUSDT,370403.0,2026-05-26
binance,RUNEUSDC,370160.0,2026-05-26
binance,TWTBTC,369587.0,2026-05-26
binance,FTTBTC,368274.74,2026-05-26
binance,ZILIDR,366604.0,2026-05-26
binance,ERNBUSD,364225.0,2026-05-26
binance,XLMEUR,364179.0,2026-05-26
binance,THETAETH,362844.9,2026-05-26
binance,LDOTRY,360269.95,2026-05-26
binance,NEXOUSDT,359285.74,2026-05-26
binance,YBUSDC,355069.7,2026-05-26
binance,QTUMETH,354110.5,2026-05-26
binance,HOOKBNB,353969.8,2026-05-26
binance,OMGETH,351567.3,2026-05-26
binance,MINAUSDC,351502.6,2026-05-26
binance,SUSHIBNB,351400.4,2026-05-26
binance,API3BUSD,348415.75,2026-05-26
binance,ETHFIFDUSD,348332.5,2026-05-26
binance,SANDBNB,346230.0,2026-05-26
binance,WALBNB,346167.4,2026-05-26
binance,XNOUSDT,345956.35,2026-05-26
binance,OPBUSD,345828.24,2026-05-26
binance,MANTAUSDC,344928.7,2026-05-26
binance,ZROBTC,344196.08,2026-05-26
binance,KNCETH,343725.1,2026-05-26
binance,ETHFIBNB,342767.4,2026-05-26
binance,MTLETH,342471.0,2026-05-26
binance,SEITUSD,339145.5,2026-05-26
binance,POLFDUSD,339061.7,2026-05-26
binance,BONDUSDT,338710.59,2026-05-26
binance,OMNITRY,338248.22,2026-05-26
binance,UMAUSDT,336590.8,2026-05-26
binance,NEAREUR,335893.2,2026-05-26
binance,APEBUSD,335471.81,2026-05-26
binance,SOPHFDUSD,333636.0,2026-05-26
binance,POLSBTC,332915.0,2026-05-26
binance,HBARBNB,332502.0,2026-05-26
binance,KAVABNB,330645.4,2026-05-26
binance,BREVTRY,328404.1,2026-05-26
binance,CYBERTRY,326995.92,2026-05-26
binance,CTKBTC,324476.7,2026-05-26
binance,QTUMUSDT,324050.7,2026-05-26
binance,RADBUSD,323766.6,2026-05-26
binance,GALETH,323010.1,2026-05-26
binance,ATOMUSDC,318854.38,2026-05-26
binance,ALICEBUSD,318736.38,2026-05-26
binance,LSKBUSD,318508.4,2026-05-26
binance,CELOTRY,316882.8,2026-05-26
binance,NEARFDUSD,314943.7,2026-05-26
binance,MTLBUSD,314254.6,2026-05-26
binance,EPICUSDC,314165.2,2026-05-26
binance,FUSDC,312774.0,2026-05-26
binance,WAVESBNB,311910.43,2026-05-26
binance,NIGHTU,309054.0,2026-05-26
binance,ETHFIUSDC,308332.5,2026-05-26
binance,THETABNB,307777.1,2026-05-26
binance,ALPINETRY,307061.65,2026-05-26
binance,FRONTBTC,307000.5,2026-05-26
binance,ARBRUB,305267.8,2026-05-26
binance,SYNBTC,305145.0,2026-05-26
binance,RUNEBNB,303077.6,2026-05-26
binance,MORPHOUSDC,300149.31,2026-05-26
binance,MOVRUSDT,300040.916,2026-05-26
binance,CATIUSDC,300033.3,2026-05-26
binance,DASHUSDT,298881.519,2026-05-26
binance,VIRTUALTRY,297377.08,2026-05-26
binance,ERNUSDT,297375.7,2026-05-26
binance,USDTCOP,295297.0,2026-05-26
binance,SEIJPY,295184.0,2026-05-26
binance,SUITUSD,293638.9,2026-05-26
binance,IOTABTC,293600.0,2026-05-26
binance,CAKEGBP,292835.09,2026-05-26
binance,TKOIDR,291797.1,2026-05-26
binance,USDEUSDC,291056.0,2026-05-26
binance,ORNBTC,290522.4,2026-05-26
binance,ALPINEUSDT,289259.48,2026-05-26
binance,LDOBUSD,289159.41,2026-05-26
binance,ETHFIBTC,288930.4,2026-05-26
binance,COTIUSDC,288737.0,2026-05-26
binance,UNFIUSDT,287970.0,2026-05-26
binance,LAZIOBUSD,287115.64,2026-05-26
binance,WAVESEUR,285812.4,2026-05-26
binance,BNTUSDT,284831.5,2026-05-26
binance,BANDBUSD,283083.6,2026-05-26
binance,DEGOBUSD,282713.36,2026-05-26
binance,AXLBTC,281338.82,2026-05-26
binance,APEBNB,281223.485,2026-05-26
binance,OMNIUSDT,281147.77,2026-05-26
binance,STEEMUSDC,280007.8,2026-05-26
binance,ALICEBNB,279843.95,2026-05-26
binance,ALPINEBUSD,279298.11,2026-05-26
binance,NEARRUB,279242.165,2026-05-26
binance,ADABRL,278821.2,2026-05-26
binance,API3USDC,278398.33,2026-05-26
binance,BADGERBTC,277014.65,2026-05-26
binance,NEARETH,276727.746,2026-05-26
binance,XNOBTC,276573.9,2026-05-26
binance,ADXBTC,276439.0,2026-05-26
binance,APTTRY,275884.87,2026-05-26
binance,RAYUSDC,275023.6,2026-05-26
binance,PENDLEFDUSD,274128.5,2026-05-26
binance,TRUMPUSDC,274031.29,2026-05-26
binance,KERNELUSDC,273080.8,2026-05-26
binance,KAITOBRL,271121.4,2026-05-26
binance,LAUSDC,270358.9,2026-05-26
binance,HEIUSDC,270133.6,2026-05-26
binance,TOMOBTC,269026.8,2026-05-26
binance,THETATRY,268225.4,2026-05-26
binance,GTCBUSD,267659.5,2026-05-26
binance,BREVUSDC,266810.3,2026-05-26
binance,RUNEFDUSD,265200.2,2026-05-26
binance,STXTRY,264521.2,2026-05-26
binance,AGLDBUSD,263381.3,2026-05-26
binance,BNTETH,263070.3,2026-05-26
binance,UMABUSD,262115.9,2026-05-26
binance,TONBTC,261975.32,2026-05-26
binance,LQTYBTC,260971.2,2026-05-26
binance,XTZUSDC,260670.3,2026-05-26
binance,ACMTRY,260115.43,2026-05-26
binance,MORPHOTRY,258932.93,2026-05-26
binance,WALFDUSD,257962.2,2026-05-26
binance,ARKUSDT,255762.0,2026-05-26
binance,SOLUSDC,252161.041,2026-05-26
binance,LINKUSDC,250186.21,2026-05-26
binance,UNIUSDC,249809.76,2026-05-26
binance,LSKETH,249310.9,2026-05-26
binance,XRPU,248312.1,2026-05-26
binance,QTUMBTC,248222.5,2026-05-26
binance,OPBNB,247976.1,2026-05-26
binance,MANTAIDR,247299.91,2026-05-26
binance,PYTHBTC,244918.7,2026-05-26
binance,WLDU,244880.3,2026-05-26
binance,SNXBUSD,244167.0,2026-05-26
binance,NEARBUSD,241731.5,2026-05-26
binance,NEOBTC,241411.18,2026-05-26
binance,FIROBUSD,241114.3,2026-05-26
binance,BALUSDT,239235.66,2026-05-26
binance,PORTOBUSD,238732.4,2026-05-26
binance,WAVESBUSD,237828.56,2026-05-26
binance,NEWTUSDC,237448.6,2026-05-26
binance,UNFITRY,236412.46,2026-05-26
binance,RENDERFDUSD,235977.58,2026-05-26
binance,RUNEBUSD,233998.1,2026-05-26
binance,RNDRUSDT,233254.93,2026-05-26
binance,BADGERUSDT,232079.55,2026-05-26
binance,SCRIDR,231738.4,2026-05-26
binance,LTCUSDT,230420.359,2026-05-26
binance,SOPHUSDC,230071.0,2026-05-26
binance,SUPERFDUSD,229957.0,2026-05-26
binance,LISTATRY,229434.7,2026-05-26
binance,GALBNB,229292.827,2026-05-26
binance,NEXOBTC,228478.73,2026-05-26
binance,DEXEUSDT,228221.35,2026-05-26
binance,APEAUD,228033.4,2026-05-26
binance,GALBRL,227731.6,2026-05-26
binance,SUPERBTC,226319.0,2026-05-26
binance,MEUSDC,226139.29,2026-05-26
binance,ACMBUSD,225970.1,2026-05-26
binance,KNCBTC,224725.6,2026-05-26
binance,OMNIUSDC,224350.39,2026-05-26
binance,HIGHBUSD,223250.831,2026-05-26
binance,ZECUSDT,221106.196,2026-05-26
binance,IMXTRY,219600.38,2026-05-26
binance,SNXUSDC,217976.3,2026-05-26
binance,XRPETH,216675.3,2026-05-26
binance,ORCATRY,216490.2,2026-05-26
binance,CHIPU,214687.0,2026-05-26
binance,MORPHOBNB,214376.24,2026-05-26
binance,XLMJPY,211794.9,2026-05-26
binance,DOTBRL,211362.97,2026-05-26
binance,ADAETH,210843.6,2026-05-26
binance,DOTBTC,210390.73,2026-05-26
binance,POLBRL,209906.5,2026-05-26
binance,MAGICFDUSD,209535.1,2026-05-26
binance,PENDLETRY,208876.0,2026-05-26
binance,MASKBNB,207874.9,2026-05-26
binance,SANTOSBUSD,207122.65,2026-05-26
binance,TRXXRP,202652.6,2026-05-26
binance,ZKPTRY,202578.4,2026-05-26
binance,0GFDUSD,200681.71,2026-05-26
binance,LDOUSDC,199986.39,2026-05-26
binance,ATRY,199271.9,2026-05-26
binance,RADBNB,196334.9,2026-05-26
binance,ORDITRY,195923.36,2026-05-26
binance,HIGHBNB,195163.82,2026-05-26
binance,USDTPLN,195037.0,2026-05-26
binance,RONINFDUSD,194785.29,2026-05-26
binance,FETJPY,194440.47,2026-05-26
binance,CRVTRY,192021.1,2026-05-26
binance,EOSFDUSD,191223.5,2026-05-26
binance,SIGNBNB,191217.0,2026-05-26
binance,ENSOTRY,190245.88,2026-05-26
binance,RENDERBTC,188972.68,2026-05-26
binance,HNTUSDT,186891.97,2026-05-26
binance,ORCAUSDC,186623.91,2026-05-26
binance,ICPTRY,185858.74,2026-05-26
binance,FILTRY,185663.338,2026-05-26
binance,AITUSD,185491.3,2026-05-26
binance,CREAMUSDT,184081.172,2026-05-26
binance,LAZIOEUR,183909.25,2026-05-26
binance,SUIFDUSD,183323.6,2026-05-26
binance,EDUBNB,183042.0,2026-05-26
binance,AXSBNB,182495.41,2026-05-26
binance,ERNBNB,181108.7,2026-05-26
binance,WLDRUB,181102.9,2026-05-26
binance,DOGEIDR,180608.0,2026-05-26
binance,PORTOEUR,180501.05,2026-05-26
binance,GBPUSDT,180121.0,2026-05-26
binance,HOOKBTC,179272.0,2026-05-26
binance,RNDRBUSD,178054.59,2026-05-26
binance,ATMUSDT,177933.45,2026-05-26
binance,EULFDUSD,177426.72,2026-05-26
binance,ACXTRY,176563.6,2026-05-26
binance,BANDTRY,175274.0,2026-05-26
binance,OGUSDT,174708.4,2026-05-26
binance,FORMUSDC,173605.3,2026-05-26
binance,APEGBP,171944.51,2026-05-26
binance,EULUSDT,170696.94,2026-05-26
binance,GALTRY,170034.864,2026-05-26
binance,FXSBTC,169852.8,2026-05-26
binance,BANANAFDUSD,169685.41,2026-05-26
binance,MULTIBUSD,169218.31,2026-05-26
binance,ORDIFDUSD,168808.03,2026-05-26
binance,IDTUSD,168027.0,2026-05-26
binance,XRPBRL,167676.7,2026-05-26
binance,RENDEREUR,167076.4,2026-05-26
binance,ETCUSDT,166592.61,2026-05-26
binance,KAITOBNB,164262.5,2026-05-26
binance,JUVBUSD,164007.7,2026-05-26
binance,NXPCBNB,163743.7,2026-05-26
binance,ATOMETH,162904.158,2026-05-26
binance,RNDRBTC,162508.06,2026-05-26
binance,RNDRTRY,161974.4,2026-05-26
binance,TRXDOWNUSDT,160536.28,2026-05-26
binance,CAKETUSD,160217.32,2026-05-26
binance,ATMBTC,160029.86,2026-05-26
binance,ATMBUSD,159803.83,2026-05-26
binance,SKYTRY,159734.0,2026-05-26
binance,ALPINEEUR,159581.3,2026-05-26
binance,DYDXBUSD,159108.04,2026-05-26
binance,LQTYFDUSD,158330.8,2026-05-26
binance,ETHUSDT,157925.3577,2026-05-26
binance,ERABNB,157694.2,2026-05-26
binance,TAOUSDT,157600.4298,2026-05-26
binance,BARBUSD,156574.83,2026-05-26
binance,ASRBUSD,154765.4,2026-05-26
binance,TOMOBUSD,153355.8,2026-05-26
binance,MAGICUSDC,151178.8,2026-05-26
binance,0GBNB,150802.77,2026-05-26
binance,ZROUSDC,149561.35,2026-05-26
binance,NXPCFDUSD,148898.4,2026-05-26
binance,SUSHITRY,147698.4,2026-05-26
binance,GALBTC,147038.828,2026-05-26
binance,METTRY,146883.1,2026-05-26
binance,BNBU,145904.911,2026-05-26
binance,RUNEEUR,145182.3,2026-05-26
binance,JUVTRY,145131.7,2026-05-26
binance,BADGERBUSD,143608.4,2026-05-26
binance,FORTHBUSD,143318.34,2026-05-26
binance,DYMBTC,143230.6,2026-05-26
binance,DOTEUR,141180.09,2026-05-26
binance,BNBUSDT,140958.366,2026-05-26
binance,GASUSDT,140947.5,2026-05-26
binance,SSVBTC,140831.02,2026-05-26
binance,ARUSDC,140554.1,2026-05-26
binance,OMNIFDUSD,140266.15,2026-05-26
binance,JUVBTC,140070.8,2026-05-26
binance,HAEDALUSDC,139158.9,2026-05-26
binance,OMNIBTC,138856.43,2026-05-26
binance,FILBNB,138710.15,2026-05-26
binance,UNFIBTC,137750.2,2026-05-26
binance,BNTBTC,137278.7,2026-05-26
binance,ACEBTC,136408.9,2026-05-26
binance,ACEFDUSD,135806.3,2026-05-26
binance,BARDUSDC,134346.0,2026-05-26
binance,RAYBNB,134230.8,2026-05-26
binance,VANAFDUSD,133859.31,2026-05-26
binance,TRUMPEUR,133572.046,2026-05-26
binance,TONFDUSD,133389.52,2026-05-26
binance,OGBUSD,133064.3,2026-05-26
binance,PSGBUSD,132931.62,2026-05-26
binance,HOLOUSDC,132586.3,2026-05-26
binance,GTCBTC,131945.0,2026-05-26
binance,TRXBNB,131494.0,2026-05-26
binance,MASKBUSD,131453.9,2026-05-26
binance,DOTBUSD,131310.35,2026-05-26
binance,XLMETH,131303.0,2026-05-26
binance,POLBTC,130790.0,2026-05-26
binance,AVAXTRY,130388.02,2026-05-26
binance,CITYTRY,129861.06,2026-05-26
binance,HIGHBTC,128755.105,2026-05-26
binance,AVAXUSDC,127764.3,2026-05-26
binance,DYMFDUSD,127477.2,2026-05-26
binance,INJBNB,126752.28,2026-05-26
binance,SYNUSDC,126262.2,2026-05-26
binance,SNXETH,126146.3,2026-05-26
binance,QTUMBUSD,125833.4,2026-05-26
binance,ZROTRY,125519.31,2026-05-26
binance,OPNUSDC,125200.8,2026-05-26
binance,CAKEUSDC,125187.23,2026-05-26
binance,ACXUSDC,125086.0,2026-05-26
binance,TWTUSDC,124596.0,2026-05-26
binance,SOLUSD1,123760.892,2026-05-26
binance,RNDRFDUSD,123726.21,2026-05-26
binance,CITYBNB,123700.01,2026-05-26
binance,ORDIBTC,123661.96,2026-05-26
binance,MORPHOFDUSD,123262.35,2026-05-26
binance,POLBNB,123037.5,2026-05-26
binance,UMATRY,122713.28,2026-05-26
binance,MOVRBTC,122138.323,2026-05-26
binance,LISTAUSDC,121809.4,2026-05-26
binance,BTCSTUSDT,121233.48,2026-05-26
binance,ASRBTC,120189.3,2026-05-26
binance,ORCAFDUSD,120160.49,2026-05-26
binance,BONDETH,120120.718,2026-05-26
binance,OGBTC,119334.6,2026-05-26
binance,AXSAUD,118796.11,2026-05-26
binance,DEGOBTC,118718.66,2026-05-26
binance,0GTRY,116510.1,2026-05-26
binance,CITYBUSD,116321.73,2026-05-26
binance,BALBTC,116258.28,2026-05-26
binance,TORNUSDT,115850.15,2026-05-26
binance,PORTOBTC,113020.14,2026-05-26
binance,ICPBUSD,112269.85,2026-05-26
binance,BALBUSD,109687.48,2026-05-26
binance,TRUMPBRL,109650.09,2026-05-26
binance,PROMBUSD,109569.72,2026-05-26
binance,USDSUSDT,109328.0,2026-05-26
binance,XLMFDUSD,108691.0,2026-05-26
binance,USDCIDR,108124.96,2026-05-26
binance,NEOUSDT,106889.46,2026-05-26
binance,DOTBIDR,105230.68,2026-05-26
binance,STXBTC,104598.6,2026-05-26
binance,LPTBNB,104365.65,2026-05-26
binance,DOTAUD,104218.71,2026-05-26
binance,DEXEETH,104201.39,2026-05-26
binance,ONGBTC,103190.0,2026-05-26
binance,MLNUSDT,101875.369,2026-05-26
binance,TRXU,101048.8,2026-05-26
binance,INJETH,100984.05,2026-05-26
binance,APEBRL,100839.7,2026-05-26
binance,COMPUSDT,100053.238,2026-05-26
binance,UNIBUSD,99831.69,2026-05-26
binance,REPUSDT,99565.06,2026-05-26
binance,NEARBNB,99438.0,2026-05-26
binance,LINKAUD,99124.7,2026-05-26
binance,BIGTIMEUSDC,99104.0,2026-05-26
binance,METISUSDT,97951.309,2026-05-26
binance,DOTGBP,97031.33,2026-05-26
binance,CVXBUSD,96987.246,2026-05-26
binance,ANTBTC,96573.7,2026-05-26
binance,MOVRBUSD,96331.85,2026-05-26
binance,XTZTRY,95739.5,2026-05-26
binance,ZENUSDC,95717.67,2026-05-26
binance,ICPFDUSD,95235.46,2026-05-26
binance,YBFDUSD,94713.2,2026-05-26
binance,APTBTC,92735.91,2026-05-26
binance,PROMBNB,92137.94,2026-05-26
binance,RAYTRY,91450.4,2026-05-26
binance,ORDIUSDC,91277.76,2026-05-26
binance,FIROBTC,91145.6,2026-05-26
binance,ARFDUSD,90773.4,2026-05-26
binance,ENSUSDT,89864.9,2026-05-26
binance,ETHUSDC,89864.4998,2026-05-26
binance,SNXBNB,88392.8,2026-05-26
binance,UNIBNB,88310.95,2026-05-26
binance,ARBUSD,88008.66,2026-05-26
binance,JUPFDUSD,87887.7,2026-05-26
binance,ENSBTC,86993.54,2026-05-26
binance,AXSUSDC,86857.28,2026-05-26
binance,INJBTC,86694.8,2026-05-26
binance,UNFIETH,86398.59,2026-05-26
binance,RUNETUSD,85489.6,2026-05-26
binance,BIOU,85480.1,2026-05-26
binance,PORTOTRY,84456.07,2026-05-26
binance,AXSBUSD,83545.27,2026-05-26
binance,SBTC,83330.2,2026-05-26
binance,AAVEUSDT,82866.799,2026-05-26
binance,SSVETH,82836.47,2026-05-26
binance,AUCTIONBTC,82745.48,2026-05-26
binance,THETABTC,82528.8,2026-05-26
binance,CHIPUSD1,82503.0,2026-05-26
binance,PYRBUSD,82231.642,2026-05-26
binance,NXPCUSDC,82046.6,2026-05-26
binance,ATUSDC,81995.8,2026-05-26
binance,USDCRON,81332.0,2026-05-26
binance,SOLFDUSD,81142.408,2026-05-26
binance,CVXUSDT,80483.879,2026-05-26
binance,LAZIOTRY,80321.94,2026-05-26
binance,AUCTIONBUSD,79831.35,2026-05-26
binance,FETU,79027.5,2026-05-26
binance,USDTKZT,79000.623,2026-05-26
binance,ILVBTC,78590.196,2026-05-26
binance,UNIEUR,77207.23,2026-05-26
binance,SUIU,76446.5,2026-05-26
binance,LDOTUSD,76232.33,2026-05-26
binance,WINGBTC,75666.43,2026-05-26
binance,NIGHTBNB,75230.0,2026-05-26
binance,APTBUSD,75110.21,2026-05-26
binance,BONDBTC,75015.06,2026-05-26
binance,KSMUSDT,74653.884,2026-05-26
binance,ATOMTRY,74626.403,2026-05-26
binance,ANTUSDT,74121.7,2026-05-26
binance,GASBUSD,73510.8,2026-05-26
binance,ASRTRY,73034.4,2026-05-26
binance,BONDBUSD,72984.12,2026-05-26
binance,BANANABTC,72671.919,2026-05-26
binance,RNDREUR,72170.61,2026-05-26
binance,DEXEBUSD,70818.25,2026-05-26
binance,DOTTRY,70644.62,2026-05-26
binance,ICPETH,70381.241,2026-05-26
binance,SSVUSDT,70349.473,2026-05-26
binance,CYBERTUSD,70134.25,2026-05-26
binance,ENJU,70078.0,2026-05-26
binance,FORTHBTC,69438.5,2026-05-26
binance,HNTBTC,69127.45,2026-05-26
binance,XRPBNB,68810.2,2026-05-26
binance,ALPINEBTC,68461.92,2026-05-26
binance,DOTTUSD,68277.83,2026-05-26
binance,USDCCZK,67939.0,2026-05-26
binance,LINKBUSD,67877.09,2026-05-26
binance,AUSDC,67476.9,2026-05-26
binance,SANTOSBRL,66817.29,2026-05-26
binance,AUCTIONUSDT,66795.46,2026-05-26
binance,OPTUSD,66727.39,2026-05-26
binance,FILBUSD,66526.18,2026-05-26
binance,ENSOUSDC,66287.78,2026-05-26
binance,WINGBUSD,66050.41,2026-05-26
binance,CELOBTC,65902.4,2026-05-26
binance,ARTRY,65026.7,2026-05-26
binance,EDUTUSD,64824.0,2026-05-26
binance,TORNBTC,63975.37,2026-05-26
binance,LINKBNB,63495.17,2026-05-26
binance,WINGETH,63114.198,2026-05-26
binance,POLEUR,62812.9,2026-05-26
binance,ADAU,62504.6,2026-05-26
binance,ATOMBNB,62383.64,2026-05-26
binance,ACEBNB,62262.8,2026-05-26
binance,TUSDUSDT,61690.0,2026-05-26
binance,OMNIBRL,61456.67,2026-05-26
binance,WLFIU,61242.0,2026-05-26
binance,AXSTRY,60974.541,2026-05-26
binance,币安人生U,58448.2,2026-05-26
binance,PROMBTC,57465.96,2026-05-26
binance,RENDERBRL,57049.69,2026-05-26
binance,NEARUSD1,56755.2,2026-05-26
binance,ASTERUSD1,56692.33,2026-05-26
binance,WIFFDUSD,56144.62,2026-05-26
binance,DOTRUB,55887.51,2026-05-26
binance,BNBUSD1,55651.052,2026-05-26
binance,BANANAUSDT,55402.22,2026-05-26
binance,APTFDUSD,54790.3,2026-05-26
binance,ADABNB,54537.5,2026-05-26
binance,SOLETH,54445.387,2026-05-26
binance,ARBNB,54257.7,2026-05-26
binance,AVAXBNB,54074.67,2026-05-26
binance,SUSHIUSDC,53984.0,2026-05-26
binance,OPENFDUSD,53452.0,2026-05-26
binance,FXSBUSD,53357.8,2026-05-26
binance,GMXUSDT,52730.614,2026-05-26
binance,KSMBTC,52663.183,2026-05-26
binance,CRVBTC,52640.0,2026-05-26
binance,RNDRBRL,51948.95,2026-05-26
binance,ATOMBRL,51921.43,2026-05-26
binance,GIGGLEUSDT,51749.081,2026-05-26
binance,VANABNB,51694.13,2026-05-26
binance,RNDRUSDC,51181.22,2026-05-26
binance,LPTUSDC,51109.98,2026-05-26
binance,ANTBUSD,50351.8,2026-05-26
binance,POLIDR,50259.1,2026-05-26
binance,TIATUSD,49462.84,2026-05-26
binance,LAZIOBTC,49069.87,2026-05-26
binance,TRBUSDT,48752.172,2026-05-26
binance,DYDXBNB,48441.65,2026-05-26
binance,ARBTC,48156.93,2026-05-26
binance,MOVRTRY,48111.36,2026-05-26
binance,DOTBNB,48057.77,2026-05-26
binance,EULBNB,47109.32,2026-05-26
binance,SOLBTC,46986.006,2026-05-26
binance,APTEUR,46601.69,2026-05-26
binance,INJFDUSD,46483.52,2026-05-26
binance,XVSBUSD,46090.98,2026-05-26
binance,1INCHUSDC,46060.6,2026-05-26
binance,POLJPY,45776.5,2026-05-26
binance,GLMBTC,44826.0,2026-05-26
binance,SBNB,44507.1,2026-05-26
binance,OMNIBNB,44366.12,2026-05-26
binance,FILFDUSD,44309.04,2026-05-26
binance,AVAXAUD,43919.1,2026-05-26
binance,NEARBRL,43431.8,2026-05-26
binance,UNITRY,43270.83,2026-05-26
binance,MULTIBTC,43023.006,2026-05-26
binance,PSGBTC,42937.08,2026-05-26
binance,BFUSDUSDC,42921.0,2026-05-26
binance,OPENBNB,42401.9,2026-05-26
binance,ENSBNB,42171.59,2026-05-26
binance,AXSBRL,42155.28,2026-05-26
binance,USDTUAH,41947.0,2026-05-26
binance,RUNEBTC,41896.4,2026-05-26
binance,ETHU,41872.7422,2026-05-26
binance,NEOBUSD,41276.54,2026-05-26
binance,ZAMATRY,40943.0,2026-05-26
binance,TONIDR,40881.66,2026-05-26
binance,EGLDUSDT,40450.05,2026-05-26
binance,ENSBUSD,40241.93,2026-05-26
binance,ANTBNB,40075.8,2026-05-26
binance,BTGUSDT,40036.54,2026-05-26
binance,ETHUPUSDT,39682.04,2026-05-26
binance,ILVUSDT,39499.621,2026-05-26
binance,LDOFDUSD,38845.19,2026-05-26
binance,INJBUSD,38835.583,2026-05-26
binance,REPBTC,38613.67,2026-05-26
binance,CYBERUSDC,38478.24,2026-05-26
binance,DOTFDUSD,38039.99,2026-05-26
binance,NEOETH,37983.48,2026-05-26
binance,POLETH,37530.9,2026-05-26
binance,BANANABNB,37517.475,2026-05-26
binance,EURIUSDC,36822.7,2026-05-26
binance,ICPBNB,36058.14,2026-05-26
binance,UNIBTC,35694.23,2026-05-26
binance,UNFIBUSD,35615.5,2026-05-26
binance,ARKTRY,35589.3,2026-05-26
binance,ENAU,35529.31,2026-05-26
binance,BTGBUSD,35462.13,2026-05-26
binance,LPTBUSD,35434.39,2026-05-26
binance,XVSUSDT,34993.12,2026-05-26
binance,TONU,34801.1,2026-05-26
binance,ETHUSD1,34759.173,2026-05-26
binance,USDCMXN,34492.0,2026-05-26
binance,EGLDBNB,34466.55,2026-05-26
binance,METUSDC,34400.0,2026-05-26
binance,ETCEUR,34311.87,2026-05-26
binance,EULTRY,34020.44,2026-05-26
binance,EGLDFDUSD,33975.65,2026-05-26
binance,ADAIDR,33615.9,2026-05-26
binance,METISTRY,33235.831,2026-05-26
binance,AUCTIONFDUSD,33203.44,2026-05-26
binance,ACMBTC,33137.5,2026-05-26
binance,TAOUSDC,32837.1186,2026-05-26
binance,APTJPY,32694.44,2026-05-26
binance,ALCXUSDT,32654.2757,2026-05-26
binance,VANATRY,32610.64,2026-05-26
binance,OPNU,32098.4,2026-05-26
binance,NMRUSDT,32052.46,2026-05-26
binance,SSVBUSD,31927.839,2026-05-26
binance,LINKEUR,31662.82,2026-05-26
binance,ZENBTC,31511.71,2026-05-26
binance,ALCXBUSD,31342.3177,2026-05-26
binance,ZENBNB,31204.14,2026-05-26
binance,EGLDUSDC,31032.29,2026-05-26
binance,BTCSTBTC,30793.46,2026-05-26
binance,GASFDUSD,30490.8,2026-05-26
binance,NMRBTC,30354.25,2026-05-26
binance,WLFIEUR,29870.4,2026-05-26
binance,LINKGBP,29241.94,2026-05-26
binance,APTBRL,29224.87,2026-05-26
binance,CITYBTC,29169.05,2026-05-26
binance,XTZBTC,29062.1,2026-05-26
binance,AVAXBUSD,28815.42,2026-05-26
binance,DASHUSDC,28667.754,2026-05-26
binance,XRPIDR,28247.5,2026-05-26
binance,LINKTUSD,28155.35,2026-05-26
binance,FARMUSDT,28012.745,2026-05-26
binance,ZECUSDC,27371.008,2026-05-26
binance,SOLAUD,27051.976,2026-05-26
binance,BTGBTC,26988.3,2026-05-26
binance,ETCETH,26985.48,2026-05-26
binance,FILBTC,26966.21,2026-05-26
binance,ZENETH,26730.62,2026-05-26
binance,ZECBUSD,26721.658,2026-05-26
binance,NEOBNB,26716.61,2026-05-26
binance,WLDIDR,26478.24,2026-05-26
binance,CAKETRY,26136.05,2026-05-26
binance,ARBIDR,26097.8,2026-05-26
binance,RPLUSDT,25942.95,2026-05-26
binance,MLNBTC,25727.895,2026-05-26
binance,MLNBUSD,25666.433,2026-05-26
binance,ENSFDUSD,25628.59,2026-05-26
binance,PENDLETUSD,25545.1,2026-05-26
binance,COWTRY,25444.2,2026-05-26
binance,ATOMBUSD,25299.57,2026-05-26
binance,ZENBUSD,25237.44,2026-05-26
binance,BARBTC,24912.62,2026-05-26
binance,LPTBTC,24708.51,2026-05-26
binance,KSMETH,24705.8245,2026-05-26
binance,LINKFDUSD,24590.02,2026-05-26
binance,OGTRY,24589.08,2026-05-26
binance,ONDOIDR,24508.4,2026-05-26
binance,AVAXGBP,24240.28,2026-05-26
binance,ETCBUSD,24075.44,2026-05-26
binance,LINKTRY,23839.16,2026-05-26
binance,MASKTRY,23710.0,2026-05-26
binance,BANANATRY,23473.27,2026-05-26
binance,SUIIDR,23351.39,2026-05-26
binance,AVAXTUSD,23140.95,2026-05-26
binance,SANTOSBTC,22887.87,2026-05-26
binance,NMRBUSD,22778.9,2026-05-26
binance,LINKBTC,22663.29,2026-05-26
binance,USD1TRY,22329.0,2026-05-26
binance,KP3RUSDT,22226.5,2026-05-26
binance,LTCBUSD,22114.638,2026-05-26
binance,INJTUSD,22102.63,2026-05-26
binance,DASHTRY,21397.743,2026-05-26
binance,CREAMBUSD,21306.549,2026-05-26
binance,ICPBTC,21239.98,2026-05-26
binance,KSMBNB,20868.834,2026-05-26
binance,TWTTRY,20619.01,2026-05-26
binance,LSKUSDC,20414.0,2026-05-26
binance,HBARIDR,20391.5,2026-05-26
binance,MASKUSDC,20359.1,2026-05-26
binance,SOLTUSD,20109.428,2026-05-26
binance,AVAXBIDR,20002.42,2026-05-26
binance,COWUSDC,19791.9,2026-05-26
binance,ZROFDUSD,19497.83,2026-05-26
binance,GNSBTC,19088.7,2026-05-26
binance,SOLTRY,18964.637,2026-05-26
binance,AXSBTC,18907.46,2026-05-26
binance,LTCUSDC,18080.5,2026-05-26
binance,SOLEUR,17846.507,2026-05-26
binance,ICPEUR,17760.05,2026-05-26
binance,SOLBIDR,17618.4757,2026-05-26
binance,BNBUSDC,17521.565,2026-05-26
binance,CAKEBTC,17494.71,2026-05-26
binance,CVXBTC,17341.32,2026-05-26
binance,UIDR,17092.13,2026-05-26
binance,UMAUSDC,16907.8,2026-05-26
binance,RENDERIDR,16770.47,2026-05-26
binance,NEORUB,16734.891,2026-05-26
binance,KSMBUSD,16687.533,2026-05-26
binance,BNBUSDP,16507.64,2026-05-26
binance,AXSBIDR,16445.458,2026-05-26
binance,AVAXFDUSD,16418.86,2026-05-26
binance,VANAUSDC,16304.31,2026-05-26
binance,GMXBUSD,16217.247,2026-05-26
binance,SUIBNB,16140.3,2026-05-26
binance,AVAXBTC,15999.38,2026-05-26
binance,ALCXBTC,15859.0222,2026-05-26
binance,ATOMBTC,15323.8,2026-05-26
binance,SSVUSDC,15215.575,2026-05-26
binance,EGLDBUSD,14981.59,2026-05-26
binance,RPLBUSD,14834.56,2026-05-26
binance,BIFIUSDT,14747.387,2026-05-26
binance,RLUSDU,14666.0,2026-05-26
binance,FARMBUSD,14560.83,2026-05-26
binance,DCRUSDT,14520.752,2026-05-26
binance,XVSTRY,14301.79,2026-05-26
binance,ADAUSD1,14124.1,2026-05-26
binance,USDPUSDT,14067.0,2026-05-26
binance,EGLDRON,14048.5,2026-05-26
binance,OPNUSD1,14015.7,2026-05-26
binance,ZECBNB,13618.876,2026-05-26
binance,TRXUSD1,13569.0,2026-05-26
binance,NEOTRY,13494.5,2026-05-26
binance,XMRBTC,13319.625,2026-05-26
binance,QNTUSDT,12923.575,2026-05-26
binance,TRUMPFDUSD,12899.707,2026-05-26
binance,FETBNB,12801.0,2026-05-26
binance,BNBETH,12571.127,2026-05-26
binance,COMPTRY,12382.757,2026-05-26
binance,GIGGLETRY,12305.811,2026-05-26
binance,COMPBTC,11961.608,2026-05-26
binance,FARMBTC,11181.804,2026-05-26
binance,DCRBTC,10992.056,2026-05-26
binance,AAVEUSDC,10787.947,2026-05-26
binance,ENSUSDC,10671.0,2026-05-26
binance,DASHBNB,10658.019,2026-05-26
binance,DOTDOWNUSDT,10609.63,2026-05-26
binance,ORDITUSD,10513.05,2026-05-26
binance,SUIBRL,10496.3,2026-05-26
binance,TRBBTC,10426.994,2026-05-26
binance,ENSTRY,10182.409,2026-05-26
binance,BCHUSDT,9941.542,2026-05-26
binance,XMRETH,9893.874,2026-05-26
binance,KP3RBUSD,9688.98,2026-05-26
binance,TRUMPU,9550.881,2026-05-26
binance,EULUSDC,9525.36,2026-05-26
binance,ASTERIDR,9451.42,2026-05-26
binance,OPNBNB,9178.4,2026-05-26
binance,BTCUSDT,9118.00722,2026-05-26
binance,SOLBUSD,9085.48,2026-05-26
binance,PENDLEBTC,9083.3,2026-05-26
binance,DASHBUSD,8979.374,2026-05-26
binance,DASHETH,8911.533,2026-05-26
binance,BTCUPUSDT,8868.69,2026-05-26
binance,币安人生USD1,8837.0,2026-05-26
binance,UTRY,8563.0,2026-05-26
binance,AVAXEUR,8484.05,2026-05-26
binance,SOLJPY,8484.002,2026-05-26
binance,ETCBNB,8457.51,2026-05-26
binance,TONUSD1,8333.5,2026-05-26
binance,GASBTC,8268.8,2026-05-26
binance,KSMTRY,8172.123,2026-05-26
binance,BNBBTC,8156.923,2026-05-26
binance,ILVBNB,8109.763,2026-05-26
binance,KP3RBNB,8011.08,2026-05-26
binance,SOLRUB,7965.53,2026-05-26
binance,LINKETH,7956.37,2026-05-26
binance,LPTJPY,7891.55,2026-05-26
binance,AAVEBNB,7664.208,2026-05-26
binance,AUCTIONUSDC,7660.12,2026-05-26
binance,ETCTRY,7415.635,2026-05-26
binance,TRUMPJPY,7307.826,2026-05-26
binance,NEOUSDC,7284.12,2026-05-26
binance,COMPBUSD,7251.665,2026-05-26
binance,ASTERU,7148.79,2026-05-26
binance,QTUMTRY,7054.0,2026-05-26
binance,SOLBRL,7013.414,2026-05-26
binance,LTCTUSD,6906.242,2026-05-26
binance,LTCUAH,6509.124,2026-05-26
binance,LTCRUB,6492.081,2026-05-26
binance,NEARU,6430.6,2026-05-26
binance,ILVBUSD,6415.371,2026-05-26
binance,CVXUSDC,6180.982,2026-05-26
binance,AUTOBUSD,6096.019,2026-05-26
binance,SOLGBP,5908.13,2026-05-26
binance,XMRBUSD,5823.139,2026-05-26
binance,GASTRY,5808.39,2026-05-26
binance,VIRTUALIDR,5796.17,2026-05-26
binance,XMRBNB,5744.949,2026-05-26
binance,AUTOUSDT,5659.442,2026-05-26
binance,BCHBUSD,5621.972,2026-05-26
binance,LTCGBP,5499.108,2026-05-26
binance,AVAXETH,5428.44,2026-05-26
binance,LINKJPY,5354.24,2026-05-26
binance,GIGGLEUSDC,5330.745,2026-05-26
binance,NMRTRY,5257.085,2026-05-26
binance,GMXBTC,5122.789,2026-05-26
binance,BNSOLUSDT,5062.574,2026-05-26
binance,ATMTRY,5057.7,2026-05-26
binance,XMRUSDT,5017.379,2026-05-26
binance,LTCBTC,4942.981,2026-05-26
binance,ETHBTC,4907.2475,2026-05-26
binance,TRBBUSD,4808.74,2026-05-26
binance,TRBUSDC,4710.259,2026-05-26
binance,DOTETH,4649.62,2026-05-26
binance,ETHFDUSD,4600.2791,2026-05-26
binance,QNTBUSD,4525.487,2026-05-26
binance,ATOMEUR,4511.26,2026-05-26
binance,COMPUSDC,4508.549,2026-05-26
binance,SOLBNB,4444.408,2026-05-26
binance,ETCBTC,4384.45,2026-05-26
binance,AAVEBUSD,4360.017,2026-05-26
binance,BANANAUSDC,4358.897,2026-05-26
binance,RPLUSDC,4315.64,2026-05-26
binance,METISBTC,4206.29,2026-05-26
binance,BETHETH,4197.8517,2026-05-26
binance,TAOTRY,3944.9507,2026-05-26
binance,QNTBNB,3857.107,2026-05-26
binance,SOLARS,3789.296,2026-05-26
binance,AUCTIONTRY,3689.6,2026-05-26
binance,APTU,3669.37,2026-05-26
binance,AUTOBTC,3596.383,2026-05-26
binance,AEURUSDT,3589.1,2026-05-26
binance,XVSBNB,3579.93,2026-05-26
binance,ATOMFDUSD,3558.36,2026-05-26
binance,SSVTUSD,3553.393,2026-05-26
binance,UNIFDUSD,3336.52,2026-05-26
binance,QUICKBUSD,3326.885,2026-05-26
binance,EGLDTRY,3326.55,2026-05-26
binance,ZECBTC,3275.357,2026-05-26
binance,UNIETH,3231.685,2026-05-26
binance,ETCUSDC,3230.88,2026-05-26
binance,TRUMPUSD1,3221.763,2026-05-26
binance,TRBTRY,3205.544,2026-05-26
binance,BNBBUSD,3144.063,2026-05-26
binance,XVSBTC,3143.46,2026-05-26
binance,QTUMUSDC,3106.7,2026-05-26
binance,BCHUSDC,3085.759,2026-05-26
binance,LTCEUR,3050.514,2026-05-26
binance,COMPTUSD,3039.5,2026-05-26
binance,TRBFDUSD,3005.815,2026-05-26
binance,BNBFDUSD,2899.387,2026-05-26
binance,GMXUSDC,2890.277,2026-05-26
binance,UNIU,2887.52,2026-05-26
binance,APTETH,2801.39,2026-05-26
binance,RPLBTC,2739.17,2026-05-26
binance,BTCUSDC,2650.24586,2026-05-26
binance,EGLDEUR,2639.01,2026-05-26
binance,BNBUPUSDT,2599.53,2026-05-26
binance,CAKEBNB,2582.58,2026-05-26
binance,ETHUSDP,2576.3586,2026-05-26
binance,ETHDAI,2505.7133,2026-05-26
binance,ETHEUR,2448.7983,2026-05-26
binance,WNXMUSDT,2428.38,2026-05-26
binance,LTCFDUSD,2424.489,2026-05-26
binance,LTCTRY,2416.93,2026-05-26
binance,LINKBRL,2334.62,2026-05-26
binance,EGLDBTC,2309.24,2026-05-26
binance,SOLU,2298.077,2026-05-26
binance,ETCFDUSD,2158.48,2026-05-26
binance,ENSOBNB,2116.97,2026-05-26
binance,QNTUSDC,2098.305,2026-05-26
binance,PAXGUSDT,2095.9904,2026-05-26
binance,ETHTRY,2070.7647,2026-05-26
binance,AAVEFDUSD,2053.816,2026-05-26
binance,METISFDUSD,2046.651,2026-05-26
binance,DASHBTC,1997.465,2026-05-26
binance,AAVETRY,1996.351,2026-05-26
binance,BNSOLSOL,1988.048,2026-05-26
binance,ETHJPY,1944.41136,2026-05-26
binance,XAUTUSDT,1930.0416,2026-05-26
binance,NMRUSDC,1834.32,2026-05-26
binance,YFIIUSDT,1767.0523,2026-05-26
binance,LTCETH,1714.009,2026-05-26
binance,BNBAUD,1598.881,2026-05-26
binance,AVNTU,1592.2,2026-05-26
binance,GNOUSDT,1539.115,2026-05-26
binance,BNBEUR,1510.623,2026-05-26
binance,ETHBRL,1392.8137,2026-05-26
binance,BNBRUB,1382.907,2026-05-26
binance,BNBGBP,1365.733,2026-05-26
binance,BNBBIDR,1341.006,2026-05-26
binance,BTCUSD1,1320.62242,2026-05-26
binance,BNBTUSD,1274.605,2026-05-26
binance,LTCJPY,1120.676,2026-05-26
binance,WBETHUSDT,1111.8058,2026-05-26
binance,WBETHETH,1028.6565,2026-05-26
binance,SOLIDR,1025.5349,2026-05-26
binance,AVAXBRL,997.06,2026-05-26
binance,BCHTUSD,978.198,2026-05-26
binance,BNBTRY,908.344,2026-05-26
binance,ORDIU,886.42,2026-05-26
binance,BIFIBUSD,879.917,2026-05-26
binance,BNBDAI,878.368,2026-05-26
binance,BNBJPY,852.8612,2026-05-26
binance,ETHAEUR,842.1107,2026-05-26
binance,EGLDETH,829.5968,2026-05-26
binance,UNIUSD1,785.06,2026-05-26
binance,BTCU,765.91788,2026-05-26
binance,ILVUSDC,740.549,2026-05-26
binance,BNBBRL,696.116,2026-05-26
binance,BCHBNB,685.357,2026-05-26
binance,BCHBTC,673.803,2026-05-26
binance,LTCBRL,649.231,2026-05-26
binance,TAOFDUSD,600.3416,2026-05-26
binance,BETHUSDT,547.0158,2026-05-26
binance,QNTBTC,534.343,2026-05-26
binance,TAOBTC,511.8289,2026-05-26
binance,AAVEETH,494.314,2026-05-26
binance,PAXGBUSD,479.3954,2026-05-26
binance,ETHBIDR,474.0815,2026-05-26
binance,ETHRUB,461.2351,2026-05-26
binance,ETHAUD,459.4215,2026-05-26
binance,SOLMXN,416.198,2026-05-26
binance,BTCJPY,394.714369,2026-05-26
binance,YFIIBTC,369.4707,2026-05-26
binance,BETHBUSD,357.6662,2026-05-26
binance,ETHTUSD,355.6426,2026-05-26
binance,LINKU,355.57,2026-05-26
binance,AAVEU,351.43,2026-05-26
binance,MKRBTC,344.3623,2026-05-26
binance,ETHBUSD,336.4817,2026-05-26
binance,BNBUAH,327.46,2026-05-26
binance,ZECUSD1,326.581,2026-05-26
binance,BTCFDUSD,320.85946,2026-05-26
binance,AVAXU,320.26,2026-05-26
binance,LTCBNB,310.405,2026-05-26
binance,WIFIDR,307.94,2026-05-26
binance,MKRBUSD,285.6825,2026-05-26
binance,AAVEBTC,274.702,2026-05-26
binance,PAXGUSDC,257.6345,2026-05-26
binance,ZECETH,249.797,2026-05-26
binance,MKRUSDT,244.1798,2026-05-26
binance,ETHZAR,220.5094,2026-05-26
binance,AVAXIDR,213.74,2026-05-26
binance,BNBARS,191.407,2026-05-26
binance,LINKUSD1,187.87,2026-05-26
binance,MKRUSDC,182.1067,2026-05-26
binance,BTCUSDP,181.51433,2026-05-26
binance,SOLUSD,180.723,2026-05-26
binance,BTCBRL,179.79188,2026-05-26
binance,BCHTRY,178.378,2026-05-26
binance,MKRTRY,175.7021,2026-05-26
binance,LTCU,163.368,2026-05-26
binance,BTCEUR,158.61432,2026-05-26
binance,YFIUSDT,157.35201,2026-05-26
binance,PAXGTRY,156.5564,2026-05-26
binance,GIGGLEU,146.528,2026-05-26
binance,TAOIDR,145.418,2026-05-26
binance,TAOJPY,145.40182,2026-05-26
binance,ETHUAH,138.2007,2026-05-26
binance,TAOUSD1,117.0924,2026-05-26
binance,YFIBTC,114.33529,2026-05-26
binance,WBTCBTC,103.23271,2026-05-26
binance,PAXGBTC,99.0848,2026-05-26
binance,TAOU,97.0222,2026-05-26
binance,YFIEUR,96.75674,2026-05-26
binance,BCHFDUSD,89.558,2026-05-26
binance,PAXGBNB,86.6085,2026-05-26
binance,YFIBUSD,79.37185,2026-05-26
binance,BTCTRY,69.4625,2026-05-26
binance,ETHGBP,68.2043,2026-05-26
binance,BNBUSD,64.643,2026-05-26
binance,XAUTTRY,60.8879,2026-05-26
binance,XAUTUSDC,55.6657,2026-05-26
binance,ZECU,51.551,2026-05-26
binance,BTCGBP,48.71855,2026-05-26
binance,BCHEUR,43.031,2026-05-26
binance,BNBIDR,41.862,2026-05-26
binance,BTCAUD,39.79558,2026-05-26
binance,BTCBUSD,33.23532,2026-05-26
binance,ETHIDR,32.5528,2026-05-26
binance,LTCUSD1,30.187,2026-05-26
binance,BTCBIDR,28.72418,2026-05-26
binance,ETHUSD,24.8789,2026-05-26
binance,BTCDAI,24.71478,2026-05-26
binance,WBTCUSDT,19.17627,2026-05-26
binance,BCHJPY,17.7525,2026-05-26
binance,ETHEURI,16.561,2026-05-26
binance,BTCTUSD,13.65032,2026-05-26
binance,WBTCBUSD,11.7261,2026-05-26
binance,BTCAEUR,11.26458,2026-05-26
binance,ETHPLN,9.4959,2026-05-26
binance,BTCNGN,9.4204,2026-05-26
binance,BCHU,9.352,2026-05-26
binance,BTCRON,5.74498,2026-05-26
binance,BTCRUB,5.53197,2026-05-26
binance,BTCUAH,4.80344,2026-05-26
binance,PAXGU,4.4456,2026-05-26
binance,ETHMXN,3.48,2026-05-26
binance,BTCIDR,3.1383,2026-05-26
binance,XAUTU,1.8582,2026-05-26
binance,BTCMXN,1.618984,2026-05-26
binance,BTCEURI,1.4383,2026-05-26
binance,BTCPLN,1.42822,2026-05-26
binance,BTCZAR,1.37668,2026-05-26
binance,AVAXUSD1,1.32,2026-05-26
binance,ETHUSDS,1.3028,2026-05-26
binance,ETHARS,1.28763,2026-05-26
binance,BCHUSD1,1.205,2026-05-26
binance,BTCUSD,1.11537,2026-05-26
binance,PAXGUSD1,0.7108,2026-05-26
binance,XAUTBTC,0.3695,2026-05-26
binance,BTCUSDS,0.15822,2026-05-26
binance,BTCARS,0.14698,2026-05-26
binance,WBTCETH,0.04522,2026-05-26
binance,BCCBTC,0.0,2026-05-26
binance,HSRBTC,0.0,2026-05-26
binance,OAXETH,0.0,2026-05-26
binance,DNTETH,0.0,2026-05-26
binance,MCOETH,0.0,2026-05-26
binance,ICNETH,0.0,2026-05-26
binance,MCOBTC,0.0,2026-05-26
binance,WTCETH,0.0,2026-05-26
binance,YOYOBTC,0.0,2026-05-26
binance,STRATBTC,0.0,2026-05-26
binance,STRATETH,0.0,2026-05-26
binance,SNGLSBTC,0.0,2026-05-26
binance,SNGLSETH,0.0,2026-05-26
binance,BQXBTC,0.0,2026-05-26
binance,BQXETH,0.0,2026-05-26
binance,FUNBTC,0.0,2026-05-26
binance,SNMETH,0.0,2026-05-26
binance,XVGBTC,0.0,2026-05-26
binance,SALTBTC,0.0,2026-05-26
binance,SALTETH,0.0,2026-05-26
binance,MDABTC,0.0,2026-05-26
binance,MDAETH,0.0,2026-05-26
binance,SUBBTC,0.0,2026-05-26
binance,SUBETH,0.0,2026-05-26
binance,MTHBTC,0.0,2026-05-26
binance,MTHETH,0.0,2026-05-26
binance,ENGBTC,0.0,2026-05-26
binance,ENGETH,0.0,2026-05-26
binance,ASTETH,0.0,2026-05-26
binance,ICNBTC,0.0,2026-05-26
binance,BTGETH,0.0,2026-05-26
binance,EVXBTC,0.0,2026-05-26
binance,EVXETH,0.0,2026-05-26
binance,REQETH,0.0,2026-05-26
binance,HSRETH,0.0,2026-05-26
binance,ARKETH,0.0,2026-05-26
binance,YOYOETH,0.0,2026-05-26
binance,MODBTC,0.0,2026-05-26
binance,MODETH,0.0,2026-05-26
binance,STORJETH,0.0,2026-05-26
binance,VENBNB,0.0,2026-05-26
binance,YOYOBNB,0.0,2026-05-26
binance,POWRBNB,0.0,2026-05-26
binance,VENBTC,0.0,2026-05-26
binance,VENETH,0.0,2026-05-26
binance,KMDETH,0.0,2026-05-26
binance,NULSBNB,0.0,2026-05-26
binance,RCNBTC,0.0,2026-05-26
binance,RCNETH,0.0,2026-05-26
binance,RCNBNB,0.0,2026-05-26
binance,NULSETH,0.0,2026-05-26
binance,RDNBTC,0.0,2026-05-26
binance,RDNETH,0.0,2026-05-26
binance,RDNBNB,0.0,2026-05-26
binance,DLTBNB,0.0,2026-05-26
binance,WTCBNB,0.0,2026-05-26
binance,DLTBTC,0.0,2026-05-26
binance,DLTETH,0.0,2026-05-26
binance,AMBETH,0.0,2026-05-26
binance,AMBBNB,0.0,2026-05-26
binance,BCCETH,0.0,2026-05-26
binance,BCCUSDT,0.0,2026-05-26
binance,BCCBNB,0.0,2026-05-26
binance,BATBNB,0.0,2026-05-26
binance,BCPTBTC,0.0,2026-05-26
binance,BCPTETH,0.0,2026-05-26
binance,BCPTBNB,0.0,2026-05-26
binance,ARNBTC,0.0,2026-05-26
binance,ARNETH,0.0,2026-05-26
binance,GVTBTC,0.0,2026-05-26
binance,GVTETH,0.0,2026-05-26
binance,CDTBTC,0.0,2026-05-26
binance,CDTETH,0.0,2026-05-26
binance,GXSBTC,0.0,2026-05-26
binance,GXSETH,0.0,2026-05-26
binance,POEBTC,0.0,2026-05-26
binance,POEETH,0.0,2026-05-26
binance,QSPBTC,0.0,2026-05-26
binance,QSPETH,0.0,2026-05-26
binance,QSPBNB,0.0,2026-05-26
binance,BTSETH,0.0,2026-05-26
binance,BTSBNB,0.0,2026-05-26
binance,XZCBTC,0.0,2026-05-26
binance,XZCETH,0.0,2026-05-26
binance,XZCBNB,0.0,2026-05-26
binance,LSKBNB,0.0,2026-05-26
binance,TNTBTC,0.0,2026-05-26
binance,TNTETH,0.0,2026-05-26
binance,FUELBTC,0.0,2026-05-26
binance,FUELETH,0.0,2026-05-26
binance,BCDBTC,0.0,2026-05-26
binance,BCDETH,0.0,2026-05-26
binance,DGDBTC,0.0,2026-05-26
binance,DGDETH,0.0,2026-05-26
binance,ADXBNB,0.0,2026-05-26
binance,PPTBTC,0.0,2026-05-26
binance,PPTETH,0.0,2026-05-26
binance,CMTBTC,0.0,2026-05-26
binance,CMTETH,0.0,2026-05-26
binance,CMTBNB,0.0,2026-05-26
binance,CNDBTC,0.0,2026-05-26
binance,CNDETH,0.0,2026-05-26
binance,CNDBNB,0.0,2026-05-26
binance,LENDBTC,0.0,2026-05-26
binance,LENDETH,0.0,2026-05-26
binance,WABIETH,0.0,2026-05-26
binance,WABIBNB,0.0,2026-05-26
binance,TNBBTC,0.0,2026-05-26
binance,TNBETH,0.0,2026-05-26
binance,GTOETH,0.0,2026-05-26
binance,GTOBNB,0.0,2026-05-26
binance,ICXBNB,0.0,2026-05-26
binance,OSTBTC,0.0,2026-05-26
binance,OSTETH,0.0,2026-05-26
binance,OSTBNB,0.0,2026-05-26
binance,AIONETH,0.0,2026-05-26
binance,AIONBNB,0.0,2026-05-26
binance,NEBLBNB,0.0,2026-05-26
binance,BRDBTC,0.0,2026-05-26
binance,BRDETH,0.0,2026-05-26
binance,BRDBNB,0.0,2026-05-26
binance,MCOBNB,0.0,2026-05-26
binance,EDOBTC,0.0,2026-05-26
binance,EDOETH,0.0,2026-05-26
binance,WINGSBTC,0.0,2026-05-26
binance,WINGSETH,0.0,2026-05-26
binance,NAVBTC,0.0,2026-05-26
binance,NAVETH,0.0,2026-05-26
binance,NAVBNB,0.0,2026-05-26
binance,LUNBTC,0.0,2026-05-26
binance,LUNETH,0.0,2026-05-26
binance,TRIGBTC,0.0,2026-05-26
binance,TRIGETH,0.0,2026-05-26
binance,TRIGBNB,0.0,2026-05-26
binance,APPCBTC,0.0,2026-05-26
binance,APPCETH,0.0,2026-05-26
binance,APPCBNB,0.0,2026-05-26
binance,VIBEBTC,0.0,2026-05-26
binance,VIBEETH,0.0,2026-05-26
binance,RLCBNB,0.0,2026-05-26
binance,INSBTC,0.0,2026-05-26
binance,INSETH,0.0,2026-05-26
binance,PIVXBNB,0.0,2026-05-26
binance,CHATBTC,0.0,2026-05-26
binance,CHATETH,0.0,2026-05-26
binance,STEEMBNB,0.0,2026-05-26
binance,NANOBTC,0.0,2026-05-26
binance,NANOETH,0.0,2026-05-26
binance,NANOBNB,0.0,2026-05-26
binance,VIABTC,0.0,2026-05-26
binance,VIAETH,0.0,2026-05-26
binance,VIABNB,0.0,2026-05-26
binance,BLZBNB,0.0,2026-05-26
binance,AEBTC,0.0,2026-05-26
binance,AEETH,0.0,2026-05-26
binance,AEBNB,0.0,2026-05-26
binance,RPXBTC,0.0,2026-05-26
binance,RPXETH,0.0,2026-05-26
binance,RPXBNB,0.0,2026-05-26
binance,NCASHBTC,0.0,2026-05-26
binance,NCASHETH,0.0,2026-05-26
binance,NCASHBNB,0.0,2026-05-26
binance,POABTC,0.0,2026-05-26
binance,POAETH,0.0,2026-05-26
binance,POABNB,0.0,2026-05-26
binance,ONTBNB,0.0,2026-05-26
binance,STORMBTC,0.0,2026-05-26
binance,STORMETH,0.0,2026-05-26
binance,STORMBNB,0.0,2026-05-26
binance,QTUMBNB,0.0,2026-05-26
binance,XEMETH,0.0,2026-05-26
binance,XEMBNB,0.0,2026-05-26
binance,WANBNB,0.0,2026-05-26
binance,WPRBTC,0.0,2026-05-26
binance,WPRETH,0.0,2026-05-26
binance,QLCETH,0.0,2026-05-26
binance,SYSETH,0.0,2026-05-26
binance,SYSBNB,0.0,2026-05-26
binance,QLCBNB,0.0,2026-05-26
binance,GRSBTC,0.0,2026-05-26
binance,GRSETH,0.0,2026-05-26
binance,CLOAKBTC,0.0,2026-05-26
binance,CLOAKETH,0.0,2026-05-26
binance,GNTBTC,0.0,2026-05-26
binance,GNTETH,0.0,2026-05-26
binance,GNTBNB,0.0,2026-05-26
binance,LOOMBNB,0.0,2026-05-26
binance,BCNBTC,0.0,2026-05-26
binance,BCNETH,0.0,2026-05-26
binance,BCNBNB,0.0,2026-05-26
binance,REPBNB,0.0,2026-05-26
binance,TUSDBTC,0.0,2026-05-26
binance,TUSDETH,0.0,2026-05-26
binance,TUSDBNB,0.0,2026-05-26
binance,SKYCOINBTC,0.0,2026-05-26
binance,SKYCOINETH,0.0,2026-05-26
binance,SKYCOINBNB,0.0,2026-05-26
binance,CVCETH,0.0,2026-05-26
binance,CVCBNB,0.0,2026-05-26
binance,AGIBTC,0.0,2026-05-26
binance,AGIETH,0.0,2026-05-26
binance,AGIBNB,0.0,2026-05-26
binance,NXSBTC,0.0,2026-05-26
binance,NXSETH,0.0,2026-05-26
binance,NXSBNB,0.0,2026-05-26
binance,SCBTC,0.0,2026-05-26
binance,NPXSBTC,0.0,2026-05-26
binance,NPXSETH,0.0,2026-05-26
binance,VENUSDT,0.0,2026-05-26
binance,KEYBTC,0.0,2026-05-26
binance,NASBTC,0.0,2026-05-26
binance,NASETH,0.0,2026-05-26
binance,NASBNB,0.0,2026-05-26
binance,MFTBTC,0.0,2026-05-26
binance,MFTBNB,0.0,2026-05-26
binance,DENTBTC,0.0,2026-05-26
binance,ARDRETH,0.0,2026-05-26
binance,ARDRBNB,0.0,2026-05-26
binance,HOTBTC,0.0,2026-05-26
binance,DOCKETH,0.0,2026-05-26
binance,POLYBNB,0.0,2026-05-26
binance,PHXBTC,0.0,2026-05-26
binance,PHXETH,0.0,2026-05-26
binance,PHXBNB,0.0,2026-05-26
binance,HCBTC,0.0,2026-05-26
binance,HCETH,0.0,2026-05-26
binance,GOBTC,0.0,2026-05-26
binance,GOBNB,0.0,2026-05-26
binance,PAXBTC,0.0,2026-05-26
binance,PAXBNB,0.0,2026-05-26
binance,PAXUSDT,0.0,2026-05-26
binance,PAXETH,0.0,2026-05-26
binance,DCRBNB,0.0,2026-05-26
binance,USDCBNB,0.0,2026-05-26
binance,BCHABCBTC,0.0,2026-05-26
binance,BCHSVBTC,0.0,2026-05-26
binance,BCHABCUSDT,0.0,2026-05-26
binance,BCHSVUSDT,0.0,2026-05-26
binance,BNBPAX,0.0,2026-05-26
binance,BTCPAX,0.0,2026-05-26
binance,ETHPAX,0.0,2026-05-26
binance,XRPPAX,0.0,2026-05-26
binance,EOSPAX,0.0,2026-05-26
binance,XLMPAX,0.0,2026-05-26
binance,RENBNB,0.0,2026-05-26
binance,EOSTUSD,0.0,2026-05-26
binance,XLMTUSD,0.0,2026-05-26
binance,NEOTUSD,0.0,2026-05-26
binance,XZCXRP,0.0,2026-05-26
binance,PAXTUSD,0.0,2026-05-26
binance,USDCTUSD,0.0,2026-05-26
binance,USDCPAX,0.0,2026-05-26
binance,LINKPAX,0.0,2026-05-26
binance,WAVESTUSD,0.0,2026-05-26
binance,WAVESPAX,0.0,2026-05-26
binance,WAVESUSDC,0.0,2026-05-26
binance,BCHABCTUSD,0.0,2026-05-26
binance,BCHABCPAX,0.0,2026-05-26
binance,BCHABCUSDC,0.0,2026-05-26
binance,BCHSVTUSD,0.0,2026-05-26
binance,BCHSVPAX,0.0,2026-05-26
binance,BCHSVUSDC,0.0,2026-05-26
binance,LTCPAX,0.0,2026-05-26
binance,TRXPAX,0.0,2026-05-26
binance,BTTBTC,0.0,2026-05-26
binance,BTTBNB,0.0,2026-05-26
binance,BTTUSDT,0.0,2026-05-26
binance,BNBUSDSOLD,0.0,2026-05-26
binance,BTCUSDSOLD,0.0,2026-05-26
binance,USDSOLDUSDT,0.0,2026-05-26
binance,USDSOLDPAX,0.0,2026-05-26
binance,USDSOLDTUSD,0.0,2026-05-26
binance,USDSOLDUSDC,0.0,2026-05-26
binance,BTTPAX,0.0,2026-05-26
binance,BTTTUSD,0.0,2026-05-26
binance,BTTUSDC,0.0,2026-05-26
binance,ONGBNB,0.0,2026-05-26
binance,HOTBNB,0.0,2026-05-26
binance,ZRXBNB,0.0,2026-05-26
binance,ZECPAX,0.0,2026-05-26
binance,ZECTUSD,0.0,2026-05-26
binance,ADAPAX,0.0,2026-05-26
binance,NEOPAX,0.0,2026-05-26
binance,NANOUSDT,0.0,2026-05-26
binance,OMGBNB,0.0,2026-05-26
binance,ATOMPAX,0.0,2026-05-26
binance,ATOMTUSD,0.0,2026-05-26
binance,ETCPAX,0.0,2026-05-26
binance,ETCTUSD,0.0,2026-05-26
binance,BATUSDC,0.0,2026-05-26
binance,BATPAX,0.0,2026-05-26
binance,BATTUSD,0.0,2026-05-26
binance,PHBBNB,0.0,2026-05-26
binance,PHBUSDC,0.0,2026-05-26
binance,PHBTUSD,0.0,2026-05-26
binance,PHBPAX,0.0,2026-05-26
binance,TFUELBNB,0.0,2026-05-26
binance,TFUELUSDC,0.0,2026-05-26
binance,TFUELTUSD,0.0,2026-05-26
binance,TFUELPAX,0.0,2026-05-26
binance,ONETUSD,0.0,2026-05-26
binance,ONEPAX,0.0,2026-05-26
binance,ONEUSDC,0.0,2026-05-26
binance,FTMTUSD,0.0,2026-05-26
binance,FTMPAX,0.0,2026-05-26
binance,BTCBBTC,0.0,2026-05-26
binance,BCPTTUSD,0.0,2026-05-26
binance,BCPTPAX,0.0,2026-05-26
binance,BCPTUSDC,0.0,2026-05-26
binance,ALGOTUSD,0.0,2026-05-26
binance,ALGOPAX,0.0,2026-05-26
binance,USDSBUSDT,0.0,2026-05-26
binance,USDSBUSDSOLD,0.0,2026-05-26
binance,GTOPAX,0.0,2026-05-26
binance,GTOTUSD,0.0,2026-05-26
binance,GTOUSDC,0.0,2026-05-26
binance,ERDBNB,0.0,2026-05-26
binance,ERDBTC,0.0,2026-05-26
binance,ERDUSDT,0.0,2026-05-26
binance,ERDPAX,0.0,2026-05-26
binance,ERDUSDC,0.0,2026-05-26
binance,DOGEBNB,0.0,2026-05-26
binance,DOGEPAX,0.0,2026-05-26
binance,DUSKBNB,0.0,2026-05-26
binance,DUSKUSDC,0.0,2026-05-26
binance,DUSKPAX,0.0,2026-05-26
binance,BGBPUSDC,0.0,2026-05-26
binance,ANKRTUSD,0.0,2026-05-26
binance,ANKRPAX,0.0,2026-05-26
binance,ANKRUSDC,0.0,2026-05-26
binance,ONTPAX,0.0,2026-05-26
binance,WINBTC,0.0,2026-05-26
binance,TUSDBTUSD,0.0,2026-05-26
binance,NPXSUSDT,0.0,2026-05-26
binance,NPXSUSDC,0.0,2026-05-26
binance,COCOSBTC,0.0,2026-05-26
binance,TOMOBNB,0.0,2026-05-26
binance,TOMOUSDC,0.0,2026-05-26
binance,PERLBNB,0.0,2026-05-26
binance,PERLUSDC,0.0,2026-05-26
binance,STORMUSDT,0.0,2026-05-26
binance,BTTTRX,0.0,2026-05-26
binance,BANDBNB,0.0,2026-05-26
binance,BEAMBNB,0.0,2026-05-26
binance,HCUSDT,0.0,2026-05-26
binance,NKNBNB,0.0,2026-05-26
binance,BCHABCBUSD,0.0,2026-05-26
binance,BUSDNGN,0.0,2026-05-26
binance,BNBNGN,0.0,2026-05-26
binance,MCOUSDT,0.0,2026-05-26
binance,CTXCBNB,0.0,2026-05-26
binance,BCHPAX,0.0,2026-05-26
binance,TROYBTC,0.0,2026-05-26
binance,VITEBNB,0.0,2026-05-26
binance,DREPBNB,0.0,2026-05-26
binance,BULLUSDT,0.0,2026-05-26
binance,BULLBUSD,0.0,2026-05-26
binance,BEARUSDT,0.0,2026-05-26
binance,BEARBUSD,0.0,2026-05-26
binance,ETHBULLUSDT,0.0,2026-05-26
binance,ETHBULLBUSD,0.0,2026-05-26
binance,ETHBEARUSDT,0.0,2026-05-26
binance,ETHBEARBUSD,0.0,2026-05-26
binance,TCTBNB,0.0,2026-05-26
binance,BTSBUSD,0.0,2026-05-26
binance,LTOBNB,0.0,2026-05-26
binance,EOSBULLUSDT,0.0,2026-05-26
binance,EOSBULLBUSD,0.0,2026-05-26
binance,EOSBEARUSDT,0.0,2026-05-26
binance,EOSBEARBUSD,0.0,2026-05-26
binance,XRPBULLUSDT,0.0,2026-05-26
binance,XRPBULLBUSD,0.0,2026-05-26
binance,XRPBEARUSDT,0.0,2026-05-26
binance,XRPBEARBUSD,0.0,2026-05-26
binance,NANOBUSD,0.0,2026-05-26
binance,STRATBUSD,0.0,2026-05-26
binance,STRATBNB,0.0,2026-05-26
binance,STRATUSDT,0.0,2026-05-26
binance,AIONBUSD,0.0,2026-05-26
binance,MBLBNB,0.0,2026-05-26
binance,MBLBTC,0.0,2026-05-26
binance,BTTBUSD,0.0,2026-05-26
binance,BNBBULLUSDT,0.0,2026-05-26
binance,BNBBULLBUSD,0.0,2026-05-26
binance,BNBBEARUSDT,0.0,2026-05-26
binance,BNBBEARBUSD,0.0,2026-05-26
binance,STPTBNB,0.0,2026-05-26
binance,BNBZAR,0.0,2026-05-26
binance,BTCBKRW,0.0,2026-05-26
binance,ETHBKRW,0.0,2026-05-26
binance,BNBBKRW,0.0,2026-05-26
binance,XZCUSDT,0.0,2026-05-26
binance,BTCIDRT,0.0,2026-05-26
binance,BNBIDRT,0.0,2026-05-26
binance,BUSDIDRT,0.0,2026-05-26
binance,HIVEBNB,0.0,2026-05-26
binance,GXSUSDT,0.0,2026-05-26
binance,ERDBUSD,0.0,2026-05-26
binance,LENDUSDT,0.0,2026-05-26
binance,MDTBNB,0.0,2026-05-26
binance,REPBUSD,0.0,2026-05-26
binance,IQBNB,0.0,2026-05-26
binance,COMPBNB,0.0,2026-05-26
binance,BKRWUSDT,0.0,2026-05-26
binance,BKRWBUSD,0.0,2026-05-26
binance,VTHOBNB,0.0,2026-05-26
binance,VTHOBUSD,0.0,2026-05-26
binance,DCRBUSD,0.0,2026-05-26
binance,IRISBNB,0.0,2026-05-26
binance,IRISBUSD,0.0,2026-05-26
binance,MKRBNB,0.0,2026-05-26
binance,DAIBNB,0.0,2026-05-26
binance,DAIBTC,0.0,2026-05-26
binance,DAIUSDT,0.0,2026-05-26
binance,DAIBUSD,0.0,2026-05-26
binance,LENDBUSD,0.0,2026-05-26
binance,XRPBKRW,0.0,2026-05-26
binance,ADABKRW,0.0,2026-05-26
binance,FIOBNB,0.0,2026-05-26
binance,XTZUPUSDT,0.0,2026-05-26
binance,XTZDOWNUSDT,0.0,2026-05-26
binance,AVABNB,0.0,2026-05-26
binance,USDTBKRW,0.0,2026-05-26
binance,BUSDBKRW,0.0,2026-05-26
binance,BALBNB,0.0,2026-05-26
binance,YFIBNB,0.0,2026-05-26
binance,KMDBUSD,0.0,2026-05-26
binance,JSTBNB,0.0,2026-05-26
binance,CRVBNB,0.0,2026-05-26
binance,LUNABNB,0.0,2026-05-26
binance,LUNABTC,0.0,2026-05-26
binance,RSRBTC,0.0,2026-05-26
binance,WNXMBNB,0.0,2026-05-26
binance,WNXMBTC,0.0,2026-05-26
binance,WNXMBUSD,0.0,2026-05-26
binance,TRBBNB,0.0,2026-05-26
binance,ETHNGN,0.0,2026-05-26
binance,SXPAUD,0.0,2026-05-26
binance,BZRXBNB,0.0,2026-05-26
binance,BZRXBTC,0.0,2026-05-26
binance,BZRXBUSD,0.0,2026-05-26
binance,BZRXUSDT,0.0,2026-05-26
binance,YFIIBNB,0.0,2026-05-26
binance,YFIIBUSD,0.0,2026-05-26
binance,DIABNB,0.0,2026-05-26
binance,EOSUPUSDT,0.0,2026-05-26
binance,EOSDOWNUSDT,0.0,2026-05-26
binance,SRMBIDR,0.0,2026-05-26
binance,ONEBIDR,0.0,2026-05-26
binance,WINGBNB,0.0,2026-05-26
binance,SWRVBNB,0.0,2026-05-26
binance,SWRVBUSD,0.0,2026-05-26
binance,LTCUPUSDT,0.0,2026-05-26
binance,LTCDOWNUSDT,0.0,2026-05-26
binance,LENDBKRW,0.0,2026-05-26
binance,CREAMBNB,0.0,2026-05-26
binance,NBSBTC,0.0,2026-05-26
binance,SUNBTC,0.0,2026-05-26
binance,SXPBIDR,0.0,2026-05-26
binance,LINKBKRW,0.0,2026-05-26
binance,FLMBNB,0.0,2026-05-26
binance,FLMBUSD,0.0,2026-05-26
binance,SPARTABNB,0.0,2026-05-26
binance,UNIUPUSDT,0.0,2026-05-26
binance,UNIDOWNUSDT,0.0,2026-05-26
binance,TRXNGN,0.0,2026-05-26
binance,AAVEBKRW,0.0,2026-05-26
binance,SXPUPUSDT,0.0,2026-05-26
binance,SXPDOWNUSDT,0.0,2026-05-26
binance,DOTBKRW,0.0,2026-05-26
binance,SXPGBP,0.0,2026-05-26
binance,FILUPUSDT,0.0,2026-05-26
binance,FILDOWNUSDT,0.0,2026-05-26
binance,YFIUPUSDT,0.0,2026-05-26
binance,YFIDOWNUSDT,0.0,2026-05-26
binance,EASYETH,0.0,2026-05-26
binance,BCHUPUSDT,0.0,2026-05-26
binance,BCHDOWNUSDT,0.0,2026-05-26
binance,BOTBTC,0.0,2026-05-26
binance,BOTBUSD,0.0,2026-05-26
binance,AKROBTC,0.0,2026-05-26
binance,RENBTCBTC,0.0,2026-05-26
binance,RENBTCETH,0.0,2026-05-26
binance,LTCNGN,0.0,2026-05-26
binance,UNFIBNB,0.0,2026-05-26
binance,FRONTETH,0.0,2026-05-26
binance,BCHABUSD,0.0,2026-05-26
binance,HEGICETH,0.0,2026-05-26
binance,HEGICBUSD,0.0,2026-05-26
binance,AAVEUPUSDT,0.0,2026-05-26
binance,AAVEDOWNUSDT,0.0,2026-05-26
binance,XRPNGN,0.0,2026-05-26
binance,SUSDBTC,0.0,2026-05-26
binance,SUSDETH,0.0,2026-05-26
binance,SUSDUSDT,0.0,2026-05-26
binance,COVERETH,0.0,2026-05-26
binance,COVERBUSD,0.0,2026-05-26
binance,SUSHIUPUSDT,0.0,2026-05-26
binance,SUSHIDOWNUSDT,0.0,2026-05-26
binance,XLMUPUSDT,0.0,2026-05-26
binance,XLMDOWNUSDT,0.0,2026-05-26
binance,LINKNGN,0.0,2026-05-26
binance,DFETH,0.0,2026-05-26
binance,BUSDBVND,0.0,2026-05-26
binance,USDTBVND,0.0,2026-05-26
binance,REEFBTC,0.0,2026-05-26
binance,TRUBUSD,0.0,2026-05-26
binance,PAXBUSD,0.0,2026-05-26
binance,CKBBTC,0.0,2026-05-26
binance,FIROETH,0.0,2026-05-26
binance,DOTNGN,0.0,2026-05-26
binance,BTCVAI,0.0,2026-05-26
binance,EASYBTC,0.0,2026-05-26
binance,BTTTRY,0.0,2026-05-26
binance,BIFIBNB,0.0,2026-05-26
binance,RAMPBTC,0.0,2026-05-26
binance,RAMPBUSD,0.0,2026-05-26
binance,RAMPUSDT,0.0,2026-05-26
binance,LUNAEUR,0.0,2026-05-26
binance,EPSBTC,0.0,2026-05-26
binance,EPSBUSD,0.0,2026-05-26
binance,EPSUSDT,0.0,2026-05-26
binance,BTTBRL,0.0,2026-05-26
binance,BTTEUR,0.0,2026-05-26
binance,1INCHUPUSDT,0.0,2026-05-26
binance,1INCHDOWNUSDT,0.0,2026-05-26
binance,HOTBRL,0.0,2026-05-26
binance,WRXEUR,0.0,2026-05-26
binance,EZBTC,0.0,2026-05-26
binance,EZETH,0.0,2026-05-26
binance,TRXAUD,0.0,2026-05-26
binance,SHIBRUB,0.0,2026-05-26
binance,ETCBRL,0.0,2026-05-26
binance,MDXBNB,0.0,2026-05-26
binance,NUBTC,0.0,2026-05-26
binance,NUBNB,0.0,2026-05-26
binance,NUBUSD,0.0,2026-05-26
binance,NUUSDT,0.0,2026-05-26
binance,RLCBUSD,0.0,2026-05-26
binance,XEMBUSD,0.0,2026-05-26
binance,GTCBNB,0.0,2026-05-26
binance,TORNBNB,0.0,2026-05-26
binance,ETCGBP,0.0,2026-05-26
binance,KEEPBTC,0.0,2026-05-26
binance,KEEPBNB,0.0,2026-05-26
binance,KEEPBUSD,0.0,2026-05-26
binance,KEEPUSDT,0.0,2026-05-26
binance,RUNEAUD,0.0,2026-05-26
binance,BONDBNB,0.0,2026-05-26
binance,MLNBNB,0.0,2026-05-26
binance,CAKEBRL,0.0,2026-05-26
binance,ICPRUB,0.0,2026-05-26
binance,AAVEBRL,0.0,2026-05-26
binance,EOSAUD,0.0,2026-05-26
binance,QUICKBNB,0.0,2026-05-26
binance,FARMBNB,0.0,2026-05-26
binance,ALPACABNB,0.0,2026-05-26
binance,TRIBEBTC,0.0,2026-05-26
binance,TRIBEBNB,0.0,2026-05-26
binance,GNOBUSD,0.0,2026-05-26
binance,GNOBNB,0.0,2026-05-26
binance,GNOBTC,0.0,2026-05-26
binance,ALGOBIDR,0.0,2026-05-26
binance,CAKEAUD,0.0,2026-05-26
binance,KSMAUD,0.0,2026-05-26
binance,WAVESRUB,0.0,2026-05-26
binance,FIDABNB,0.0,2026-05-26
binance,AGLDBNB,0.0,2026-05-26
binance,UNIAUD,0.0,2026-05-26
binance,LUNAAUD,0.0,2026-05-26
binance,CHESSBNB,0.0,2026-05-26
binance,NUAUD,0.0,2026-05-26
binance,NURUB,0.0,2026-05-26
binance,REEFBIDR,0.0,2026-05-26
binance,RGTUSDT,0.0,2026-05-26
binance,RGTBTC,0.0,2026-05-26
binance,RGTBUSD,0.0,2026-05-26
binance,RGTBNB,0.0,2026-05-26
binance,SHIBUAH,0.0,2026-05-26
binance,LUNABIDR,0.0,2026-05-26
binance,MOVRBNB,0.0,2026-05-26
binance,QIBNB,0.0,2026-05-26
binance,FISTRY,0.0,2026-05-26
binance,FISBIDR,0.0,2026-05-26
binance,AMPBNB,0.0,2026-05-26
binance,ANYBTC,0.0,2026-05-26
binance,ANYBUSD,0.0,2026-05-26
binance,ANYUSDT,0.0,2026-05-26
binance,GXSBNB,0.0,2026-05-26
binance,LUNAETH,0.0,2026-05-26
binance,SPELLBTC,0.0,2026-05-26
binance,USTBTC,0.0,2026-05-26
binance,USTBUSD,0.0,2026-05-26
binance,USTUSDT,0.0,2026-05-26
binance,LUNABRL,0.0,2026-05-26
binance,LUNAUST,0.0,2026-05-26
binance,ETHUST,0.0,2026-05-26
binance,ATOMBIDR,0.0,2026-05-26
binance,DYDXETH,0.0,2026-05-26
binance,FARMETH,0.0,2026-05-26
binance,FORBNB,0.0,2026-05-26
binance,LINABNB,0.0,2026-05-26
binance,BNBUST,0.0,2026-05-26
binance,SPELLBNB,0.0,2026-05-26
binance,API3BNB,0.0,2026-05-26
binance,TLMBNB,0.0,2026-05-26
binance,LUNAGBP,0.0,2026-05-26
binance,BTCUST,0.0,2026-05-26
binance,XAUTUSD1,0.0,2026-05-26
bitget,BABYDOGEUSDT,114046492030924.0,2026-05-26
bitget,NEXUSDT,15625147780451.15,2026-05-26
bitget,SATSUSDT,766060167710.2,2026-05-26
bitget,PEPEUSDT,330845402713.0,2026-05-26
bitget,NFTUSDT,234369525849.0,2026-05-26
bitget,MOGUSDT,115479669015.0,2026-05-26
bitget,SHIBUSDT,79466380566.9174,2026-05-26
bitget,QUBICUSDT,58134569843.82,2026-05-26
bitget,CHEEMSUSDT,15428539592.4,2026-05-26
bitget,BTTUSDT,14850015726.0,2026-05-26
bitget,BONKUSDT,8047314516.0,2026-05-26
bitget,DOGSUSDT,5140667808.34,2026-05-26
bitget,FLOKIUSDT,3629245802.33,2026-05-26
bitget,HMSTRUSDT,2624040505.1,2026-05-26
bitget,LUNCUSDT,1913325953.0,2026-05-26
bitget,RATSUSDT,1435264362.8,2026-05-26
bitget,HTXUSDT,1281197183.77,2026-05-26
bitget,MOEWUSDT,900963497.81,2026-05-26
bitget,PEPEUSDC,790366751.0,2026-05-26
bitget,ABUSDT,761424744.1,2026-05-26
bitget,NEIROCTOUSDT,756746797.77,2026-05-26
bitget,U2UUSDT,691405538.71,2026-05-26
bitget,LATUSDT,448888535.0,2026-05-26
bitget,PEPEEUR,444157711.64189,2026-05-26
bitget,SHIBEUR,423260454.44,2026-05-26
bitget,WINUSDT,423034368.0,2026-05-26
bitget,NOTUSDT,413007866.27,2026-05-26
bitget,TAGUSDT,377341891.0,2026-05-26
bitget,BILLUSDT,340709171.17,2026-05-26
bitget,PUMPUSDT,269593958.72,2026-05-26
bitget,TOWNUSDT,190453036.6,2026-05-26
bitget,SNEKUSDT,181120931.27,2026-05-26
bitget,ZKLUSDT,177057939.34,2026-05-26
bitget,RVVUSDT,174648919.3,2026-05-26
bitget,TOSHIUSDT,167180838.3,2026-05-26
bitget,BDXNUSDT,150231574.58,2026-05-26
bitget,SWEATUSDT,129591700.0,2026-05-26
bitget,JCTUSDT,129409378.2,2026-05-26
bitget,GAME2USDT,125169694.27,2026-05-26
bitget,ZTCUSDT,102069343.85,2026-05-26
bitget,CAMPUSDT,98794368.98,2026-05-26
bitget,DMCUSDT,95414003.8,2026-05-26
bitget,BGSCUSDT,94941076.48,2026-05-26
bitget,UPUSDT,91533060.89,2026-05-26
bitget,ZBCNUSDT,88808212.0,2026-05-26
bitget,HIPPOUSDT,85489147.69,2026-05-26
bitget,ALUSDT,83272684.0448,2026-05-26
bitget,ESPORTSUSDT,82750495.2,2026-05-26
bitget,SLXUSDT,78288068.06,2026-05-26
bitget,SDEXUSDT,71716355.63,2026-05-26
bitget,BOMEUSDT,71346501.7,2026-05-26
bitget,PLAIUSDT,58515818.32,2026-05-26
bitget,SYSUSDT,54092732.0,2026-05-26
bitget,BLESSUSDT,51017478.27,2026-05-26
bitget,DOGUSDT,49536508.3,2026-05-26
bitget,PENGUUSDT,46129987.34,2026-05-26
bitget,VERTUSDT,45675647.49,2026-05-26
bitget,INUSDT,44972916.4,2026-05-26
bitget,MAPOUSDT,41761910.0,2026-05-26
bitget,DOGEUSDT,41593157.894,2026-05-26
bitget,XDCUSDT,38585733.24,2026-05-26
bitget,ACNUSDT,38522577.23,2026-05-26
bitget,SAGAUSDT,37998499.65,2026-05-26
bitget,VTHOUSDT,34399694.45,2026-05-26
bitget,SWARMSUSDT,31447951.66,2026-05-26
bitget,XCXUSDT,30496571.0,2026-05-26
bitget,FROGGIEUSDT,29061296.4,2026-05-26
bitget,TRXUSDT,27939170.8506,2026-05-26
bitget,BSBUSDT,27416047.08,2026-05-26
bitget,BANANAS31USDT,25175695.03,2026-05-26
bitget,BRETTUSDT,25005574.79,2026-05-26
bitget,NOMUSDT,24158050.67,2026-05-26
bitget,HOOLIUSDT,24120122.53,2026-05-26
bitget,KLVUSDT,23665812.323,2026-05-26
bitget,RSRUSDT,23223963.0521,2026-05-26
bitget,USDCUSDT,22152251.4687,2026-05-26
bitget,MASUSDT,21961939.7,2026-05-26
bitget,SPACEUSDT,21694269.2,2026-05-26
bitget,MEMEUSDT,21154538.1,2026-05-26
bitget,TURBOUSDT,20951628.0,2026-05-26
bitget,WARDUSDT,20531229.13,2026-05-26
bitget,IOSTUSDT,20066548.4,2026-05-26
bitget,MEWUSDT,19917073.0,2026-05-26
bitget,GALAUSDT,19553151.7533,2026-05-26
bitget,MONUSDT,19334611.2,2026-05-26
bitget,CHZUSDT,18920607.2714,2026-05-26
bitget,SKYAIUSDT,18795564.67,2026-05-26
bitget,USUSDT,17796418.6,2026-05-26
bitget,AIAVUSDT,17746221.25,2026-05-26
bitget,LINEAUSDT,16989943.13,2026-05-26
bitget,AMPUSDT,16934198.976,2026-05-26
bitget,EGL1USDT,16380728.79,2026-05-26
bitget,ATHUSDT,16168504.21,2026-05-26
bitget,SLPUSDT,15970630.1134,2026-05-26
bitget,NIGHTUSDT,15475963.22,2026-05-26
bitget,BEAMUSDT,15455743.19,2026-05-26
bitget,BABYUSDT,15269324.1,2026-05-26
bitget,EDENUSDT,15091127.96,2026-05-26
bitget,IRYSUSDT,14753114.6,2026-05-26
bitget,MAKUSDT,14635560.61,2026-05-26
bitget,WLDUSDT,14304769.89,2026-05-26
bitget,AIGENSYNUSDT,13405151.41,2026-05-26
bitget,ADAUSDT,13129607.913,2026-05-26
bitget,ESIMUSDT,13088957.26,2026-05-26
bitget,BTRUSDT,12712859.28,2026-05-26
bitget,KASUSDT,12681585.0,2026-05-26
bitget,FOGOUSDT,12464124.5,2026-05-26
bitget,RLSUSDT,12232696.4,2026-05-26
bitget,RWAUSDT,11796342.7,2026-05-26
bitget,WUSDT,11791616.29,2026-05-26
bitget,HOMEUSDT,11697736.0,2026-05-26
bitget,VOOIUSDT,11475515.2,2026-05-26
bitget,DOGEUSDC,10658428.353,2026-05-26
bitget,FIDAUSDT,10408441.9,2026-05-26
bitget,XPLUSDT,10375405.52,2026-05-26
bitget,DEGENUSDT,10139428.24,2026-05-26
bitget,BABYSHARKUSDT,9866127.3,2026-05-26
bitget,CKBUSDT,9856038.55,2026-05-26
bitget,FUELUSDT,9831965.88,2026-05-26
bitget,NILUSDT,9802361.09,2026-05-26
bitget,ONDOUSDT,9751566.98,2026-05-26
bitget,FFUSDT,9746073.94,2026-05-26
bitget,REZUSDT,9738051.28,2026-05-26
bitget,PEAQUSDT,9601830.66,2026-05-26
bitget,ASTERUSDT,9562346.81,2026-05-26
bitget,XRPUSDT,9371520.2665,2026-05-26
bitget,AIAUSDT,9288154.78,2026-05-26
bitget,PENGUINUSDT,9208446.17,2026-05-26
bitget,ENAUSDT,8994835.27,2026-05-26
bitget,ALTUSDT,8951504.13,2026-05-26
bitget,SAHARAUSDT,8853724.34,2026-05-26
bitget,PHAUSDT,8674679.62,2026-05-26
bitget,ROAMUSDT,8635347.8,2026-05-26
bitget,BGBUSDT,8561840.8844,2026-05-26
bitget,PLUMEUSDT,8410021.89,2026-05-26
bitget,RHEAUSDT,8246860.74,2026-05-26
bitget,MGOUSDT,8150700.39,2026-05-26
bitget,USDGOUSDT,7911338.1813,2026-05-26
bitget,NESSUSDT,7794927.4,2026-05-26
bitget,RVNUSDT,7687141.5,2026-05-26
bitget,FUNUSDT,7606211.2,2026-05-26
bitget,ASTRUSDT,7598008.0,2026-05-26
bitget,ROSEUSDT,7568141.7,2026-05-26
bitget,SWELLUSDT,7565176.88,2026-05-26
bitget,GMTUSDT,7177769.83,2026-05-26
bitget,SUIUSDT,7165134.31,2026-05-26
bitget,FETUSDT,7152067.0,2026-05-26
bitget,CUDISUSDT,7118211.31,2026-05-26
bitget,ROLLUSDT,7110762.44,2026-05-26
bitget,GAIAUSDT,6953329.03,2026-05-26
bitget,NAORISUSDT,6846934.96,2026-05-26
bitget,DTECUSDT,6796807.85,2026-05-26
bitget,VSNUSDT,6761243.17,2026-05-26
bitget,KATUSDT,6705483.43,2026-05-26
bitget,QUSDT,6527557.4,2026-05-26
bitget,TLMUSDT,6498527.3844,2026-05-26
bitget,PIUSDT,6474879.22,2026-05-26
bitget,HFTUSDT,6446156.255,2026-05-26
bitget,10SETUSDT,6434005.52,2026-05-26
bitget,VANRYUSDT,6280181.6,2026-05-26
bitget,COLLECTUSDT,6243539.64,2026-05-26
bitget,DRIFTUSDT,6122443.961,2026-05-26
bitget,WLFIUSDT,5996476.9,2026-05-26
bitget,FHEUSDT,5982700.41,2026-05-26
bitget,NEROUSDT,5815223.45,2026-05-26
bitget,STABLEUSDT,5777307.8,2026-05-26
bitget,FUSDT,5755102.76,2026-05-26
bitget,DOODUSDT,5705008.05,2026-05-26
bitget,AIXBTUSDT,5657549.98,2026-05-26
bitget,BLASTUSDT,5615879.61,2026-05-26
bitget,RESOLVUSDT,5603906.54,2026-05-26
bitget,TOWNSUSDT,5591533.14,2026-05-26
bitget,MLUSDT,5494313.85,2026-05-26
bitget,COOKIEUSDT,5418102.33,2026-05-26
bitget,ZKUSDT,5373994.24,2026-05-26
bitget,CGNUSDT,5371062.77,2026-05-26
bitget,A8USDT,5281935.75,2026-05-26
bitget,HBARUSDT,5187670.69,2026-05-26
bitget,ANKRUSDT,5073334.2308,2026-05-26
bitget,HUSDT,5030630.5,2026-05-26
bitget,PROPSUSDT,4952264.76,2026-05-26
bitget,PARTIUSDT,4934932.75,2026-05-26
bitget,A47USDT,4934383.5,2026-05-26
bitget,XLMUSDT,4833482.18,2026-05-26
bitget,SENTUSDT,4631197.64,2026-05-26
bitget,TRIAUSDT,4592592.0,2026-05-26
bitget,ACHUSDT,4475191.0,2026-05-26
bitget,CHILLGUYUSDT,4393473.03,2026-05-26
bitget,NEARUSDT,4347701.46,2026-05-26
bitget,HUMAUSDT,4292934.67,2026-05-26
bitget,TCOMUSDT,4240663.35,2026-05-26
bitget,MUBARAKUSDT,4237639.07,2026-05-26
bitget,WAIUSDT,4177694.8,2026-05-26
bitget,AWEUSDT,4147238.97,2026-05-26
bitget,PCIUSDT,4143003.0,2026-05-26
bitget,VELOUSDT,4039719.0,2026-05-26
bitget,ORBSUSDT,4020812.79,2026-05-26
bitget,BAYUSDT,3937427.7,2026-05-26
bitget,ARBUSDT,3928620.52,2026-05-26
bitget,SOONUSDT,3867316.19,2026-05-26
bitget,BIOUSDT,3796466.26,2026-05-26
bitget,XTERUSDT,3612889.41,2026-05-26
bitget,TIAUSDT,3454420.9,2026-05-26
bitget,ERAUSDT,3429985.83,2026-05-26
bitget,GOATUSDT,3406057.66,2026-05-26
bitget,GWEIUSDT,3268063.91,2026-05-26
bitget,VETUSDT,3188559.06,2026-05-26
bitget,AIOUSDT,3170094.54,2026-05-26
bitget,JELLYJELLYUSDT,3149004.01,2026-05-26
bitget,PNUTUSDT,3142894.01,2026-05-26
bitget,COREUSDT,3067642.66,2026-05-26
bitget,UMXMUSDT,3064636.64,2026-05-26
bitget,EIGENUSDT,3041495.9,2026-05-26
bitget,TRUSTUSDT,3026812.84,2026-05-26
bitget,MEZOUSDT,2972304.03,2026-05-26
bitget,PYTHUSDT,2969326.55,2026-05-26
bitget,GAIBUSDT,2944982.17,2026-05-26
bitget,ZORAUSDT,2940609.45,2026-05-26
bitget,SEIUSDT,2912952.95,2026-05-26
bitget,LMWRUSDT,2899547.97,2026-05-26
bitget,KAIAUSDT,2874452.6706,2026-05-26
bitget,ZENTUSDT,2866187.68,2026-05-26
bitget,TONUSDT,2788343.13,2026-05-26
bitget,MMTUSDT,2771567.4,2026-05-26
bitget,GENIUSUSDT,2678030.33,2026-05-26
bitget,CPOOLUSDT,2617765.21,2026-05-26
bitget,NPCUSDT,2594063.76,2026-05-26
bitget,ZIGUSDT,2558994.8,2026-05-26
bitget,GRTUSDT,2552132.2309,2026-05-26
bitget,GRASSUSDT,2527575.16,2026-05-26
bitget,GOMININGUSDT,2481836.21,2026-05-26
bitget,LNQUSDT,2435861.77,2026-05-26
bitget,XAIUSDT,2424197.17,2026-05-26
bitget,STRKUSDT,2391771.81,2026-05-26
bitget,MYXUSDT,2389995.21,2026-05-26
bitget,NYMUSDT,2366117.0,2026-05-26
bitget,DEEPUSDT,2362145.18,2026-05-26
bitget,SPKUSDT,2289201.6,2026-05-26
bitget,FARTCOINUSDT,2206599.28,2026-05-26
bitget,NFPUSDT,2204909.8,2026-05-26
bitget,JASMYUSDT,2156971.7749,2026-05-26
bitget,IRUSDT,2152651.26,2026-05-26
bitget,VELVETUSDT,2130742.31,2026-05-26
bitget,MOCAUSDT,2104401.17,2026-05-26
bitget,PORTALUSDT,2103020.32,2026-05-26
bitget,CGPTUSDT,2094853.0,2026-05-26
bitget,LAUSDT,2089113.51,2026-05-26
bitget,BMTUSDT,2086718.33,2026-05-26
bitget,TLOSUSDT,2070162.8509,2026-05-26
bitget,MANTAUSDT,2063036.49,2026-05-26
bitget,SOMIUSDT,2058085.98,2026-05-26
bitget,CELRUSDT,2057813.2812,2026-05-26
bitget,ZBTUSDT,2054234.65,2026-05-26
bitget,VIRTUALUSDT,2030364.46,2026-05-26
bitget,USTCUSDT,2003912.0,2026-05-26
bitget,SONICUSDT,1982192.34,2026-05-26
bitget,SXTUSDT,1966384.53,2026-05-26
bitget,DYMUSDT,1884171.59,2026-05-26
bitget,MANTRAUSDT,1868114.42,2026-05-26
bitget,IDOLUSDT,1832649.02,2026-05-26
bitget,SKLUSDT,1830968.6,2026-05-26
bitget,BROCCOLIUSDT,1818551.51,2026-05-26
bitget,MOVEUSDT,1786153.78,2026-05-26
bitget,ROBOUSDT,1779687.75,2026-05-26
bitget,LIGHTUSDT,1764487.6,2026-05-26
bitget,MERLUSDT,1751779.8,2026-05-26
bitget,SOLVUSDT,1730830.82,2026-05-26
bitget,GUSDT,1707107.36,2026-05-26
bitget,AVNTUSDT,1696528.54,2026-05-26
bitget,ZAMAUSDT,1695594.09,2026-05-26
bitget,SIGNUSDT,1674296.7,2026-05-26
bitget,OPUSDT,1668193.68,2026-05-26
bitget,MEGAUSDT,1656401.64,2026-05-26
bitget,BTWUSDT,1648055.65,2026-05-26
bitget,BICOUSDT,1646803.56,2026-05-26
bitget,RENDERUSDT,1638870.37,2026-05-26
bitget,APRUSDT,1622950.69,2026-05-26
bitget,CESSUSDT,1559094.08,2026-05-26
bitget,BANUSDT,1556761.81,2026-05-26
bitget,DUSDT,1541006.63,2026-05-26
bitget,AUSDT,1515267.62,2026-05-26
bitget,GUNUSDT,1480579.77,2026-05-26
bitget,RIFUSDT,1459589.69,2026-05-26
bitget,USDTEUR,1445698.0,2026-05-26
bitget,KITEUSDT,1421728.45,2026-05-26
bitget,AINUSDT,1394493.04,2026-05-26
bitget,IKAUSDT,1388850.94,2026-05-26
bitget,CROUSDT,1380256.8003,2026-05-26
bitget,ANIMEUSDT,1376393.11,2026-05-26
bitget,MEUSDT,1326711.59,2026-05-26
bitget,POLUSDT,1323260.26,2026-05-26
bitget,RAREUSDT,1317529.5,2026-05-26
bitget,VELODROMEUSDT,1303266.6,2026-05-26
bitget,BUSDT,1284546.71,2026-05-26
bitget,BIGTIMEUSDT,1262194.29,2026-05-26
bitget,SOPHUSDT,1254109.44,2026-05-26
bitget,PROSUSDT,1249288.49,2026-05-26
bitget,TREEUSDT,1241494.73,2026-05-26
bitget,C98USDT,1227849.6772,2026-05-26
bitget,CUSDT,1203753.2,2026-05-26
bitget,ILYUSDT,1190666.1,2026-05-26
bitget,ENJUSDT,1165811.7,2026-05-26
bitget,RAVEUSDT,1159366.22,2026-05-26
bitget,TACUSDT,1113002.6,2026-05-26
bitget,B2USDT,1090743.99,2026-05-26
bitget,WIFUSDT,1081582.67,2026-05-26
bitget,HYPEUSDT,1072650.63,2026-05-26
bitget,HIVEUSDT,1069928.77,2026-05-26
bitget,BANKUSDT,1061072.39,2026-05-26
bitget,ICNTUSDT,1058081.17,2026-05-26
bitget,WCTUSDT,1054497.09,2026-05-26
bitget,XRPUSDC,1053924.0,2026-05-26
bitget,OPENUSDT,1040330.46,2026-05-26
bitget,JUPUSDT,1022212.25,2026-05-26
bitget,FLOCKUSDT,1011733.39,2026-05-26
bitget,SYRUPUSDT,983060.14,2026-05-26
bitget,TRXUSDC,979795.7,2026-05-26
bitget,ONTUSDT,963796.0,2026-05-26
bitget,AEVOUSDT,955554.27,2026-05-26
bitget,SKYUSDT,934820.76,2026-05-26
bitget,MIRAUSDT,929786.53,2026-05-26
bitget,ALGOUSDT,924378.43,2026-05-26
bitget,SAPIENUSDT,922370.45,2026-05-26
bitget,RECALLUSDT,910253.65,2026-05-26
bitget,CFXUSDT,902457.5,2026-05-26
bitget,ARIAUSDT,893062.7,2026-05-26
bitget,PEOPLEUSDT,891735.2416,2026-05-26
bitget,ZKJUSDT,878296.43,2026-05-26
bitget,BLURUSDT,877566.991,2026-05-26
bitget,JTOUSDT,876086.63,2026-05-26
bitget,KGENUSDT,865214.87,2026-05-26
bitget,KAITOUSDT,864528.91,2026-05-26
bitget,2ZUSDT,859098.71,2026-05-26
bitget,CELOUSDT,853458.7816,2026-05-26
bitget,IOUSDT,851295.0,2026-05-26
bitget,ARKMUSDT,843159.62,2026-05-26
bitget,CRVUSDT,833687.5079,2026-05-26
bitget,TUTUSDT,817482.0,2026-05-26
bitget,LABUSDT,812977.81,2026-05-26
bitget,CATIUSDT,811892.83,2026-05-26
bitget,SUSDT,801060.66,2026-05-26
bitget,USDCEUR,753422.01,2026-05-26
bitget,PROMPTUSDT,752500.5,2026-05-26
bitget,PROVEUSDT,740086.26,2026-05-26
bitget,CYSUSDT,735102.7,2026-05-26
bitget,API3USDT,733554.96,2026-05-26
bitget,ICPUSDT,726613.6143,2026-05-26
bitget,IDUSDT,723957.0,2026-05-26
bitget,ZKCUSDT,719318.27,2026-05-26
bitget,BBUSDT,717152.11,2026-05-26
bitget,ZILUSDT,703589.063,2026-05-26
bitget,PUBLICUSDT,688330.63,2026-05-26
bitget,TNSRUSDT,685641.23,2026-05-26
bitget,ETHFIUSDT,684782.72,2026-05-26
bitget,HOTUSDT,684510.8361,2026-05-26
bitget,NXPCUSDT,675916.33,2026-05-26
bitget,SKRUSDT,658520.52,2026-05-26
bitget,BLENDUSDT,656025.91,2026-05-26
bitget,ARPAUSDT,648222.6,2026-05-26
bitget,PUFFERUSDT,645792.9,2026-05-26
bitget,POWERUSDT,630654.15,2026-05-26
bitget,IOTXUSDT,621232.0,2026-05-26
bitget,CROSSUSDT,619154.74,2026-05-26
bitget,MAGMAUSDT,618643.3,2026-05-26
bitget,WOOUSDT,616022.4,2026-05-26
bitget,STRAXUSDT,606540.28,2026-05-26
bitget,SUPERUSDT,606430.8,2026-05-26
bitget,UUSDC,602243.32,2026-05-26
bitget,USDGOUSDC,599617.0176,2026-05-26
bitget,PIXELUSDT,580628.33,2026-05-26
bitget,EDGEUSDT,569938.85,2026-05-26
bitget,TAIKOUSDT,560940.26,2026-05-26
bitget,KAIOUSDT,545374.14,2026-05-26
bitget,KMNOUSDT,544229.22,2026-05-26
bitget,GPSUSDT,538505.66,2026-05-26
bitget,MOODENGUSDT,536935.65,2026-05-26
bitget,CETUSUSDT,535834.32,2026-05-26
bitget,FILUSDT,533014.5023,2026-05-26
bitget,IPUSDT,526581.6,2026-05-26
bitget,PRLUSDT,524588.5,2026-05-26
bitget,WALUSDT,518566.48,2026-05-26
bitget,AXLUSDT,511902.86,2026-05-26
bitget,USUALUSDT,508538.39,2026-05-26
bitget,ALPHUSDT,490818.98,2026-05-26
bitget,OPNUSDT,484728.99,2026-05-26
bitget,FORMUSDT,482230.51,2026-05-26
bitget,HYPERUSDT,479655.37,2026-05-26
bitget,APEUSDT,476999.8831,2026-05-26
bitget,MAVUSDT,476944.69,2026-05-26
bitget,AEROUSDT,466588.11,2026-05-26
bitget,SUNUSDT,466193.0,2026-05-26
bitget,COTIUSDT,463432.0304,2026-05-26
bitget,INJUSDT,459257.1,2026-05-26
bitget,SOLUSDT,452850.0842,2026-05-26
bitget,DYDXUSDT,451621.7289,2026-05-26
bitget,DOTUSDT,450602.9369,2026-05-26
bitget,POLYXUSDT,448664.739,2026-05-26
bitget,TXUSDT,441162.7,2026-05-26
bitget,UAIUSDT,433609.98,2026-05-26
bitget,ACTUSDT,426162.04,2026-05-26
bitget,LITUSDT,419740.27,2026-05-26
bitget,HEIUSDT,403966.77,2026-05-26
bitget,DBRUSDT,400285.97,2026-05-26
bitget,DOGEBTC,397860.4035,2026-05-26
bitget,MANAUSDT,390407.9145,2026-05-26
bitget,ACEUSDT,388419.88,2026-05-26
bitget,LUMIAUSDT,387026.96,2026-05-26
bitget,CHRUSDT,385699.7928,2026-05-26
bitget,YGGUSDT,383049.361,2026-05-26
bitget,RONUSDT,378038.0,2026-05-26
bitget,STORJUSDT,376825.2125,2026-05-26
bitget,HOLDUSDT,375830.02,2026-05-26
bitget,COAIUSDT,362181.45,2026-05-26
bitget,SAFEUSDT,340142.21,2026-05-26
bitget,ONEUSDT,337843.0,2026-05-26
bitget,KAVAUSDT,334548.7,2026-05-26
bitget,LDOUSDT,323658.6777,2026-05-26
bitget,CCUSDT,322079.32,2026-05-26
bitget,INITUSDT,321859.51,2026-05-26
bitget,RIVERUSDT,316615.7,2026-05-26
bitget,DUSKUSDT,315471.0,2026-05-26
bitget,FLUXUSDT,311277.054,2026-05-26
bitget,OGNUSDT,309231.2101,2026-05-26
bitget,CBKUSDT,308988.81,2026-05-26
bitget,NODEUSDT,307222.42,2026-05-26
bitget,USDTBRL,303478.3,2026-05-26
bitget,ACXUSDT,302292.57,2026-05-26
bitget,TRADOORUSDT,294500.59,2026-05-26
bitget,TRUMPUSDT,291142.57,2026-05-26
bitget,ADAUSDC,287612.0,2026-05-26
bitget,USDEUSDT,284804.95,2026-05-26
bitget,DODOUSDT,281176.2,2026-05-26
bitget,MINAUSDT,278173.18,2026-05-26
bitget,HAEDALUSDT,277672.34,2026-05-26
bitget,APTUSDT,277605.29,2026-05-26
bitget,BREVUSDT,275156.51,2026-05-26
bitget,SHELLUSDT,274503.16,2026-05-26
bitget,LINKUSDT,273823.9444,2026-05-26
bitget,ZRXUSDT,271154.1033,2026-05-26
bitget,VANAUSDT,260703.79,2026-05-26
bitget,PUMPBTCUSDT,260597.07,2026-05-26
bitget,ESUSDT,257189.79,2026-05-26
bitget,XLMUSDC,256092.0,2026-05-26
bitget,FETUSDC,249595.9,2026-05-26
bitget,ELAUSDT,239167.52,2026-05-26
bitget,BIRBUSDT,237256.5,2026-05-26
bitget,ORDERUSDT,236184.1,2026-05-26
bitget,UPCUSDT,236033.8,2026-05-26
bitget,TUSDT,221510.0,2026-05-26
bitget,MORPHOUSDT,218797.82,2026-05-26
bitget,CARVUSDT,213511.84,2026-05-26
bitget,SANDUSDT,213134.7593,2026-05-26
bitget,UUSDT,207392.82,2026-05-26
bitget,STOUSDT,205083.37,2026-05-26
bitget,BLUEUSDT,204505.12,2026-05-26
bitget,AVAXUSDT,203963.0383,2026-05-26
bitget,UNIUSDT,202816.4947,2026-05-26
bitget,REDUSDT,199924.59,2026-05-26
bitget,LUNAUSDT,193647.492,2026-05-26
bitget,STXUSDT,187043.13,2026-05-26
bitget,HPPUSDT,182620.11,2026-05-26
bitget,YBUSDT,175584.11,2026-05-26
bitget,IMXUSDT,173561.7786,2026-05-26
bitget,USDTUSD,166065.49,2026-05-26
bitget,CTSIUSDT,163150.4,2026-05-26
bitget,BARDUSDT,161638.55,2026-05-26
bitget,MUSDT,160670.62,2026-05-26
bitget,1INCHUSDT,154463.4499,2026-05-26
bitget,PHBUSDT,148325.578,2026-05-26
bitget,RTXUSDT,146292.1,2026-05-26
bitget,USDGOUSD,146100.3784,2026-05-26
bitget,MAXEXCHANGEUSDT,145137.21,2026-05-26
bitget,LAYERUSDT,140273.17,2026-05-26
bitget,SYNUSDT,139316.52,2026-05-26
bitget,TRXETH,138378.4039,2026-05-26
bitget,PENDLEUSDT,135959.964,2026-05-26
bitget,ICPUSDC,132812.54,2026-05-26
bitget,ZETAUSDT,132764.95,2026-05-26
bitget,BRUSDT,130649.03,2026-05-26
bitget,BGBUSDC,130133.0708,2026-05-26
bitget,JSTUSDT,129016.6274,2026-05-26
bitget,ONDOUSDC,127686.25,2026-05-26
bitget,ALLOUSDT,125846.46,2026-05-26
bitget,ORCAUSDT,124877.91,2026-05-26
bitget,BERAUSDT,123739.57,2026-05-26
bitget,NEWTUSDT,122094.5,2026-05-26
bitget,PRIMEUSDT,120771.4,2026-05-26
bitget,ARTXUSDT,117187.94,2026-05-26
bitget,ORDIUSDT,116817.374,2026-05-26
bitget,LPTUSDT,110761.68,2026-05-26
bitget,XIONUSDT,107402.91,2026-05-26
bitget,ALICEUSDT,103480.8092,2026-05-26
bitget,CTCUSDT,102194.98,2026-05-26
bitget,TONUSDC,101522.52,2026-05-26
bitget,XRPRLUSD,100285.4573,2026-05-26
bitget,PYUSDUSDT,100144.07,2026-05-26
bitget,METUSDT,100002.75,2026-05-26
bitget,VICUSDT,93709.41,2026-05-26
bitget,RAYUSDT,92921.69,2026-05-26
bitget,USD1USDT,92774.54,2026-05-26
bitget,VFYUSDT,91436.3,2026-05-26
bitget,GLMUSDT,90994.0,2026-05-26
bitget,ARUSDT,90359.48,2026-05-26
bitget,0GUSDT,89805.49,2026-05-26
bitget,KNCUSDT,88610.619,2026-05-26
bitget,SDUSDT,84837.919,2026-05-26
bitget,ICXUSDT,82511.84,2026-05-26
bitget,BATUSDT,80310.6562,2026-05-26
bitget,AUDIOUSDT,79807.4865,2026-05-26
bitget,MTLUSDT,77038.2,2026-05-26
bitget,AGLDUSDT,75651.2868,2026-05-26
bitget,KERNELUSDT,74459.2,2026-05-26
bitget,ZROUSDT,73101.99,2026-05-26
bitget,JOEUSDT,71533.46,2026-05-26
bitget,ATOMUSDT,68692.7526,2026-05-26
bitget,AFCUSDT,68259.09,2026-05-26
bitget,USDCUSD,65513.37,2026-05-26
bitget,LISTAUSDT,59778.06,2026-05-26
bitget,IAGUSDT,59647.55,2026-05-26
bitget,SUIUSDC,59513.2,2026-05-26
bitget,KUBUSDT,59114.54,2026-05-26
bitget,SUIEUR,57773.34,2026-05-26
bitget,BANDUSDT,57611.7396,2026-05-26
bitget,ENSOUSDT,56057.42,2026-05-26
bitget,MASKUSDT,53673.3532,2026-05-26
bitget,WEMIXUSDT,52000.6132,2026-05-26
bitget,SNXUSDT,50680.063,2026-05-26
bitget,ETHUSDT,50359.9352,2026-05-26
bitget,COWUSDT,49653.67,2026-05-26
bitget,FILUSDC,47053.5972,2026-05-26
bitget,PUNDIXUSDT,42855.776,2026-05-26
bitget,NSUSDT,42054.45,2026-05-26
bitget,AXSUSDT,41070.9801,2026-05-26
bitget,HOLOUSDT,39904.3,2026-05-26
bitget,ARBUSDC,39573.7,2026-05-26
bitget,STGUSDT,35745.447,2026-05-26
bitget,DOGEUSD1,34595.0364,2026-05-26
bitget,RLCUSDT,34178.6309,2026-05-26
bitget,RUNEUSDT,33846.922,2026-05-26
bitget,LQTYUSDT,33744.28,2026-05-26
bitget,RLUSDUSDT,32042.21,2026-05-26
bitget,WUSDUSDT,29102.26,2026-05-26
bitget,RENDERUSDC,27007.67,2026-05-26
bitget,WAVESUSDT,26966.966,2026-05-26
bitget,SUSHIUSDT,25549.7951,2026-05-26
bitget,STXUSDC,24452.1,2026-05-26
bitget,XTZUSDT,23890.2,2026-05-26
bitget,LTCUSDT,22039.7229,2026-05-26
bitget,INTERUSDT,21721.44,2026-05-26
bitget,SOLUSDC,20890.95,2026-05-26
bitget,APTUSDC,20597.89,2026-05-26
bitget,RLUSDUSDC,20539.32,2026-05-26
bitget,ZENUSDT,20075.91,2026-05-26
bitget,MXUSDT,19508.52,2026-05-26
bitget,OPUSDC,18707.19,2026-05-26
bitget,BNTUSDT,18331.1763,2026-05-26
bitget,BGBBTC,18109.756,2026-05-26
bitget,GASUSDT,15800.15,2026-05-26
bitget,SANTOSUSDT,15704.153,2026-05-26
bitget,UMAUSDT,15612.0836,2026-05-26
bitget,HNTUSDT,15300.348,2026-05-26
bitget,XRPEUR,15184.4781,2026-05-26
bitget,TWTUSDT,15142.119,2026-05-26
bitget,ONDOEUR,15076.82,2026-05-26
bitget,TAOUSDT,14710.418,2026-05-26
bitget,SFPUSDT,14632.0,2026-05-26
bitget,MOVRUSDT,14624.1373,2026-05-26
bitget,AVAUSDT,13973.22,2026-05-26
bitget,QTUMUSDT,13261.5135,2026-05-26
bitget,CAKEUSDT,12446.8577,2026-05-26
bitget,USDSUSDT,12311.47,2026-05-26
bitget,CYBERUSDT,12222.55,2026-05-26
bitget,ETCUSDT,11979.3074,2026-05-26
bitget,BGBETH,11707.3516,2026-05-26
bitget,DOGEEUR,11165.1,2026-05-26
bitget,PROMUSDT,11038.388,2026-05-26
bitget,ENAEUR,10799.57,2026-05-26
bitget,TRUMPUSDC,10157.09,2026-05-26
bitget,ASRUSDT,10082.07,2026-05-26
bitget,XRPBTC,9679.0455,2026-05-26
bitget,LINKUSDC,9618.23,2026-05-26
bitget,AAVEUSDT,9589.4391,2026-05-26
bitget,INJUSDC,9398.83,2026-05-26
bitget,ARGUSDT,9093.06,2026-05-26
bitget,ZECUSDT,8823.238,2026-05-26
bitget,ALPINEUSDT,7413.4631,2026-05-26
bitget,ENSUSDT,7043.5757,2026-05-26
bitget,POLUSDC,6528.7,2026-05-26
bitget,UNIUSDC,6494.31,2026-05-26
bitget,BGBBRL,6465.6069,2026-05-26
bitget,GMXUSDT,5904.54,2026-05-26
bitget,ADAEUR,5685.1,2026-05-26
bitget,FRAXUSDT,5676.95,2026-05-26
bitget,BGBEUR,5612.1246,2026-05-26
bitget,FTTUSDT,5557.92,2026-05-26
bitget,PSGUSDT,5463.965,2026-05-26
bitget,TONEUR,4950.03,2026-05-26
bitget,NEOUSDT,4621.379,2026-05-26
bitget,BTCUSDT,4577.364577,2026-05-26
bitget,SSVUSDT,3913.345,2026-05-26
bitget,BSVUSDT,3734.98,2026-05-26
bitget,CLANKERUSDT,3685.56,2026-05-26
bitget,ILVUSDT,3664.5722,2026-05-26
bitget,NMRUSDT,3475.37,2026-05-26
bitget,AVAXUSDC,3346.52,2026-05-26
bitget,USD1USDC,2760.15,2026-05-26
bitget,TUSDUSDT,2660.0,2026-05-26
bitget,JUVUSDT,2651.6002,2026-05-26
bitget,METISUSDT,2633.0975,2026-05-26
bitget,USATUSDT,2374.21,2026-05-26
bitget,BNBUSDT,2321.225,2026-05-26
bitget,KSMUSDT,2288.182,2026-05-26
bitget,XRPUSD1,2229.224,2026-05-26
bitget,ETHUSDC,2177.7132,2026-05-26
bitget,USDEUSDC,2118.3,2026-05-26
bitget,SUIUSD1,1995.11,2026-05-26
bitget,AUCTIONUSDT,1957.4702,2026-05-26
bitget,COMPUSDT,1937.5397,2026-05-26
bitget,POWRUSDT,1894.403,2026-05-26
bitget,EGLDUSDT,1842.378,2026-05-26
bitget,BANANAUSDT,1801.48,2026-05-26
bitget,RPLUSDT,1690.7303,2026-05-26
bitget,ATMUSDT,1593.98,2026-05-26
bitget,CVXUSDT,1540.9627,2026-05-26
bitget,NEXOUSDT,1305.74,2026-05-26
bitget,XAUTUSDT,1230.3164,2026-05-26
bitget,BCHUSDT,1207.3643,2026-05-26
bitget,PREOPAIUSDT,1020.8182,2026-05-26
bitget,TRBUSDT,937.0163,2026-05-26
bitget,OGUSDT,917.994,2026-05-26
bitget,QNTUSDT,879.1804,2026-05-26
bitget,SLVONUSDT,768.48,2026-05-26
bitget,PRESPAXUSDT,756.8265,2026-05-26
bitget,SOLEUR,723.1611,2026-05-26
bitget,LTCUSDC,591.078,2026-05-26
bitget,NVDAONUSDT,581.493,2026-05-26
bitget,TAOUSDC,455.9474,2026-05-26
bitget,BNBUSDC,420.872,2026-05-26
bitget,ETHEUR,391.8859,2026-05-26
bitget,PORTOUSDT,361.258,2026-05-26
bitget,ACMUSDT,323.161,2026-05-26
bitget,AVAXEUR,295.78,2026-05-26
bitget,PAXGUSDT,279.9757,2026-05-26
bitget,ETHBTC,277.6116,2026-05-26
bitget,BARUSDT,277.234,2026-05-26
bitget,AAVEUSDC,256.13,2026-05-26
bitget,ETHRLUSD,244.0646,2026-05-26
bitget,SOLBTC,231.76,2026-05-26
bitget,BGSOLSOL,228.4117,2026-05-26
bitget,BGSOLUSDT,161.9406,2026-05-26
bitget,ARUSDC,94.14,2026-05-26
bitget,BTCUSDC,92.412203,2026-05-26
bitget,TSLAONUSDT,73.419,2026-05-26
bitget,MSFTONUSDT,70.372,2026-05-26
bitget,IAUONUSDT,59.995,2026-05-26
bitget,SOLUSDE,51.499,2026-05-26
bitget,GOOGLONUSDT,45.844,2026-05-26
bitget,ETHUSD1,38.7151,2026-05-26
bitget,SOLUSD1,29.8268,2026-05-26
bitget,AAPLONUSDT,28.154,2026-05-26
bitget,ETHBRL,25.4063,2026-05-26
bitget,GNOUSDT,17.01,2026-05-26
bitget,QQQONUSDT,12.584,2026-05-26
bitget,AMZNONUSDT,11.718,2026-05-26
bitget,METAONUSDT,11.025,2026-05-26
bitget,ITOTONUSDT,9.659,2026-05-26
bitget,WBTCUSDT,9.27048,2026-05-26
bitget,AMDONUSDT,9.128,2026-05-26
bitget,BTCUSDE,7.839683,2026-05-26
bitget,BCHUSDC,7.684,2026-05-26
bitget,SPYONUSDT,7.368,2026-05-26
bitget,BTCUSD1,5.168196,2026-05-26
bitget,ETHUSDE,4.2682,2026-05-26
bitget,YFIUSDT,4.0551,2026-05-26
bitget,IWMONUSDT,4.053,2026-05-26
bitget,BTCEUR,3.8257,2026-05-26
bitget,IVVONUSDT,3.512,2026-05-26
bitget,BTCRLUSD,2.304895,2026-05-26
bitget,STETHUSDT,2.2311,2026-05-26
bitget,WEETHUSDT,1.936,2026-05-26
bitget,BTCBRL,0.73603,2026-05-26
bitget,BGBTCUSDT,0.30898259,2026-05-26
bitget,WLFIUSD1,0.0,2026-05-26
bitget,GHOUSDT,0.0,2026-05-26
bybit,BABYDOGEUSDT,163728919777307.7,2026-05-26
bybit,VINUUSDT,10187766861481.2,2026-05-26
bybit,SATSUSDT,1430407875812.7,2026-05-26
bybit,MOGUSDT,762613753809.5,2026-05-26
bybit,PEPEUSDT,545057952075.0,2026-05-26
bybit,SHIBUSDT,138185468906.9,2026-05-26
bybit,BTTUSDT,84311014968.0,2026-05-26
bybit,BONKUSDT,73027157552.0,2026-05-26
bybit,NFTUSDT,62028718673.0,2026-05-26
bybit,HMSTRUSDT,11918772448.1,2026-05-26
bybit,PEPEUSDC,11262419364.0,2026-05-26
bybit,DOGSUSDT,7499239162.0,2026-05-26
bybit,CATUSDT,6585231460.0,2026-05-26
bybit,FLOKIUSDT,6069821863.0,2026-05-26
bybit,SHIBUSDC,4504373159.0,2026-05-26
bybit,LUNCUSDT,3922848695.48,2026-05-26
bybit,HTXUSDT,2996583508.31,2026-05-26
bybit,PEPEEUR,1320724259.0,2026-05-26
bybit,BLASTUSDT,1051553662.22,2026-05-26
bybit,RATSUSDT,1037670722.31,2026-05-26
bybit,MCRTUSDT,922033837.9,2026-05-26
bybit,TOSHIUSDT,827539424.0,2026-05-26
bybit,NEIROCTOUSDT,802475580.0,2026-05-26
bybit,PUMPUSDT,739280216.6,2026-05-26
bybit,NOTUSDT,677792774.0,2026-05-26
bybit,BOMEUSDT,413139602.46,2026-05-26
bybit,VTHOUSDT,383766407.0,2026-05-26
bybit,TOWNSUSDT,368005672.7,2026-05-26
bybit,BILLUSDT,338504192.0,2026-05-26
bybit,SUPRAUSDT,333316890.0,2026-05-26
bybit,CAMPUSDT,329227723.4,2026-05-26
bybit,SAROSUSDT,274577504.0,2026-05-26
bybit,FUELUSDT,271928614.8,2026-05-26
bybit,OBTUSDT,266273812.6,2026-05-26
bybit,ATHUSDT,254732723.36,2026-05-26
bybit,GALAUSDT,253358005.1,2026-05-26
bybit,MEEUSDT,223500960.9,2026-05-26
bybit,MONUSDT,204410764.2,2026-05-26
bybit,BEAMUSDT,201197330.9,2026-05-26
bybit,DRIFTUSDT,194772229.13,2026-05-26
bybit,PENGUUSDT,194614402.0,2026-05-26
bybit,SHIBEUR,187148448.0,2026-05-26
bybit,DEGENUSDT,179537760.88,2026-05-26
bybit,MEWUSDT,149551146.0,2026-05-26
bybit,USDCUSDT,141109470.18,2026-05-26
bybit,XANUSDT,139525022.6,2026-05-26
bybit,RVNUSDT,137693494.0,2026-05-26
bybit,AZTECUSDT,134131933.9,2026-05-26
bybit,HMSTRUSDC,129343678.0,2026-05-26
bybit,MEMEUSDT,126199736.45,2026-05-26
bybit,SWELLUSDT,98731251.0,2026-05-26
bybit,OASUSDT,83365926.9,2026-05-26
bybit,DOGSUSDC,80259886.0,2026-05-26
bybit,ALTUSDT,78776278.05,2026-05-26
bybit,B3USDT,76859728.0,2026-05-26
bybit,NOTUSDC,67887878.0,2026-05-26
bybit,ZEREBROUSDT,66105023.0,2026-05-26
bybit,FIGHTUSDT,63846486.8,2026-05-26
bybit,ELIZAOSUSDT,63476324.2,2026-05-26
bybit,RESOLVUSDT,59316966.2,2026-05-26
bybit,DOODUSDT,58700830.2,2026-05-26
bybit,JASMYUSDT,57622639.2,2026-05-26
bybit,DOGEUSDT,57382133.2,2026-05-26
bybit,ENAUSDT,55216466.9,2026-05-26
bybit,LINEAUSDT,54741376.6,2026-05-26
bybit,INSPUSDT,53624494.57,2026-05-26
bybit,BSBUSDT,48980231.6,2026-05-26
bybit,XDCUSDT,47300337.9,2026-05-26
bybit,NOMUSDT,46616091.0,2026-05-26
bybit,PENGUINUSDT,42523868.3,2026-05-26
bybit,SWELLUSDC,39961595.0,2026-05-26
bybit,PYBOBOUSDT,37807039.0,2026-05-26
bybit,ONDOUSDT,37260386.18,2026-05-26
bybit,AGIUSDT,35161957.79,2026-05-26
bybit,XPLUSDT,35128597.8,2026-05-26
bybit,BRETTUSDT,34036490.0,2026-05-26
bybit,CHIPUSDT,33938701.6,2026-05-26
bybit,FOGOUSDT,33086018.5,2026-05-26
bybit,STABLEUSDT,33034452.1,2026-05-26
bybit,PEPEMNT,32534791.0,2026-05-26
bybit,LUNCUSDC,31340817.0,2026-05-26
bybit,VELOUSDT,29622062.98,2026-05-26
bybit,GMTUSDT,29399703.94,2026-05-26
bybit,KASUSDT,29383024.02,2026-05-26
bybit,HUSDT,28913639.8,2026-05-26
bybit,HFTUSDT,28593541.92,2026-05-26
bybit,SAHARAUSDT,28137323.3,2026-05-26
bybit,MVLUSDT,27351628.8,2026-05-26
bybit,PLUMEUSDT,27347359.2,2026-05-26
bybit,FLRUSDT,27188240.0,2026-05-26
bybit,SENTUSDT,27169279.0,2026-05-26
bybit,CHZUSDT,26928056.09,2026-05-26
bybit,MEGAUSDT,26686928.3,2026-05-26
bybit,ANKRUSDT,26606695.4,2026-05-26
bybit,SVLUSDT,26351985.98,2026-05-26
bybit,WLDUSDT,26149849.47,2026-05-26
bybit,MEWUSDC,24457054.0,2026-05-26
bybit,CCUSDT,23779716.2,2026-05-26
bybit,STRKUSDT,23223096.7,2026-05-26
bybit,TELUSDT,22979174.1,2026-05-26
bybit,ADAUSDT,22856855.69,2026-05-26
bybit,WUSDT,22508697.3,2026-05-26
bybit,SEIUSDT,22487007.03,2026-05-26
bybit,ROAMUSDT,21494090.48,2026-05-26
bybit,TRXUSDT,21082602.27,2026-05-26
bybit,GRTUSDT,20618935.11,2026-05-26
bybit,NIGHTUSDT,20591907.2,2026-05-26
bybit,SOLVUSDT,19690563.8,2026-05-26
bybit,SCUSDT,19681740.4,2026-05-26
bybit,XRPUSDT,19538333.84,2026-05-26
bybit,ZAMAUSDT,19328554.7,2026-05-26
bybit,ARBUSDT,18248743.45,2026-05-26
bybit,ZKUSDT,17898909.88,2026-05-26
bybit,VETUSDT,17456600.0,2026-05-26
bybit,ZORAUSDT,17156442.0,2026-05-26
bybit,WLFIUSDT,16716862.4,2026-05-26
bybit,BASEDUSDT,16469606.1,2026-05-26
bybit,IMUUSDT,16413174.4,2026-05-26
bybit,FIDAUSDT,16259479.34,2026-05-26
bybit,FETUSDT,16039787.74,2026-05-26
bybit,HOMEUSDT,15812271.4,2026-05-26
bybit,NEARUSDT,15792457.61,2026-05-26
bybit,PEOPLEUSDT,15690066.38,2026-05-26
bybit,AVLUSDT,15035403.3,2026-05-26
bybit,WHITEWHALEUSDT,14862938.9,2026-05-26
bybit,OPGUSDT,14633839.5,2026-05-26
bybit,USDTEUR,14474004.8,2026-05-26
bybit,FHEUSDT,14156752.0,2026-05-26
bybit,EIGENUSDT,13928639.9,2026-05-26
bybit,SUNDOGUSDT,13880933.4,2026-05-26
bybit,MANTRAUSDT,13738617.0,2026-05-26
bybit,SKRUSDT,13583793.4,2026-05-26
bybit,MNTUSDT,13564388.09,2026-05-26
bybit,BDXNUSDT,13544568.6,2026-05-26
bybit,AVAILUSDT,12465664.6,2026-05-26
bybit,CSPRUSDT,12458686.8,2026-05-26
bybit,XAIUSDT,12101453.7,2026-05-26
bybit,BABY1USDT,12095707.0,2026-05-26
bybit,GPSUSDT,11956580.0,2026-05-26
bybit,CORNUSDT,11570602.1,2026-05-26
bybit,CATIUSDT,11535730.76,2026-05-26
bybit,TOWNSUSDC,11404400.9,2026-05-26
bybit,USD1USDT,11240771.56,2026-05-26
bybit,TONUSDT,10908792.33,2026-05-26
bybit,XEMUSDT,10815662.6,2026-05-26
bybit,ACSUSDT,10806419.2,2026-05-26
bybit,DEEPUSDT,10265255.0,2026-05-26
bybit,FLOCKUSDT,10060382.94,2026-05-26
bybit,CHILLGUYUSDT,9945729.1,2026-05-26
bybit,A8USDT,9799448.2,2026-05-26
bybit,HBARUSDT,9717567.9,2026-05-26
bybit,PIRATEUSDT,9701960.92,2026-05-26
bybit,FLOKIUSDC,9585850.0,2026-05-26
bybit,VOOIUSDT,9437229.2,2026-05-26
bybit,HFTUSDC,9308135.89,2026-05-26
bybit,POPCATUSDT,9263508.62,2026-05-26
bybit,UUSDT,9257216.0,2026-05-26
bybit,SCORUSDT,9199986.2,2026-05-26
bybit,SIGNUSDT,8953513.0,2026-05-26
bybit,ERAUSDT,8851805.8,2026-05-26
bybit,GLMRUSDT,8778622.19,2026-05-26
bybit,SUIUSDT,8604185.68,2026-05-26
bybit,TAUSDT,8483731.5,2026-05-26
bybit,XLMUSDT,8286313.9,2026-05-26
bybit,MOCAUSDT,8262641.93,2026-05-26
bybit,WIFUSDT,8214761.51,2026-05-26
bybit,COOKIEUSDT,8157329.59,2026-05-26
bybit,VANRYUSDT,8113647.8,2026-05-26
bybit,ZIGUSDT,7719221.85,2026-05-26
bybit,ELSAUSDT,7704913.5,2026-05-26
bybit,DIAMUSDT,7664743.0,2026-05-26
bybit,TRIAUSDT,7498762.4,2026-05-26
bybit,PNUTUSDT,7496446.2,2026-05-26
bybit,MOVEUSDT,7437319.6,2026-05-26
bybit,PARTIUSDT,7422689.9,2026-05-26
bybit,DYMUSDT,7397651.66,2026-05-26
bybit,FUSDT,7347182.9,2026-05-26
bybit,HOLOUSDT,7328981.6,2026-05-26
bybit,PUFFERUSDT,7305313.7,2026-05-26
bybit,ZENTUSDT,7279818.81,2026-05-26
bybit,GRASSUSDT,7131779.3,2026-05-26
bybit,ZKJUSDT,7103232.67,2026-05-26
bybit,SPKUSDT,7102017.2,2026-05-26
bybit,BLENDUSDT,7055375.4,2026-05-26
bybit,PAALUSDT,6867461.0,2026-05-26
bybit,DBRUSDT,6849794.0,2026-05-26
bybit,CPOOLUSDT,6592966.79,2026-05-26
bybit,BBUSDT,6551421.61,2026-05-26
bybit,TREEUSDT,6520181.8,2026-05-26
bybit,1INCHUSDT,6463179.77,2026-05-26
bybit,IPUSDT,6438491.78,2026-05-26
bybit,TACUSDT,6428604.6,2026-05-26
bybit,AEROUSDT,6419628.16,2026-05-26
bybit,LITUSDT,6417217.0,2026-05-26
bybit,USDEUSDT,6210737.28,2026-05-26
bybit,FFUSDT,6191651.5,2026-05-26
bybit,MMTUSDT,6168896.5,2026-05-26
bybit,ANIMEUSDT,6080306.3,2026-05-26
bybit,HUMAUSDT,5890391.1,2026-05-26
bybit,GOATUSDT,5703530.0,2026-05-26
bybit,MAVIAUSDT,5676122.25,2026-05-26
bybit,ZRCUSDT,5649330.0,2026-05-26
bybit,SQDUSDT,5588625.76,2026-05-26
bybit,USTCUSDT,5519028.97,2026-05-26
bybit,TIAUSDT,5450254.08,2026-05-26
bybit,IOUSDT,5440133.97,2026-05-26
bybit,ROSEUSDT,5381348.05,2026-05-26
bybit,ROBOUSDT,5156703.5,2026-05-26
bybit,ACHUSDT,5116304.0,2026-05-26
bybit,SUSDT,5056939.6,2026-05-26
bybit,GAIBUSDT,4990536.7,2026-05-26
bybit,ONDOMNT,4989148.5,2026-05-26
bybit,TOKENUSDT,4979681.5,2026-05-26
bybit,KMNOUSDT,4970086.37,2026-05-26
bybit,CGPTUSDT,4951295.56,2026-05-26
bybit,COOKUSDT,4943033.0,2026-05-26
bybit,PORTALUSDT,4897444.56,2026-05-26
bybit,RECALLUSDT,4757903.4,2026-05-26
bybit,POLUSDT,4677410.4,2026-05-26
bybit,USDTBRL,4594718.3,2026-05-26
bybit,BANUSDT,4396754.0,2026-05-26
bybit,VIRTUALUSDT,4371243.28,2026-05-26
bybit,PYTHUSDT,4296676.3,2026-05-26
bybit,ALGOUSDT,4263737.81,2026-05-26
bybit,AIXBTUSDT,4257894.9,2026-05-26
bybit,ESEUSDT,4250153.7,2026-05-26
bybit,STREAMUSDT,4240517.0,2026-05-26
bybit,ONEUSDT,4215475.8,2026-05-26
bybit,OPUSDT,4134351.61,2026-05-26
bybit,SXTUSDT,4106657.9,2026-05-26
bybit,NAVXUSDT,4015732.0,2026-05-26
bybit,ELONUSDT,4004488.6,2026-05-26
bybit,SYNDUSDT,3991996.8,2026-05-26
bybit,AURORAUSDT,3924509.64,2026-05-26
bybit,SKYUSDT,3916697.6,2026-05-26
bybit,CATIEUR,3906525.38,2026-05-26
bybit,ASTERUSDT,3894638.11,2026-05-26
bybit,SONICUSDT,3878927.4,2026-05-26
bybit,ZILUSDT,3800180.7,2026-05-26
bybit,TNSRUSDT,3796065.67,2026-05-26
bybit,MERLUSDT,3708550.76,2026-05-26
bybit,KILOUSDT,3667385.6,2026-05-26
bybit,JASMYUSDC,3636159.59,2026-05-26
bybit,DYDXUSDT,3570434.3,2026-05-26
bybit,WOOUSDT,3560077.64,2026-05-26
bybit,USDTTRY,3542488.4,2026-05-26
bybit,LAUSDT,3465051.8,2026-05-26
bybit,CTAUSDT,3412659.83,2026-05-26
bybit,TAIUSDT,3411649.74,2026-05-26
bybit,AEVOUSDT,3326092.74,2026-05-26
bybit,RENDERUSDT,3312672.46,2026-05-26
bybit,BICOUSDT,3280823.58,2026-05-26
bybit,PONKEUSDT,3261899.13,2026-05-26
bybit,BRETTUSDC,3255676.0,2026-05-26
bybit,ALCHUSDT,3234927.92,2026-05-26
bybit,REDUSDT,3186922.97,2026-05-26
bybit,SUNUSDT,3174285.0,2026-05-26
bybit,ARKMUSDT,3114740.92,2026-05-26
bybit,C98USDT,3109326.3,2026-05-26
bybit,COREUSDT,3082639.4,2026-05-26
bybit,KAIAUSDT,3065829.0,2026-05-26
bybit,CRVUSDT,3042848.35,2026-05-26
bybit,HAEDALUSDT,3000962.0,2026-05-26
bybit,APEXUSDT,2983821.7,2026-05-26
bybit,AUSDT,2894270.0,2026-05-26
bybit,WETUSDT,2842098.9,2026-05-26
bybit,HMNT,2809661.1,2026-05-26
bybit,JUPUSDT,2679828.19,2026-05-26
bybit,AMIUSDT,2655054.6,2026-05-26
bybit,ONDOEUR,2567063.98,2026-05-26
bybit,ENJUSDT,2542823.53,2026-05-26
bybit,ZBTUSDT,2524913.5,2026-05-26
bybit,NEONUSDT,2504749.36,2026-05-26
bybit,AIOZUSDT,2488464.61,2026-05-26
bybit,CELOUSDT,2463749.45,2026-05-26
bybit,ORDERUSDT,2355708.54,2026-05-26
bybit,ZETAUSDT,2292002.7,2026-05-26
bybit,BOBAUSDT,2221730.74,2026-05-26
bybit,DOTUSDT,2203581.448,2026-05-26
bybit,MINAUSDT,2136989.41,2026-05-26
bybit,SCRUSDT,2124657.1,2026-05-26
bybit,DOGEUSDC,2099310.8,2026-05-26
bybit,AVNTUSDT,2057099.0,2026-05-26
bybit,NYMUSDT,2053331.51,2026-05-26
bybit,CARVUSDT,1952927.09,2026-05-26
bybit,MBOXUSDT,1924816.98,2026-05-26
bybit,SOMIUSDT,1905430.4,2026-05-26
bybit,SPXUSDT,1893832.6,2026-05-26
bybit,PUMPBTCUSDT,1876862.9,2026-05-26
bybit,LAVAUSDT,1860788.8,2026-05-26
bybit,BLURUSDT,1846818.81,2026-05-26
bybit,2ZUSDT,1840944.4,2026-05-26
bybit,PUMPUSDC,1814034.4,2026-05-26
bybit,ARBUSDC,1808637.48,2026-05-26
bybit,MBXUSDT,1793456.46,2026-05-26
bybit,MOVEUSDC,1773674.9,2026-05-26
bybit,WAXPUSDT,1767853.6,2026-05-26
bybit,WALUSDT,1748532.4,2026-05-26
bybit,APEUSDT,1728996.61,2026-05-26
bybit,NSUSDT,1705541.0,2026-05-26
bybit,ICNTUSDT,1690331.9,2026-05-26
bybit,SDUSDT,1677601.79,2026-05-26
bybit,GUSDT,1666307.0,2026-05-26
bybit,LUNAUSDT,1635475.4,2026-05-26
bybit,MANTAUSDT,1610468.26,2026-05-26
bybit,JTOUSDT,1590295.0,2026-05-26
bybit,TAIKOUSDT,1586761.28,2026-05-26
bybit,BONKUSDC,1559657.0,2026-05-26
bybit,IDUSDT,1543001.83,2026-05-26
bybit,ETHFIUSDT,1530870.91,2026-05-26
bybit,AXLUSDT,1525358.26,2026-05-26
bybit,MEUSDT,1524787.42,2026-05-26
bybit,ESUSDT,1510090.1,2026-05-26
bybit,DOLOUSDT,1482279.5,2026-05-26
bybit,NXPCUSDT,1473076.3,2026-05-26
bybit,SCAUSDT,1437589.97,2026-05-26
bybit,LMWRUSDT,1418364.36,2026-05-26
bybit,BMTUSDT,1413899.16,2026-05-26
bybit,HYPERUSDT,1391760.0,2026-05-26
bybit,KAVAUSDT,1388844.74,2026-05-26
bybit,SPELLUSDT,1307651.0,2026-05-26
bybit,WCTUSDT,1298345.6,2026-05-26
bybit,SAFEUSDT,1240203.44,2026-05-26
bybit,KASUSDC,1236075.33,2026-05-26
bybit,INITUSDT,1196928.6,2026-05-26
bybit,CFGUSDT,1187055.7,2026-05-26
bybit,EDGEUSDT,1140567.8,2026-05-26
bybit,GODSUSDT,1129879.06,2026-05-26
bybit,HYPEUSDT,1121323.331,2026-05-26
bybit,PRCLUSDT,1077766.56,2026-05-26
bybit,ZKCUSDT,1077704.1,2026-05-26
bybit,BERAUSDT,1074365.3,2026-05-26
bybit,APTUSDT,1050950.2,2026-05-26
bybit,MANAUSDT,1043879.81,2026-05-26
bybit,OPNUSDT,1033003.6,2026-05-26
bybit,BREVUSDT,1018959.6,2026-05-26
bybit,LDOUSDT,1010768.69,2026-05-26
bybit,USDCUSD1,1002113.07,2026-05-26
bybit,ZKPUSDT,983394.8,2026-05-26
bybit,XRPEUR,983378.01,2026-05-26
bybit,GTAIUSDT,975685.43,2026-05-26
bybit,CLOUDUSDT,965390.85,2026-05-26
bybit,FILUSDT,960225.33,2026-05-26
bybit,XUSDUSDT,958729.25,2026-05-26
bybit,SCRTUSDT,954797.81,2026-05-26
bybit,ICPUSDT,909733.44,2026-05-26
bybit,SANDUSDT,893618.13,2026-05-26
bybit,PIEVERSEUSDT,855179.0,2026-05-26
bybit,USDCBRL,842318.2,2026-05-26
bybit,ONDOUSDC,835102.78,2026-05-26
bybit,LRCUSDT,825016.69,2026-05-26
bybit,STRKUSDC,800929.66,2026-05-26
bybit,PROVEUSDT,780977.8,2026-05-26
bybit,BIRBUSDT,772092.0,2026-05-26
bybit,CUDISUSDT,765648.6,2026-05-26
bybit,METUSDT,753988.2,2026-05-26
bybit,INTERUSDT,750253.66,2026-05-26
bybit,MORPHOUSDT,744566.2,2026-05-26
bybit,ICXUSDT,741091.57,2026-05-26
bybit,INJUSDT,732705.54,2026-05-26
bybit,FORTUSDT,729523.45,2026-05-26
bybit,LAYERUSDT,722522.3,2026-05-26
bybit,THETAUSDT,721723.28,2026-05-26
bybit,HPOS10IUSDT,715835.0,2026-05-26
bybit,YBUSDT,690906.24,2026-05-26
bybit,USATUSDT,663365.93,2026-05-26
bybit,FLOWUSDT,655746.37,2026-05-26
bybit,TRXUSDC,646409.64,2026-05-26
bybit,BRUSDT,646040.0,2026-05-26
bybit,TONEUR,645590.36,2026-05-26
bybit,ADAEUR,644838.92,2026-05-26
bybit,XRPUSDC,626718.4,2026-05-26
bybit,XTERUSDT,624681.0,2026-05-26
bybit,SUIUSDC,614824.68,2026-05-26
bybit,L3USDT,612719.3,2026-05-26
bybit,MNTUSDC,600067.41,2026-05-26
bybit,CCUSDC,573237.5,2026-05-26
bybit,SUSHIUSDT,549684.222,2026-05-26
bybit,SNXUSDT,537346.89,2026-05-26
bybit,XTZUSDT,534326.99,2026-05-26
bybit,NEWTUSDT,530997.9,2026-05-26
bybit,IMXUSDT,521866.22,2026-05-26
bybit,TWTUSDT,512839.78,2026-05-26
bybit,FLIPUSDT,511865.45,2026-05-26
bybit,WAVESUSDT,494998.44,2026-05-26
bybit,WLDUSDC,470211.93,2026-05-26
bybit,BARDUSDT,460496.0,2026-05-26
bybit,STXUSDT,458399.0,2026-05-26
bybit,TRUMPUSDT,449795.71,2026-05-26
bybit,CTCUSDT,447779.68,2026-05-26
bybit,ADAUSDC,433202.67,2026-05-26
bybit,LINKUSDT,397061.173,2026-05-26
bybit,HNTUSDT,394736.149,2026-05-26
bybit,0GUSDT,394468.89,2026-05-26
bybit,ZROUSDT,389314.43,2026-05-26
bybit,CHZUSDC,387303.94,2026-05-26
bybit,CATIUSDC,381546.9,2026-05-26
bybit,VICUSDT,378246.83,2026-05-26
bybit,XLMUSDC,377377.1,2026-05-26
bybit,SEIUSDC,375654.58,2026-05-26
bybit,DOGEEUR,367334.9,2026-05-26
bybit,ENAEUR,354366.6,2026-05-26
bybit,NAKAUSDT,351420.87,2026-05-26
bybit,SOSOUSDT,349874.88,2026-05-26
bybit,SOLUSDT,335542.4457,2026-05-26
bybit,ZKUSDC,317910.35,2026-05-26
bybit,OPUSDC,316027.67,2026-05-26
bybit,OLUSDT,305488.0,2026-05-26
bybit,ATOMUSDT,303626.955,2026-05-26
bybit,USDTUSD,275942.65,2026-05-26
bybit,ZRXUSDT,269851.94,2026-05-26
bybit,UNIUSDT,253819.2,2026-05-26
bybit,VVVUSDT,235174.17,2026-05-26
bybit,AVAXUSDT,235151.59,2026-05-26
bybit,HBARUSDC,231158.0,2026-05-26
bybit,MAJORUSDT,223337.4,2026-05-26
bybit,JSTUSDT,220747.95,2026-05-26
bybit,RUNEUSDT,214371.43,2026-05-26
bybit,PYTHUSDC,213450.9,2026-05-26
bybit,ARTYUSDT,208267.31,2026-05-26
bybit,HBARMNT,207155.6,2026-05-26
bybit,XLMBTC,204863.9,2026-05-26
bybit,BATUSDT,203686.57,2026-05-26
bybit,USDEUSDC,203380.45,2026-05-26
bybit,PENDLEUSDT,201879.41,2026-05-26
bybit,WIFUSDC,200754.5,2026-05-26
bybit,MPLXUSDT,195522.89,2026-05-26
bybit,XIONUSDT,184070.15,2026-05-26
bybit,TONUSDC,183724.71,2026-05-26
bybit,PUFFUSDT,180978.0,2026-05-26
bybit,AXSUSDT,178482.05,2026-05-26
bybit,GMTUSDC,170806.23,2026-05-26
bybit,USDCEUR,167232.01,2026-05-26
bybit,ZEXUSDT,165902.18,2026-05-26
bybit,FETUSDC,165535.45,2026-05-26
bybit,ENSOUSDT,162822.79,2026-05-26
bybit,XAVAUSDT,159940.13,2026-05-26
bybit,VANAUSDT,154981.64,2026-05-26
bybit,BELUSDT,136467.99,2026-05-26
bybit,XRPBTC,134122.58,2026-05-26
bybit,AFCUSDT,127410.95,2026-05-26
bybit,ZENUSDT,127034.686,2026-05-26
bybit,ICNTUSDC,122197.1,2026-05-26
bybit,CYBERUSDT,121956.13,2026-05-26
bybit,MOVRUSDT,121235.64,2026-05-26
bybit,PRIMEUSDT,113540.2,2026-05-26
bybit,MASKUSDT,112724.48,2026-05-26
bybit,PYUSDUSDT,110690.46,2026-05-26
bybit,HUSDC,110361.0,2026-05-26
bybit,ENAUSDC,109023.5,2026-05-26
bybit,USDTPLN,107453.2,2026-05-26
bybit,APEXUSDC,102494.63,2026-05-26
bybit,CAKEUSDT,100988.718,2026-05-26
bybit,MAGICUSDT,96837.37,2026-05-26
bybit,ARUSDT,94234.15,2026-05-26
bybit,MNTUSD1,93615.32,2026-05-26
bybit,SISUSDT,90079.12,2026-05-26
bybit,AOUSDT,82792.401,2026-05-26
bybit,XRPRLUSD,82645.84,2026-05-26
bybit,ETHUSDT,82564.01196,2026-05-26
bybit,FLUIDUSDT,80146.22,2026-05-26
bybit,CBKUSDT,78192.75,2026-05-26
bybit,AVAUSDT,75713.83,2026-05-26
bybit,FTTUSDT,72730.716,2026-05-26
bybit,CRVUSDC,71103.8,2026-05-26
bybit,WEMIXUSDT,70253.013,2026-05-26
bybit,ENAMNT,65361.9,2026-05-26
bybit,APTUSDC,64867.42,2026-05-26
bybit,RLUSDUSDT,64403.88,2026-05-26
bybit,AGLDUSDT,64122.62,2026-05-26
bybit,PUMPMNT,63715.6,2026-05-26
bybit,ETHWUSDT,61226.13,2026-05-26
bybit,CITYUSDT,59985.35,2026-05-26
bybit,JUVUSDT,59251.5,2026-05-26
bybit,AIXBTUSDC,57253.4,2026-05-26
bybit,NEARUSDC,56661.9,2026-05-26
bybit,LTCUSDT,54169.62436,2026-05-26
bybit,PSGUSDT,52942.54,2026-05-26
bybit,2ZUSDC,52331.7,2026-05-26
bybit,ORDIUSDT,46580.72,2026-05-26
bybit,UMAUSDT,44529.273,2026-05-26
bybit,ALGOUSDC,43962.1,2026-05-26
bybit,METUSDC,38269.1,2026-05-26
bybit,EGLDUSDT,37361.677,2026-05-26
bybit,VIRTUALUSDC,32783.37,2026-05-26
bybit,RENDERUSDC,31115.15,2026-05-26
bybit,GMXUSDT,30832.56,2026-05-26
bybit,KUBUSDT,29604.59,2026-05-26
bybit,SENDUSDT,29437.9,2026-05-26
bybit,ICPUSDC,26622.34,2026-05-26
bybit,USDTAED,26232.9,2026-05-26
bybit,EIGENUSDC,26226.4,2026-05-26
bybit,USDYUSDT,26172.97,2026-05-26
bybit,NEXOUSDT,24346.73,2026-05-26
bybit,ENSUSDT,24037.783,2026-05-26
bybit,APEUSDC,23254.96,2026-05-26
bybit,FILUSDC,21334.81,2026-05-26
bybit,TIAUSDC,19950.1,2026-05-26
bybit,ADAMNT,19040.0,2026-05-26
bybit,EATUSDT,17863.9,2026-05-26
bybit,ETCUSDT,16987.126,2026-05-26
bybit,SOLEUR,16615.8367,2026-05-26
bybit,POLUSDC,16371.0,2026-05-26
bybit,ZROUSDC,16279.8,2026-05-26
bybit,DOTUSDC,16107.248,2026-05-26
bybit,DOGEMNT,15669.2,2026-05-26
bybit,RPLUSDT,15236.56,2026-05-26
bybit,SANDUSDC,14599.49,2026-05-26
bybit,MNTBTC,14522.77,2026-05-26
bybit,AAVEUSDT,14404.9472,2026-05-26
bybit,DYDXUSDC,13477.5,2026-05-26
bybit,SOLUSDC,12669.2793,2026-05-26
bybit,FRAXUSDT,12428.3,2026-05-26
bybit,LDOUSDC,12339.34,2026-05-26
bybit,SUSDC,11791.3,2026-05-26
bybit,KSMUSDT,11681.6,2026-05-26
bybit,QTUMUSDT,10469.248,2026-05-26
bybit,AVAXUSDC,9709.983,2026-05-26
bybit,BNBUSDT,8462.25538,2026-05-26
bybit,JUPUSDC,8012.8,2026-05-26
bybit,MXUSDT,7707.53,2026-05-26
bybit,COMPUSDT,7652.686,2026-05-26
bybit,BBSOLUSDT,7329.4401,2026-05-26
bybit,USDSUSDT,6774.0,2026-05-26
bybit,APEXMNT,6706.1,2026-05-26
bybit,BCHUSDT,6608.5748,2026-05-26
bybit,SOLBTC,6532.8228,2026-05-26
bybit,NXPCMNT,6448.7,2026-05-26
bybit,BTCUSDT,6394.02942,2026-05-26
bybit,LINKEUR,6104.989,2026-05-26
bybit,MNTUSDE,5877.19,2026-05-26
bybit,AVAXEUR,5846.421,2026-05-26
bybit,INJUSDC,5616.41,2026-05-26
bybit,TRUMPUSDC,4928.23,2026-05-26
bybit,BBSOLUSDC,4810.0735,2026-05-26
bybit,QNTUSDT,4636.248,2026-05-26
bybit,LINKUSDC,4553.293,2026-05-26
bybit,ARUSDC,4006.72,2026-05-26
bybit,SSVUSDT,3887.47,2026-05-26
bybit,KCSUSDT,3492.63,2026-05-26
bybit,SPXUSDC,3165.96,2026-05-26
bybit,JTOUSDC,2665.4,2026-05-26
bybit,ATOMUSDC,2553.34,2026-05-26
bybit,ETHEUR,2538.95499,2026-05-26
bybit,STXUSDC,2306.3,2026-05-26
bybit,ETHUSDC,2293.28774,2026-05-26
bybit,USDTBUSDT,2175.84,2026-05-26
bybit,BBSOLSOL,2130.6531,2026-05-26
bybit,LTCEUR,1951.81664,2026-05-26
bybit,ETHBTC,1750.72917,2026-05-26
bybit,ENSUSDC,1341.099,2026-05-26
bybit,XRPMNT,1286.15,2026-05-26
bybit,NVDAXUSDT,1283.253,2026-05-26
bybit,LTCUSDC,1239.9593,2026-05-26
bybit,UNIUSDC,1228.74,2026-05-26
bybit,XAUTUSDT,1044.67106,2026-05-26
bybit,TRUMPMNT,956.66,2026-05-26
bybit,USDTGBP,700.0,2026-05-26
bybit,SOLBRL,638.0573,2026-05-26
bybit,SOLMNT,603.0952,2026-05-26
bybit,LTCBTC,598.898,2026-05-26
bybit,MNTRLUSD,537.99,2026-05-26
bybit,STETHUSDT,515.65119,2026-05-26
bybit,ORDIUSDC,476.17,2026-05-26
bybit,CRCLXUSDT,447.767,2026-05-26
bybit,COINXUSDT,316.348,2026-05-26
bybit,TUSDUSDT,295.07,2026-05-26
bybit,AAVEUSDC,264.78,2026-05-26
bybit,MANAUSDC,229.65,2026-05-26
bybit,BNBUSDC,172.7983,2026-05-26
bybit,BBSOLMNT,171.3531,2026-05-26
bybit,BTCEUR,149.363129,2026-05-26
bybit,HOODXUSDT,117.691,2026-05-26
bybit,BTCUSDC,115.518922,2026-05-26
bybit,SOLUSDE,94.6634,2026-05-26
bybit,STETHEUR,91.00795,2026-05-26
bybit,ETHUSD,82.26716,2026-05-26
bybit,SUIMNT,79.2,2026-05-26
bybit,AMZNXUSDT,69.549,2026-05-26
bybit,TSLAXUSDT,68.334,2026-05-26
bybit,VIRTUALMNT,60.3,2026-05-26
bybit,BCHUSDC,42.7752,2026-05-26
bybit,AAPLXUSDT,40.454,2026-05-26
bybit,ETHUSD1,33.02981,2026-05-26
bybit,YFIUSDT,28.62307,2026-05-26
bybit,GOOGLXUSDT,23.639,2026-05-26
bybit,ETHRLUSD,23.20587,2026-05-26
bybit,ETHBRL,20.90961,2026-05-26
bybit,USDCGBP,19.9,2026-05-26
bybit,ETHMNT,18.03434,2026-05-26
bybit,ETHPLN,9.40336,2026-05-26
bybit,METAXUSDT,8.572,2026-05-26
bybit,ETHUSDE,7.35593,2026-05-26
bybit,MCDXUSDT,6.044,2026-05-26
bybit,METHUSDT,5.16563,2026-05-26
bybit,WBTCBTC,4.803547,2026-05-26
bybit,METHETH,3.72999,2026-05-26
bybit,BTCXUSD,3.147214,2026-05-26
bybit,BTCUSD,2.016895,2026-05-26
bybit,LTCMNT,1.7789,2026-05-26
bybit,WBTCUSDT,1.655748,2026-05-26
bybit,BTCBRL,1.029096,2026-05-26
bybit,BTCRLUSD,0.711081,2026-05-26
bybit,BTCUSD1,0.380065,2026-05-26
bybit,ETHTRY,0.36685,2026-05-26
bybit,BTCUSDE,0.23479,2026-05-26
bybit,BTCPLN,0.081892,2026-05-26
bybit,LBTCUSDT,0.028266,2026-05-26
bybit,AEDZUSDC,0.0,2026-05-26
bybit,BTCGBP,0.0,2026-05-26
bybit,ETHAED,0.0,2026-05-26
bybit,SOLAED,0.0,2026-05-26
bybit,BTCTRY,0.0,2026-05-26
bybit,ETHGBP,0.0,2026-05-26
bybit,AEDZUSDT,0.0,2026-05-26
bybit,BTCAED,0.0,2026-05-26
bybit,SOLGBP,0.0,2026-05-26
coinbase,PEPEUSD,363108722483.0,2026-05-26
coinbase,NEXUSD,271185369359.0,2026-05-26
coinbase,BONKUSD,261778851646.0,2026-05-26
coinbase,MOGUSD,245055391526.0,2026-05-26
coinbase,SHIBUSD,69214244698.0,2026-05-26
coinbase,FLOKIUSD,37038107974.0,2026-05-26
coinbase,SHIBEUR,4822806156.0,2026-05-26
coinbase,SHIBGBP,4469739128.0,2026-05-26
coinbase,SHIBUSDT,4351700629.0,2026-05-26
coinbase,NOICEUSD,2713648319.0,2026-05-26
coinbase,TOSHIUSD,1903728349.0,2026-05-26
coinbase,BNKRUSD,1641379948.0,2026-05-26
coinbase,PONDUSD,1491533821.0,2026-05-26
coinbase,PUMPUSD,570488845.0,2026-05-26
coinbase,SPELLUSD,380305342.0,2026-05-26
coinbase,PENGUUSD,367655451.0,2026-05-26
coinbase,DOGINMEUSD,297056481.0,2026-05-26
coinbase,QIUSD,238015354.0,2026-05-26
coinbase,BOBBOBUSD,192296506.0,2026-05-26
coinbase,AMPUSD,168523560.0,2026-05-26
coinbase,XANUSD,161203228.8,2026-05-26
coinbase,DEGENUSD,142790588.0,2026-05-26
coinbase,BILLUSD,139614388.0,2026-05-26
coinbase,B3USD,134455647.0,2026-05-26
coinbase,VTHOUSD,132826672.0,2026-05-26
coinbase,KEYCATUSD,131003596.0,2026-05-26
coinbase,JASMYUSD,123467640.0,2026-05-26
coinbase,VETUSD,115611187.0,2026-05-26
coinbase,RSRUSD,93279049.0,2026-05-26
coinbase,GIGAUSD,91692434.4,2026-05-26
coinbase,DOGEUSD,84578446.5,2026-05-26
coinbase,ATHUSD,80573938.0,2026-05-26
coinbase,TURBOUSD,73021414.0,2026-05-26
coinbase,TOWNSUSD,66315232.9,2026-05-26
coinbase,IDEXUSD,64927348.4,2026-05-26
coinbase,PLUMEUSD,56192830.0,2026-05-26
coinbase,GSTUSD,51957431.66,2026-05-26
coinbase,BLASTUSD,51924194.0,2026-05-26
coinbase,MONUSD,48953047.0,2026-05-26
coinbase,XCNUSD,45936583.1,2026-05-26
coinbase,NOMUSD,42272187.0,2026-05-26
coinbase,ACHUSD,41541572.0,2026-05-26
coinbase,SWELLUSD,41205393.0,2026-05-26
coinbase,VARAUSD,38730128.0,2026-05-26
coinbase,XRPUSD,37109854.617643,2026-05-26
coinbase,FIGHTUSD,36532859.0,2026-05-26
coinbase,ONDOUSD,35048860.78,2026-05-26
coinbase,AZTECUSD,34441958.0,2026-05-26
coinbase,FAIUSD,33859453.0,2026-05-26
coinbase,XYOUSD,33596509.5,2026-05-26
coinbase,ROSEUSD,32961101.9,2026-05-26
coinbase,DRIFTUSD,31614721.61,2026-05-26
coinbase,ACSUSD,31077408.0,2026-05-26
coinbase,SKLUSD,30417419.4,2026-05-26
coinbase,FETUSD,28913119.9,2026-05-26
coinbase,HBARUSD,28326182.1,2026-05-26
coinbase,XLMUSD,28309498.7924876,2026-05-26
coinbase,USELESSUSD,27452229.9,2026-05-26
coinbase,ANKRUSD,27120174.0,2026-05-26
coinbase,GRTUSD,25384732.83,2026-05-26
coinbase,CHIPUSD,24780288.0,2026-05-26
coinbase,WELLUSD,24428716.0,2026-05-26
coinbase,NEARUSD,24178573.709,2026-05-26
coinbase,FLRUSD,23652623.0,2026-05-26
coinbase,RLSUSD,23459833.0,2026-05-26
coinbase,USDCEUR,23020466.03,2026-05-26
coinbase,ADAUSD,21336449.53720623,2026-05-26
coinbase,FIDAUSD,19610154.82,2026-05-26
coinbase,HONEYUSD,18819154.0,2026-05-26
coinbase,SWFTCUSD,17877549.0,2026-05-26
coinbase,IMUUSD,17272980.0,2026-05-26
coinbase,AIUSD,16599278.0,2026-05-26
coinbase,ALTUSD,16291571.0,2026-05-26
coinbase,USDTUSD,16070060.25,2026-05-26
coinbase,EDGEUSD,15766804.5,2026-05-26
coinbase,SEIUSD,15606756.6,2026-05-26
coinbase,KARRATUSD,15530177.45,2026-05-26
coinbase,WLFIUSD,15225819.2,2026-05-26
coinbase,ZORAUSD,14683042.0,2026-05-26
coinbase,BIOUSD,14448402.0,2026-05-26
coinbase,DOODUSD,14280524.0,2026-05-26
coinbase,ZAMAUSD,13225387.0,2026-05-26
coinbase,KATUSD,12413482.0,2026-05-26
coinbase,AEROUSD,12303713.4,2026-05-26
coinbase,SXTUSD,12113198.3,2026-05-26
coinbase,MEGAUSD,11986206.4,2026-05-26
coinbase,PIRATEUSD,11797099.8,2026-05-26
coinbase,WUSD,11722453.62,2026-05-26
coinbase,SUIUSD,11379221.0,2026-05-26
coinbase,HFTUSD,11234871.12,2026-05-26
coinbase,BEAMUSD,11124038.0,2026-05-26
coinbase,TROLLUSD,10949548.2,2026-05-26
coinbase,TRUSTUSD,10732594.2,2026-05-26
coinbase,WLDUSD,10716047.77,2026-05-26
coinbase,ALGOUSD,10456538.1,2026-05-26
coinbase,CHZUSD,9676031.1,2026-05-26
coinbase,MDTUSD,9615121.0,2026-05-26
coinbase,NKNUSD,9541798.1,2026-05-26
coinbase,BIGTIMEUSD,9433352.0,2026-05-26
coinbase,REZUSD,9417968.0,2026-05-26
coinbase,ERAUSD,9253351.7,2026-05-26
coinbase,SUSD,9231578.9,2026-05-26
coinbase,TIAUSD,8966499.25,2026-05-26
coinbase,LINEAUSD,8747265.0,2026-05-26
coinbase,PYTHUSD,8713619.6,2026-05-26
coinbase,GMTUSD,8562806.89,2026-05-26
coinbase,AWEUSD,8387940.3,2026-05-26
coinbase,ZKUSD,8282878.1,2026-05-26
coinbase,DEXTUSD,8121104.1,2026-05-26
coinbase,VELOUSD,8079484.5,2026-05-26
coinbase,SENTUSD,8028228.0,2026-05-26
coinbase,KTAUSD,7902320.2,2026-05-26
coinbase,SYNDUSD,7881196.81,2026-05-26
coinbase,DIMOUSD,7613971.9,2026-05-26
coinbase,FARTCOINUSD,7609413.04,2026-05-26
coinbase,ENAUSD,7541812.2,2026-05-26
coinbase,COOKIEUSD,7408636.7,2026-05-26
coinbase,ASMUSD,7327029.0,2026-05-26
coinbase,SQDUSD,7181482.3,2026-05-26
coinbase,EIGENUSD,6855418.42,2026-05-26
coinbase,ROBOUSD,6311404.0,2026-05-26
coinbase,SKRUSD,6297823.0,2026-05-26
coinbase,BASED1USD,6009969.1,2026-05-26
coinbase,SUPERUSD,5981134.53,2026-05-26
coinbase,POPCATUSD,5838545.87,2026-05-26
coinbase,MAMOUSD,5826640.8,2026-05-26
coinbase,CELRUSD,5589388.0,2026-05-26
coinbase,A8USD,5575125.69,2026-05-26
coinbase,AURORAUSD,5468025.31,2026-05-26
coinbase,SHPINGUSD,5320500.0,2026-05-26
coinbase,RENDERUSD,5283723.97,2026-05-26
coinbase,OPGUSD,5118778.6,2026-05-26
coinbase,FISUSD,5076741.3,2026-05-26
coinbase,ALGOEUR,5071175.0,2026-05-26
coinbase,FUN1USD,5023467.3,2026-05-26
coinbase,POLUSD,4986057.41,2026-05-26
coinbase,SPKUSD,4979298.6,2026-05-26
coinbase,USDTEUR,4721452.82,2026-05-26
coinbase,C98USD,4710079.53,2026-05-26
coinbase,USD1USD,4616381.61,2026-05-26
coinbase,PRCLUSD,4603147.0,2026-05-26
coinbase,USDTUSDC,4578779.72,2026-05-26
coinbase,STRKUSD,4482561.95,2026-05-26
coinbase,CROUSD,4459942.3,2026-05-26
coinbase,AKTUSD,4298450.33,2026-05-26
coinbase,DBRUSD,4158297.0,2026-05-26
coinbase,SYRUPUSD,4149967.0,2026-05-26
coinbase,IOUSD,4110989.1,2026-05-26
coinbase,AVNTUSD,4020293.8,2026-05-26
coinbase,THQUSD,3935241.5,2026-05-26
coinbase,ELSAUSD,3927678.4,2026-05-26
coinbase,ARBUSD,3872031.57,2026-05-26
coinbase,HOMEUSD,3844224.0,2026-05-26
coinbase,ALEOUSD,3788830.98,2026-05-26
coinbase,CRVUSD,3701112.15,2026-05-26
coinbase,MOODENGUSD,3637244.78,2026-05-26
coinbase,MATHUSD,3579176.8,2026-05-26
coinbase,IOTXUSD,3559723.0,2026-05-26
coinbase,TONUSD,3471503.23,2026-05-26
coinbase,AIOZUSD,3365694.3,2026-05-26
coinbase,REDUSD,3195697.03,2026-05-26
coinbase,SKYUSD,3165181.1,2026-05-26
coinbase,SIGNUSD,3045200.0,2026-05-26
coinbase,ARPAUSD,2988700.0,2026-05-26
coinbase,COTIUSD,2973052.2,2026-05-26
coinbase,KAIOUSD,2970986.0,2026-05-26
coinbase,INXUSD,2896727.0,2026-05-26
coinbase,OXTUSD,2894582.0,2026-05-26
coinbase,SUKUUSD,2868318.6,2026-05-26
coinbase,USDCSGD,2850773.51,2026-05-26
coinbase,JTOUSD,2725942.5,2026-05-26
coinbase,EURCUSDC,2664646.0,2026-05-26
coinbase,NCTUSD,2639045.0,2026-05-26
coinbase,KITEUSD,2616736.4,2026-05-26
coinbase,IRYSUSD,2544708.0,2026-05-26
coinbase,PROMPTUSD,2504862.6,2026-05-26
coinbase,LRCUSD,2493561.560841,2026-05-26
coinbase,JUPITERUSD,2485751.8,2026-05-26
coinbase,POLSUSD,2482810.47,2026-05-26
coinbase,LCXUSD,2470960.4,2026-05-26
coinbase,TRIAUSD,2396773.0,2026-05-26
coinbase,SAPIENUSD,2300571.7,2026-05-26
coinbase,GRTGBP,2254088.25,2026-05-26
coinbase,LAUSD,2175907.7,2026-05-26
coinbase,TRACUSD,2156292.8,2026-05-26
coinbase,WIFUSD,2138307.43,2026-05-26
coinbase,GTCUSD,2058501.34,2026-05-26
coinbase,VOXELUSD,2055915.8,2026-05-26
coinbase,TREEUSD,2021828.58,2026-05-26
coinbase,USDTGBP,2018864.69,2026-05-26
coinbase,USDCGBP,2004661.98,2026-05-26
coinbase,GUSD,1946104.0,2026-05-26
coinbase,RECALLUSD,1937396.35,2026-05-26
coinbase,LRDSUSD,1761361.07,2026-05-26
coinbase,RAVEUSD,1752345.4,2026-05-26
coinbase,PROVEUSD,1743815.38,2026-05-26
coinbase,LIGHTERUSD,1725811.94,2026-05-26
coinbase,FLOCKUSD,1723932.5,2026-05-26
coinbase,SPAUSD,1703459.0,2026-05-26
coinbase,XLMBTC,1679802.0,2026-05-26
coinbase,TNSRUSD,1652431.67,2026-05-26
coinbase,ICPUSD,1641421.5521,2026-05-26
coinbase,GRTEUR,1637277.01,2026-05-26
coinbase,HIGHUSD,1605349.67,2026-05-26
coinbase,FOXUSD,1557304.7,2026-05-26
coinbase,INJUSD,1551589.1,2026-05-26
coinbase,MINAUSD,1527558.112,2026-05-26
coinbase,CFGUSD,1519762.6,2026-05-26
coinbase,AXLUSD,1437402.7,2026-05-26
coinbase,ZRXUSD,1403913.53423,2026-05-26
coinbase,OPUSD,1385551.91,2026-05-26
coinbase,BERAUSD,1383494.11,2026-05-26
coinbase,MEZOUSD,1364074.8,2026-05-26
coinbase,BOBAUSD,1363640.9,2026-05-26
coinbase,AERGOUSD,1309475.0,2026-05-26
coinbase,PNUTUSD,1309111.07,2026-05-26
coinbase,UPUSD,1283866.9,2026-05-26
coinbase,SDUSD,1279538.15,2026-05-26
coinbase,MEUSD,1272901.2,2026-05-26
coinbase,PNGUSD,1271773.0,2026-05-26
coinbase,GWEIUSD,1239094.0,2026-05-26
coinbase,BICOUSD,1238837.98,2026-05-26
coinbase,OSMOUSD,1223033.19,2026-05-26
coinbase,DEEPUSD,1174908.0,2026-05-26
coinbase,IPUSD,1171356.79,2026-05-26
coinbase,IMXUSD,1171305.64,2026-05-26
coinbase,ALLOUSD,1155800.28,2026-05-26
coinbase,PERPUSD,1155644.485,2026-05-26
coinbase,SUPUSD,1122464.0,2026-05-26
coinbase,STXUSD,1117487.49,2026-05-26
coinbase,WRONUSD,1068786.88,2026-05-26
coinbase,BLZUSD,1064461.9,2026-05-26
coinbase,ESPUSD,1029601.7,2026-05-26
coinbase,FLOWUSD,1024445.237,2026-05-26
coinbase,CTSIUSD,998762.6,2026-05-26
coinbase,ZKPUSD,974364.4,2026-05-26
coinbase,YBUSD,973112.72,2026-05-26
coinbase,KERNELUSD,969517.56,2026-05-26
coinbase,DOTUSD,961351.32521643,2026-05-26
coinbase,FILUSD,941928.162,2026-05-26
coinbase,XPLUSD,924392.2,2026-05-26
coinbase,APEUSD,905792.22,2026-05-26
coinbase,RAREUSD,874145.8,2026-05-26
coinbase,XRPEUR,852878.341433,2026-05-26
coinbase,00USD,848407.4,2026-05-26
coinbase,AUDIOUSD,845657.7,2026-05-26
coinbase,STORJUSD,844150.79,2026-05-26
coinbase,PRLUSD,843817.3,2026-05-26
coinbase,JASMYUSDT,840024.0,2026-05-26
coinbase,MORPHOUSD,813044.78,2026-05-26
coinbase,COSMOSDYDXUSD,812738.49,2026-05-26
coinbase,DOGEGBP,803055.4,2026-05-26
coinbase,KAITOUSD,786521.91,2026-05-26
coinbase,BLENDUSD,778654.6,2026-05-26
coinbase,PENDLEUSD,766877.57,2026-05-26
coinbase,KMNOUSD,755640.7,2026-05-26
coinbase,ASTUSD,743819.4,2026-05-26
coinbase,ALEPHUSD,736384.1,2026-05-26
coinbase,ARKMUSD,734448.85,2026-05-26
coinbase,SNXUSD,706767.596,2026-05-26
coinbase,HYPERUSD,703773.5,2026-05-26
coinbase,FORTUSD,697609.75,2026-05-26
coinbase,PROSUSD,697087.15,2026-05-26
coinbase,APRUSD,669193.6,2026-05-26
coinbase,ORCAUSD,668319.61,2026-05-26
coinbase,LINKUSD,660065.71,2026-05-26
coinbase,BARDUSD,654071.23,2026-05-26
coinbase,VVVUSD,653133.193,2026-05-26
coinbase,API3USD,616845.19,2026-05-26
coinbase,SAFEUSD,609253.61,2026-05-26
coinbase,OPNUSD,589229.97,2026-05-26
coinbase,ADAEUR,577338.43,2026-05-26
coinbase,RARIUSD,573262.998,2026-05-26
coinbase,BTRSTUSD,561873.56,2026-05-26
coinbase,HYPEUSD,553813.968,2026-05-26
coinbase,METUSD,547921.26,2026-05-26
coinbase,SPXUSD,543847.72,2026-05-26
coinbase,L3USD,534117.0,2026-05-26
coinbase,VIRTUALUSD,523281.98,2026-05-26
coinbase,CORECHAINUSD,518346.35,2026-05-26
coinbase,DOGEEUR,516325.5,2026-05-26
coinbase,ZKCUSD,514413.12,2026-05-26
coinbase,GRTBTC,513133.89,2026-05-26
coinbase,WALUSD,507293.2,2026-05-26
coinbase,INDEXUSD,502957.803,2026-05-26
coinbase,GODSUSD,502477.08,2026-05-26
coinbase,DOLOUSD,497502.0,2026-05-26
coinbase,APTUSD,482128.513,2026-05-26
coinbase,SANDUSD,479186.58,2026-05-26
coinbase,GHSTUSD,469257.13,2026-05-26
coinbase,HNTUSD,457575.7,2026-05-26
coinbase,CHZEUR,452680.1,2026-05-26
coinbase,ATOMUSD,447348.74,2026-05-26
coinbase,MANAUSD,435019.95,2026-05-26
coinbase,ZETAUSD,429515.9,2026-05-26
coinbase,XLMEUR,426285.0,2026-05-26
coinbase,ASTERUSD,419669.99,2026-05-26
coinbase,BREVUSD,415571.7,2026-05-26
coinbase,OGNUSD,388669.75,2026-05-26
coinbase,DNTUSD,380907.3,2026-05-26
coinbase,LMTSUSD,373625.4,2026-05-26
coinbase,ICNTUSD,371944.3,2026-05-26
coinbase,SOLUSD,365102.53575815,2026-05-26
coinbase,UNIUSD,362366.243312,2026-05-26
coinbase,FETUSDT,355643.9,2026-05-26
coinbase,RNBWUSD,351984.8,2026-05-26
coinbase,MANTLEUSD,350116.4,2026-05-26
coinbase,TUSD,343805.0,2026-05-26
coinbase,NEWTUSD,342091.68,2026-05-26
coinbase,XTZUSD,335328.32,2026-05-26
coinbase,AVAXUSD,333966.21868499,2026-05-26
coinbase,BIRBUSD,329527.9,2026-05-26
coinbase,DOGEUSDT,328621.5,2026-05-26
coinbase,WAXLUSD,325851.14,2026-05-26
coinbase,CHZUSDT,323247.8,2026-05-26
coinbase,BLURUSD,318682.3,2026-05-26
coinbase,BATUSD,293456.63,2026-05-26
coinbase,ADAGBP,288485.78,2026-05-26
coinbase,GFIUSD,284743.65,2026-05-26
coinbase,NEARUSDT,282272.172,2026-05-26
coinbase,MPLXUSD,278106.6,2026-05-26
coinbase,2ZUSD,274134.81,2026-05-26
coinbase,KAVAUSD,268785.57,2026-05-26
coinbase,PRIMEUSD,260479.32,2026-05-26
coinbase,NEONUSD,258473.81,2026-05-26
coinbase,WETUSD,257539.5,2026-05-26
coinbase,CGLDUSD,253987.48,2026-05-26
coinbase,HBARUSDT,253121.1,2026-05-26
coinbase,CHZGBP,250847.3,2026-05-26
coinbase,ALGOGBP,242724.0,2026-05-26
coinbase,WCTUSD,240066.5,2026-05-26
coinbase,REQUSD,239941.0,2026-05-26
coinbase,MAGICUSD,235679.28,2026-05-26
coinbase,KNCUSD,233653.4,2026-05-26
coinbase,ZETACHAINUSD,231056.06,2026-05-26
coinbase,AXSUSD,221103.865,2026-05-26
coinbase,MNDEUSD,199605.5,2026-05-26
coinbase,SHDWUSD,197421.16,2026-05-26
coinbase,LDOUSD,195580.39,2026-05-26
coinbase,CRVGBP,191012.19,2026-05-26
coinbase,ELAUSD,182002.22,2026-05-26
coinbase,DOGEBTC,178623.9,2026-05-26
coinbase,SUSHIUSD,176598.26,2026-05-26
coinbase,RLCUSD,174348.67,2026-05-26
coinbase,ZECUSD,172410.04335528,2026-05-26
coinbase,ACXUSD,169481.1,2026-05-26
coinbase,RSCUSD,165866.05,2026-05-26
coinbase,LAYERUSD,160352.22,2026-05-26
coinbase,CAKEUSD,158091.89,2026-05-26
coinbase,BATEUR,157990.21,2026-05-26
coinbase,LPTUSD,155314.535,2026-05-26
coinbase,LQTYUSD,150371.68,2026-05-26
coinbase,PLUUSD,146750.76,2026-05-26
coinbase,ANKREUR,146012.0,2026-05-26
coinbase,ALICEUSD,140086.757,2026-05-26
coinbase,XRPUSDT,138789.716288,2026-05-26
coinbase,HOPRUSD,130487.9,2026-05-26
coinbase,TRUMPUSD,126808.178,2026-05-26
coinbase,RADUSD,125256.74,2026-05-26
coinbase,ICPEUR,121267.5851,2026-05-26
coinbase,FORTHUSD,119954.885,2026-05-26
coinbase,DIAUSD,116641.88,2026-05-26
coinbase,STGUSD,110378.3,2026-05-26
coinbase,EDGEXUSD,109873.33,2026-05-26
coinbase,AUDDUSDC,105151.0,2026-05-26
coinbase,COWUSD,99177.2,2026-05-26
coinbase,KRLUSD,95891.5,2026-05-26
coinbase,ETHFIUSD,94820.48,2026-05-26
coinbase,ABTUSD,94533.7,2026-05-26
coinbase,CRVEUR,93799.17,2026-05-26
coinbase,RAYUSD,91652.65,2026-05-26
coinbase,CHECKUSD,90437.0,2026-05-26
coinbase,ADAUSDT,89698.93,2026-05-26
coinbase,CVXUSD,88702.524,2026-05-26
coinbase,MASKUSD,85607.91,2026-05-26
coinbase,XLMUSDT,85577.4,2026-05-26
coinbase,ZROUSD,84255.75,2026-05-26
coinbase,GLMUSD,79480.2,2026-05-26
coinbase,MLNUSD,79110.177,2026-05-26
coinbase,LTCUSD,76963.96313001,2026-05-26
coinbase,CVCUSD,70623.9,2026-05-26
coinbase,FLUIDUSD,69381.07,2026-05-26
coinbase,WMTXUSD,68870.1,2026-05-26
coinbase,CROEUR,66665.6,2026-05-26
coinbase,PROUSD,66436.86,2026-05-26
coinbase,CRVBTC,65423.65,2026-05-26
coinbase,ADABTC,63807.33,2026-05-26
coinbase,ETHUSD,62798.41691189,2026-05-26
coinbase,BANDUSD,57018.78,2026-05-26
coinbase,ALGOBTC,54993.0,2026-05-26
coinbase,OCEANUSD,54866.7,2026-05-26
coinbase,1INCHUSD,54261.67,2026-05-26
coinbase,ZENUSD,48451.234,2026-05-26
coinbase,AGLDUSD,48402.88,2026-05-26
coinbase,TAOUSD,47011.0745,2026-05-26
coinbase,AVTUSD,46459.84,2026-05-26
coinbase,POWRUSD,42851.6,2026-05-26
coinbase,DASHUSD,41440.01956543,2026-05-26
coinbase,PYRUSD,41370.04,2026-05-26
coinbase,USDCCAD,34112.95,2026-05-26
coinbase,RPLUSD,33867.928,2026-05-26
coinbase,PUNDIXUSD,32558.97,2026-05-26
coinbase,MANAEUR,31977.82,2026-05-26
coinbase,FARMUSD,30868.682,2026-05-26
coinbase,ILVUSD,29635.8889,2026-05-26
coinbase,METISUSD,29624.489,2026-05-26
coinbase,APEEUR,29546.41,2026-05-26
coinbase,CTXUSD,28743.569,2026-05-26
coinbase,XTZBTC,28382.31,2026-05-26
coinbase,ADAETH,26077.85,2026-05-26
coinbase,SNXEUR,25623.431,2026-05-26
coinbase,ETCUSD,25287.07182346,2026-05-26
coinbase,EULUSD,24385.517,2026-05-26
coinbase,ENSUSD,23210.926,2026-05-26
coinbase,TGBPUSDC,19683.0,2026-05-26
coinbase,BALUSD,18842.052,2026-05-26
coinbase,USDCAUD,18342.74,2026-05-26
coinbase,DOTEUR,17675.903,2026-05-26
coinbase,AAVEUSD,17513.291,2026-05-26
coinbase,OPUSDT,16894.58,2026-05-26
coinbase,OMNIUSD,15838.86,2026-05-26
coinbase,SOLEUR,15650.801,2026-05-26
coinbase,ICPBTC,14846.4759,2026-05-26
coinbase,CLANKERUSD,14755.0325,2026-05-26
coinbase,COMPUSD,14636.192,2026-05-26
coinbase,BADGERUSD,14309.237,2026-05-26
coinbase,STXUSDT,14220.41,2026-05-26
coinbase,NMRUSD,13896.544,2026-05-26
coinbase,FILGBP,13532.174,2026-05-26
coinbase,KSMUSD,13402.8704,2026-05-26
coinbase,EGLDUSD,12676.09,2026-05-26
coinbase,UNIEUR,12209.523,2026-05-26
coinbase,DOTBTC,11743.371,2026-05-26
coinbase,ATOMUSDT,11517.85,2026-05-26
coinbase,XTZEUR,11358.28,2026-05-26
coinbase,SNXGBP,11304.433,2026-05-26
coinbase,ATOMGBP,11264.732,2026-05-26
coinbase,APEUSDT,11183.33,2026-05-26
coinbase,UMAUSD,9634.233,2026-05-26
coinbase,QNTUSD,9250.282,2026-05-26
coinbase,ATOMEUR,9150.148,2026-05-26
coinbase,IMXUSDT,8488.4,2026-05-26
coinbase,1INCHEUR,8178.03,2026-05-26
coinbase,XSGDUSDC,7916.0,2026-05-26
coinbase,USDSUSD,6839.01,2026-05-26
coinbase,FILBTC,6458.034,2026-05-26
coinbase,SOLGBP,6333.746,2026-05-26
coinbase,LTCEUR,5893.21342329,2026-05-26
coinbase,FILEUR,5741.059,2026-05-26
coinbase,LINKGBP,5252.96,2026-05-26
coinbase,BNTUSD,5199.158903,2026-05-26
coinbase,AVAXEUR,4809.223,2026-05-26
coinbase,TRBUSD,4759.774,2026-05-26
coinbase,LINKUSDT,4731.978,2026-05-26
coinbase,LINKEUR,4531.87,2026-05-26
coinbase,ALCXUSD,4131.8029,2026-05-26
coinbase,UNIGBP,3968.86,2026-05-26
coinbase,DOTGBP,3838.814,2026-05-26
coinbase,BATETH,3715.0,2026-05-26
coinbase,LTCGBP,3580.27148171,2026-05-26
coinbase,BTCUSD,3543.56601666,2026-05-26
coinbase,AVAXUSDT,3405.88,2026-05-26
coinbase,BATBTC,3300.9,2026-05-26
coinbase,LINKBTC,3043.97,2026-05-26
coinbase,BCHUSD,3003.7128802,2026-05-26
coinbase,SOLUSDT,2788.408,2026-05-26
coinbase,SOLETH,2427.9902,2026-05-26
coinbase,AUCTIONUSD,1857.805,2026-05-26
coinbase,ETHEUR,1837.55783415,2026-05-26
coinbase,XTZGBP,1781.56,2026-05-26
coinbase,SOLBTC,1764.377,2026-05-26
coinbase,BNBUSD,1527.88894,2026-05-26
coinbase,ETHBTC,1521.27717957,2026-05-26
coinbase,ETCEUR,1443.45204335,2026-05-26
coinbase,AVAXBTC,1116.223,2026-05-26
coinbase,ETCBTC,1071.34202869,2026-05-26
coinbase,DOTUSDT,1042.535,2026-05-26
coinbase,MINAEUR,1036.44,2026-05-26
coinbase,ATOMBTC,1008.3,2026-05-26
coinbase,MASKGBP,953.22,2026-05-26
coinbase,ENSEUR,772.192,2026-05-26
coinbase,JITOSOLUSD,736.1231,2026-05-26
coinbase,ETHUSDT,602.56786638,2026-05-26
coinbase,LINKETH,572.31,2026-05-26
coinbase,AAVEEUR,559.098,2026-05-26
coinbase,ETHGBP,499.65875398,2026-05-26
coinbase,INVUSD,497.8105,2026-05-26
coinbase,1INCHGBP,423.89,2026-05-26
coinbase,PAXGUSD,370.25259,2026-05-26
coinbase,CROUSDT,277.6,2026-05-26
coinbase,UNIBTC,211.924268,2026-05-26
coinbase,BCHEUR,190.64204593,2026-05-26
coinbase,GNOUSD,168.561,2026-05-26
coinbase,LTCBTC,148.22800571,2026-05-26
coinbase,BTCEUR,121.57672252,2026-05-26
coinbase,CBETHUSD,93.58409,2026-05-26
coinbase,ETCGBP,89.00306114,2026-05-26
coinbase,CBETHETH,88.51242,2026-05-26
coinbase,AAVEGBP,81.961,2026-05-26
coinbase,MSOLUSD,61.713,2026-05-26
coinbase,AAVEBTC,53.745,2026-05-26
coinbase,YFIUSD,44.002029,2026-05-26
coinbase,COMPBTC,42.827,2026-05-26
coinbase,BTCGBP,33.71997902,2026-05-26
coinbase,DIEMUSD,29.75899,2026-05-26
coinbase,BTCUSDT,29.43193332,2026-05-26
coinbase,QNTUSDT,27.9488,2026-05-26
coinbase,DASHBTC,27.72444013,2026-05-26
coinbase,BCHGBP,10.7440542,2026-05-26
coinbase,BCHBTC,10.73340982,2026-05-26
coinbase,USDCINR,3.97,2026-05-26
coinbase,PAXUSD,2.66,2026-05-26
coinbase,LSETHUSD,0.33942,2026-05-26
coinbase,YFIBTC,0.014589,2026-05-26
coinbase,LSETHETH,0.00236,2026-05-26
coinbase,BTCINR,1.32e-06,2026-05-26
hashkey,NFTUSDT,41380280342.0,2026-05-26
hashkey,BTTUSDT,38252655992.0,2026-05-26
hashkey,CATUSDT,3912490237.0,2026-05-26
hashkey,WINUSDT,509573744.0,2026-05-26
hashkey,MEMEUSDT,21677880.0,2026-05-26
hashkey,EDGENUSDT,7443757.13,2026-05-26
hashkey,ZRCUSDT,6541591.35,2026-05-26
hashkey,IOTXUSDT,1937629.92,2026-05-26
hashkey,XRUSDT,1873507.1,2026-05-26
hashkey,GPSUSDT,1521893.0,2026-05-26
hashkey,AGIUSDT,1320101.21,2026-05-26
hashkey,SIGNUSDT,970197.96,2026-05-26
hashkey,BLUEUSDT,623628.08,2026-05-26
hashkey,SUNUSDT,539681.76,2026-05-26
hashkey,FHEUSDT,518470.04,2026-05-26
hashkey,HAEDALUSDT,426354.31,2026-05-26
hashkey,PROMPTUSDT,382987.06,2026-05-26
hashkey,HSKUSDT,362455.52,2026-05-26
hashkey,MERLUSDT,357922.79,2026-05-26
hashkey,KAIAUSDT,243862.8,2026-05-26
hashkey,USDTAED,215622.53,2026-05-26
hashkey,ALEOUSDT,204980.9,2026-05-26
hashkey,PARTIUSDT,196781.04,2026-05-26
hashkey,STOUSDT,171901.09,2026-05-26
hashkey,PUFFERUSDT,159469.19,2026-05-26
hashkey,ZKJUSDT,127493.98,2026-05-26
hashkey,JSTUSDT,113661.58,2026-05-26
hashkey,XPLUSDT,108500.89,2026-05-26
hashkey,DOGEUSDT,100915.0,2026-05-26
hashkey,IOUSDT,82119.68,2026-05-26
hashkey,SOONUSDT,56429.74,2026-05-26
hashkey,HUNTUSDT,38205.55,2026-05-26
hashkey,TRXUSDT,32510.47,2026-05-26
hashkey,USDTUSD,24113.39649,2026-05-26
hashkey,0GUSDT,21732.49,2026-05-26
hashkey,GRNDUSDT,20412.24,2026-05-26
hashkey,USDCUSDT,11520.56,2026-05-26
hashkey,SUIUSDT,9438.57,2026-05-26
hashkey,XRPUSDT,7955.95,2026-05-26
hashkey,TONUSDT,6575.49,2026-05-26
hashkey,MUSDT,3917.04,2026-05-26
hashkey,USDUSDT,2398.6051,2026-05-26
hashkey,KCSUSDT,1364.9046,2026-05-26
hashkey,AVAXUSDT,1242.529,2026-05-26
hashkey,LINKUSDT,1156.666,2026-05-26
hashkey,SOLUSDT,123.356,2026-05-26
hashkey,BNBUSDT,16.8439,2026-05-26
hashkey,ETHUSD,13.4936,2026-05-26
hashkey,ETHUSDT,6.0423,2026-05-26
hashkey,BTCUSDT,0.15136,2026-05-26
hashkey,BTCUSD,0.11912,2026-05-26
hashkey,UXLINKUSDT,0.0,2026-05-26
hashkey,PFVSUSDT,0.0,2026-05-26
hashkey,MAXUSDT,0.0,2026-05-26
kraken,MOGUSD,179013579217.25095,2026-05-26
kraken,PEPEUSD,111992728447.34315,2026-05-26
kraken,NEXUSD,74343781944.23578,2026-05-26
kraken,COQUSD,60982380177.14785,2026-05-26
kraken,MOGEUR,30769029909.61145,2026-05-26
kraken,REKTUSD,30054859858.6908,2026-05-26
kraken,BONKUSD,20181018956.42305,2026-05-26
kraken,PEPEEUR,18646849053.89584,2026-05-26
kraken,SHIBUSD,17055945263.05331,2026-05-26
kraken,APENFTUSD,13788511511.19139,2026-05-26
kraken,NEXEUR,8595552823.38202,2026-05-26
kraken,BTTUSD,7900046753.84682,2026-05-26
kraken,SPICEUSD,7718401842.52718,2026-05-26
kraken,LUNAUSD,6767138127.673423,2026-05-26
kraken,SPICEEUR,5803075359.1617,2026-05-26
kraken,BONKEUR,5733269584.47072,2026-05-26
kraken,FLOKIUSD,4433479802.438857,2026-05-26
kraken,SHIBUSDT,4228026759.01105,2026-05-26
kraken,CHEEMSUSD,3692242974.07657,2026-05-26
kraken,SHIBEUR,2830902284.16393,2026-05-26
kraken,REKTEUR,2180547161.28193,2026-05-26
kraken,WINUSD,1396981056.13661,2026-05-26
kraken,PEPECAD,1221311271.14133,2026-05-26
kraken,DOGSUSD,1183830930.5594,2026-05-26
kraken,DOGSEUR,1103509530.15052,2026-05-26
kraken,PEPEGBP,894302922.74356,2026-05-26
kraken,BTTEUR,729534561.6,2026-05-26
kraken,CATUSD,665318521.04827,2026-05-26
kraken,FLOKIEUR,629313811.1973288,2026-05-26
kraken,SHIBUSDC,435674508.91879,2026-05-26
kraken,BSXUSD,435408060.1544916,2026-05-26
kraken,KINEUR,410635424.92416,2026-05-26
kraken,KINUSD,406836446.1908,2026-05-26
kraken,LUNAEUR,342433364.2302864,2026-05-26
kraken,COQEUR,329140204.1,2026-05-26
kraken,APUUSD,256135603.93953,2026-05-26
kraken,PUMPUSD,220797574.2541,2026-05-26
kraken,PONDUSD,192373970.41521075,2026-05-26
kraken,PENGUUSD,178081056.63336,2026-05-26
kraken,APENFTEUR,153066388.37167,2026-05-26
kraken,DOGUSD,150437513.93047,2026-05-26
kraken,ZBCNUSD,145758222.40457,2026-05-26
kraken,NEIROUSD,139955346.96716,2026-05-26
kraken,HMSTRUSD,137536576.84957,2026-05-26
kraken,DUCKUSD,112254525.17467,2026-05-26
kraken,PEPUSD,94835204.43049,2026-05-26
kraken,DENTUSD,93942802.24053869,2026-05-26
kraken,RAIINUSD,92086004.05587,2026-05-26
kraken,USDCEUR,90002662.76609764,2026-05-26
kraken,CATEUR,84213348.39552,2026-05-26
kraken,NEIROEUR,81339465.44168,2026-05-26
kraken,USDTZUSD,69375000.4260388,2026-05-26
kraken,ELXUSD,67817218.83124,2026-05-26
kraken,TOSHIUSD,67150606.60469,2026-05-26
kraken,PTBUSD,64373579.39304,2026-05-26
kraken,MXCUSD,58416342.13830236,2026-05-26
kraken,PACTUSD,52903216.43531,2026-05-26
kraken,ESPORTSUSD,52711374.44329,2026-05-26
kraken,VTHOUSD,51339981.07935,2026-05-26
kraken,DUCKEUR,50535553.55591,2026-05-26
kraken,RAINUSD,50503514.24322273,2026-05-26
kraken,WENUSD,49250200.94,2026-05-26
kraken,NOTUSD,49075179.21236,2026-05-26
kraken,GALAUSD,48821711.26848384,2026-05-26
kraken,HIPPOUSD,47860662.30941,2026-05-26
kraken,USDTEUR,46344401.76579239,2026-05-26
kraken,WARUSD,45296688.01431,2026-05-26
kraken,OMIUSD,45210289.00534,2026-05-26
kraken,AKEUSD,44030978.44687,2026-05-26
kraken,LOBOUSD,41686939.16643,2026-05-26
kraken,MIMUSD,37235973.70664,2026-05-26
kraken,RAIINEUR,36405338.15819,2026-05-26
kraken,BSXEUR,35204435.92381219,2026-05-26
kraken,SAGAUSD,35159858.23831,2026-05-26
kraken,SPELLUSD,34090465.69118881,2026-05-26
kraken,BOBUSD,32434605.23976,2026-05-26
kraken,GIGAUSD,31306791.29953,2026-05-26
kraken,SNEKUSD,30341250.04151,2026-05-26
kraken,WENEUR,30243684.8450166,2026-05-26
kraken,XDCUSD,29309125.80681,2026-05-26
kraken,DRIFTUSD,27255676.8116,2026-05-26
kraken,SHAPEUSD,27048813.49231,2026-05-26
kraken,SUPUSD,26326440.30890056,2026-05-26
kraken,GARIUSD,24883306.22915986,2026-05-26
kraken,XANUSD,24172015.66694,2026-05-26
kraken,USDCUSD,23620032.56631172,2026-05-26
kraken,TURBOUSD,23532027.77027447,2026-05-26
kraken,CAMPUSD,22646282.23975,2026-05-26
kraken,KASUSD,22057204.49176,2026-05-26
kraken,PHAUSD,21978414.2176052,2026-05-26
kraken,SWEATUSD,21828601.34789,2026-05-26
kraken,PUMPEUR,21613423.59018,2026-05-26
kraken,BOSUSD,21247729.37603,2026-05-26
kraken,MXCEUR,21059830.41743709,2026-05-26
kraken,HMSTREUR,21002703.6264,2026-05-26
kraken,RAINEUR,20319515.54640726,2026-05-26
kraken,ELIZAOSUSD,20126804.64262,2026-05-26
kraken,JASMYUSD,20089543.8706118,2026-05-26
kraken,SWEATEUR,18522751.35948,2026-05-26
kraken,GRTUSD,17808053.91083492,2026-05-26
kraken,PLAYUSD,17774455.80233,2026-05-26
kraken,RLSUSD,17367578.39343,2026-05-26
kraken,PEPEAUD,17334007.54281,2026-05-26
kraken,MONUSD,17088874.38901,2026-05-26
kraken,PENGUEUR,17050364.8231,2026-05-26
kraken,APUEUR,16749678.86457,2026-05-26
kraken,FETUSD,16460617.14731201,2026-05-26
kraken,SLAYUSD,16424395.90159,2026-05-26
kraken,UNITEUSD,16328411.011,2026-05-26
kraken,NILUSD,16207237.5955,2026-05-26
kraken,XDCEUR,16044616.08381,2026-05-26
kraken,XCNUSD,16039666.63567627,2026-05-26
kraken,NIGHTUSD,15997688.52777,2026-05-26
kraken,PONDEUR,15965648.67606031,2026-05-26
kraken,UNITEEUR,15366273.82476,2026-05-26
kraken,MEWUSD,14987412.44874,2026-05-26
kraken,ZEREBROUSD,14967765.13225,2026-05-26
kraken,FLRUSD,14920438.95061999,2026-05-26
kraken,KOBANEUR,14745608.20098,2026-05-26
kraken,WINEUR,14592732.26353,2026-05-26
kraken,USELESSUSD,14296632.813,2026-05-26
kraken,BLUAIUSD,14197083.3134,2026-05-26
kraken,HIPPOEUR,14080619.79,2026-05-26
kraken,XDGUSD,13248859.94888697,2026-05-26
kraken,AZTECUSD,13165427.57267,2026-05-26
kraken,IDEXUSD,12757287.56826802,2026-05-26
kraken,ALPHAUSD,12747016.42066392,2026-05-26
kraken,CCDEUR,11273132.52886,2026-05-26
kraken,DEGENUSD,11125096.58697,2026-05-26
kraken,DENTEUR,10931450.04368327,2026-05-26
kraken,ZEURZUSD,10906180.76575452,2026-05-26
kraken,FIDAUSD,10798637.76344329,2026-05-26
kraken,ELXEUR,10739218.1864,2026-05-26
kraken,AIUSD,10548445.88144,2026-05-26
kraken,TRUUSD,10461693.71077231,2026-05-26
kraken,TOSHIEUR,10025166.87684,2026-05-26
kraken,XMNUSD,9609638.55194,2026-05-26
kraken,PEAQUSD,9585246.10838,2026-05-26
kraken,SNEKEUR,9298289.84638,2026-05-26
kraken,PEPEUR,9259409.79245,2026-05-26
kraken,EVUSD,9207840.17212,2026-05-26
kraken,BEAMUSD,9205605.74226,2026-05-26
kraken,DOGEUR,9022477.84545,2026-05-26
kraken,CHZUSD,8978586.80290286,2026-05-26
kraken,MEMEUSD,8731188.15947,2026-05-26
kraken,KATUSD,8384309.66818,2026-05-26
kraken,B3USD,8317554.20438,2026-05-26
kraken,EVEUR,8101663.98575,2026-05-26
kraken,PLUMEUSD,8042891.15523,2026-05-26
kraken,ONDOUSD,8032958.0508,2026-05-26
kraken,TELUSD,7860257.8665865,2026-05-26
kraken,SLAYEUR,7780422.97125,2026-05-26
kraken,CCDUSD,7778676.26806,2026-05-26
kraken,VETUSD,7679025.39423,2026-05-26
kraken,SPACEUSD,7589153.96278,2026-05-26
kraken,GIGAEUR,7435422.01668,2026-05-26
kraken,WLDUSD,7409245.30874,2026-05-26
kraken,KEYUSD,7355279.40389194,2026-05-26
kraken,ABUSD,7316246.13214,2026-05-26
kraken,STRKUSD,7280462.64619,2026-05-26
kraken,BODENUSD,7280313.38327,2026-05-26
kraken,THQUSD,7131749.76118,2026-05-26
kraken,NPCUSD,7123975.88694,2026-05-26
kraken,XL1USD,7107344.94445,2026-05-26
kraken,ATHUSD,7086742.3825,2026-05-26
kraken,SPELLEUR,6959629.57441544,2026-05-26
kraken,USDCGBP,6881530.17280301,2026-05-26
kraken,HONEYUSD,6843481.01895,2026-05-26
kraken,TRXUSD,6711008.89198853,2026-05-26
kraken,ADAUSD,6690236.75445025,2026-05-26
kraken,KOBANUSD,6610802.56425,2026-05-26
kraken,XDCUSDC,6590572.43565,2026-05-26
kraken,USDCUSDT,6521752.98932799,2026-05-26
kraken,SHXUSD,6411970.62967,2026-05-26
kraken,FIDAEUR,5935606.93521014,2026-05-26
kraken,XDGEUR,5894959.97278087,2026-05-26
kraken,NEARUSD,5837120.3660965,2026-05-26
kraken,XXRPZUSD,5786476.2926761,2026-05-26
kraken,EDGEUSD,5770623.86543,2026-05-26
kraken,ZBCNEUR,5748161.8232,2026-05-26
kraken,REPPOUSD,5733861.78044,2026-05-26
kraken,ATLASUSD,5720363.39798323,2026-05-26
kraken,CCUSD,5713515.66723,2026-05-26
kraken,WARDUSD,5667427.81907,2026-05-26
kraken,SUIUSD,5661122.79137,2026-05-26
kraken,RIZEUSD,5633276.38572,2026-05-26
kraken,BOBEUR,5534825.90729,2026-05-26
kraken,TRXEUR,5486033.86911428,2026-05-26
kraken,HBARUSD,5329428.10844,2026-05-26
kraken,TURBOEUR,5233244.03066493,2026-05-26
kraken,FUNUSD,5162819.6646,2026-05-26
kraken,GHIBLIUSD,5138517.65117,2026-05-26
kraken,XXLMZUSD,5134090.67774219,2026-05-26
kraken,YALAUSD,5119354.49871,2026-05-26
kraken,ANIMEUSD,5093755.28877,2026-05-26
kraken,PENGUUSDT,5079330.95956,2026-05-26
kraken,RSRUSD,4994686.19932,2026-05-26
kraken,REZUSD,4977668.12758,2026-05-26
kraken,TELEUR,4972823.0253347,2026-05-26
kraken,BILLUSD,4883461.00843,2026-05-26
kraken,FHEUSD,4850814.03408,2026-05-26
kraken,ALPHAEUR,4813835.6358406,2026-05-26
kraken,KTAUSD,4703411.09511,2026-05-26
kraken,CHEEMSEUR,4680928.4,2026-05-26
kraken,PONKEUSD,4633334.20548,2026-05-26
kraken,ALGOUSD,4629837.72116389,2026-05-26
kraken,USDUCUSD,4582498.0303,2026-05-26
kraken,NOTEUR,4539274.94279,2026-05-26
kraken,STBLUSD,4496409.50393,2026-05-26
kraken,DAGUSD,4483557.48274,2026-05-26
kraken,OOBUSD,4478521.14068,2026-05-26
kraken,LINEAUSD,4457498.31568,2026-05-26
kraken,ZEUSUSD,4439696.40966,2026-05-26
kraken,OMIEUR,4433659.17964,2026-05-26
kraken,XYOUSD,4416150.23059,2026-05-26
kraken,SAHARAUSD,4383773.68378,2026-05-26
kraken,CHIPUSD,4378269.49829,2026-05-26
kraken,SCUSD,4351933.39966288,2026-05-26
kraken,IDOSUSD,4235540.87318,2026-05-26
kraken,BABYUSD,4187631.19455,2026-05-26
kraken,HFTUSD,4148361.28354699,2026-05-26
kraken,XNYUSD,4130429.41115,2026-05-26
kraken,GUNUSD,3986217.17548,2026-05-26
kraken,SEIUSD,3941873.50436,2026-05-26
kraken,VSNEUR,3879331.77052,2026-05-26
kraken,SBRUSD,3871582.81621464,2026-05-26
kraken,ACHUSD,3861966.77684547,2026-05-26
kraken,SXTUSD,3802746.81676,2026-05-26
kraken,YALAEUR,3720694.78446,2026-05-26
kraken,ALKIMIUSD,3467408.68845,2026-05-26
kraken,BODENEUR,3458876.87878,2026-05-26
kraken,RETARDIOUSD,3455003.25585,2026-05-26
kraken,WOOUSD,3437023.04314775,2026-05-26
kraken,DUALUSD,3272411.65418,2026-05-26
kraken,GSTUSD,3233518.42167464,2026-05-26
kraken,KASEUR,3206925.81491,2026-05-26
kraken,NIGHTEUR,3203314.02635,2026-05-26
kraken,PEAQEUR,3149650.26949,2026-05-26
kraken,FUNEUR,3147133.15283,2026-05-26
kraken,FHEEUR,3138978.88183,2026-05-26
kraken,WUSD,3116188.1038,2026-05-26
kraken,XMNEUR,3085238.51405,2026-05-26
kraken,SGBUSD,3079214.60347055,2026-05-26
kraken,ALTUSD,3048957.14433,2026-05-26
kraken,FARTCOINUSD,3029576.35776,2026-05-26
kraken,CHILLHOUSEUSD,2943103.2502,2026-05-26
kraken,GRTEUR,2941212.74920843,2026-05-26
kraken,GALAEUR,2928835.16391516,2026-05-26
kraken,GMTUSD,2922111.19594238,2026-05-26
kraken,KETUSD,2871217.37006,2026-05-26
kraken,USDTGBP,2731814.65489174,2026-05-26
kraken,LOCKINUSD,2729255.73028,2026-05-26
kraken,ARBUSD,2713802.15524,2026-05-26
kraken,KEYEUR,2703767.37291104,2026-05-26
kraken,BMBUSD,2697291.43346,2026-05-26
kraken,FETEUR,2657630.06116182,2026-05-26
kraken,SBREUR,2653446.32352388,2026-05-26
kraken,XCNEUR,2639874.06269465,2026-05-26
kraken,ENAUSD,2607424.71161,2026-05-26
kraken,ACAUSD,2597823.13098554,2026-05-26
kraken,TITCOINUSD,2583066.91272,2026-05-26
kraken,LIONUSD,2565723.51616,2026-05-26
kraken,XANEUR,2528642.87025,2026-05-26
kraken,VELOEUR,2483742.40577,2026-05-26
kraken,GTCUSD,2467504.2696956,2026-05-26
kraken,SIGMAUSD,2421304.67398,2026-05-26
kraken,DYMUSD,2419262.72165,2026-05-26
kraken,TIAUSD,2368301.107,2026-05-26
kraken,PHAEUR,2320947.51500488,2026-05-26
kraken,WOOEUR,2297685.26400086,2026-05-26
kraken,TLMUSD,2284960.21200698,2026-05-26
kraken,EIGENUSD,2282544.15968,2026-05-26
kraken,MEWEUR,2268714.79355,2026-05-26
kraken,SENTUSD,2252650.01490257,2026-05-26
kraken,GARIEUR,2188441.36425167,2026-05-26
kraken,TXUSD,2173627.06122,2026-05-26
kraken,CELRUSD,2160212.85793638,2026-05-26
kraken,MOONUSD,2135736.49351,2026-05-26
kraken,TAKEUSD,2121999.95888,2026-05-26
kraken,BANANAS31USD,2102814.9294,2026-05-26
kraken,RLSEUR,2101131.67078,2026-05-26
kraken,ACAEUR,2094896.66003332,2026-05-26
kraken,GSTEUR,2077766.37561182,2026-05-26
kraken,SYRUPUSD,2076354.62791,2026-05-26
kraken,FIGHTUSD,2050287.26842,2026-05-26
kraken,ROBOUSD,2041536.72796,2026-05-26
kraken,BIOUSD,2037875.86797,2026-05-26
kraken,ZUSDZCAD,2018659.8870908,2026-05-26
kraken,DOVUUSD,2018554.15309208,2026-05-26
kraken,WELLUSD,2014245.7309,2026-05-26
kraken,CELREUR,2013308.20619812,2026-05-26
kraken,MONEUR,2009937.70163,2026-05-26
kraken,GOATUSD,2007753.25728,2026-05-26
kraken,XDCCAD,2005948.13346,2026-05-26
kraken,MANTRAUSD,1973224.55935688,2026-05-26
kraken,STBLEUR,1964471.08532,2026-05-26
kraken,ELIZAOSEUR,1963395.00386,2026-05-26
kraken,TRUSTUSD,1936074.27963,2026-05-26
kraken,JASMYEUR,1935029.42900868,2026-05-26
kraken,BILLEUR,1912356.22635,2026-05-26
kraken,PNUTUSD,1895577.90532,2026-05-26
kraken,BKSUSD,1849626.55732,2026-05-26
kraken,RVVUSD,1845315.61876,2026-05-26
kraken,ONDOEUR,1826198.19265,2026-05-26
kraken,OXTUSD,1810803.89225456,2026-05-26
kraken,POLEUR,1790647.89174,2026-05-26
kraken,VSNUSD,1782611.60071,2026-05-26
kraken,FWOGUSD,1776897.347,2026-05-26
kraken,UFDUSD,1774556.55016,2026-05-26
kraken,WINGSUSD,1764016.32652,2026-05-26
kraken,POLUSD,1761565.27673,2026-05-26
kraken,ASRRUSD,1711333.0031,2026-05-26
kraken,RENDERUSD,1711163.59267,2026-05-26
kraken,OSMOUSD,1702017.3779,2026-05-26
kraken,USDGUSD,1669290.03216,2026-05-26
kraken,CXTUSD,1650267.91084,2026-05-26
kraken,TUSD,1648575.32171608,2026-05-26
kraken,SOLVUSD,1626309.16838,2026-05-26
kraken,MVEUR,1624557.18198827,2026-05-26
kraken,LMWRUSD,1622444.96435,2026-05-26
kraken,ATHEUR,1611200.3408,2026-05-26
kraken,STABLEUSD,1602968.59247,2026-05-26
kraken,XRPUSD:BTNL,1594464.14405898,2026-05-26
kraken,SWELLUSD,1569078.43103,2026-05-26
kraken,USDTAUD,1564810.09651693,2026-05-26
kraken,BILLYUSD,1560143.03748,2026-05-26
kraken,VELOUSD,1559712.05272,2026-05-26
kraken,AZTECEUR,1544598.13971,2026-05-26
kraken,INXUSD,1538743.24037447,2026-05-26
kraken,XXRPZEUR,1530567.8867731,2026-05-26
kraken,AIEUR,1527549.75509,2026-05-26
kraken,TONUSD,1523082.13419,2026-05-26
kraken,PEAQUSDC,1522244.41898,2026-05-26
kraken,ANKRUSD,1518077.61926197,2026-05-26
kraken,SRMUSD,1512865.02002087,2026-05-26
kraken,ARPAUSD,1485518.59058879,2026-05-26
kraken,AKTUSD,1463393.73136532,2026-05-26
kraken,NTRNUSD,1460767.52392,2026-05-26
kraken,UEUR,1451983.86098,2026-05-26
kraken,ZRCUSD,1444287.38522,2026-05-26
kraken,ZAMAUSD,1430693.46412,2026-05-26
kraken,XPLUSD,1425729.31234,2026-05-26
kraken,PUMPSOL,1420825.83605,2026-05-26
kraken,RSREUR,1412716.67585,2026-05-26
kraken,PYTHUSD,1412132.43896,2026-05-26
kraken,RENUSD,1406004.09150602,2026-05-26
kraken,SPACEEUR,1395034.39833,2026-05-26
kraken,INUSD,1374041.49444,2026-05-26
kraken,USDCCAD,1368993.98775726,2026-05-26
kraken,HUSD,1363030.37337,2026-05-26
kraken,WLDEUR,1331406.95508,2026-05-26
kraken,PTBEUR,1326458.10454,2026-05-26
kraken,SCEUR,1324399.17552578,2026-05-26
kraken,CHEXUSD,1316776.07587,2026-05-26
kraken,WELLEUR,1314276.91963,2026-05-26
kraken,FLREUR,1314023.01454711,2026-05-26
kraken,GTCEUR,1299617.12426166,2026-05-26
kraken,ALMANAKUSD,1296530.95443,2026-05-26
kraken,WEUR,1294937.71984,2026-05-26
kraken,ARKMUSD,1293922.45661,2026-05-26
kraken,PENGUUSDC,1279884.45026,2026-05-26
kraken,WLFIUSD,1277039.12299,2026-05-26
kraken,HOUSEUSD,1268878.77761,2026-05-26
kraken,WIFUSD,1258327.95931,2026-05-26
kraken,CHZEUR,1245849.01107362,2026-05-26
kraken,ADAEUR,1244021.71585396,2026-05-26
kraken,BABYSHARKUSD,1235433.19655,2026-05-26
kraken,USELESSEUR,1230906.76307,2026-05-26
kraken,GWEIUSD,1204672.24346519,2026-05-26
kraken,BLESSUSD,1175100.77631,2026-05-26
kraken,UXLINKUSD,1170974.89336,2026-05-26
kraken,MEGAUSD,1165408.22116,2026-05-26
kraken,STRKEUR,1156288.09083,2026-05-26
kraken,JUPUSD,1149623.58652,2026-05-26
kraken,BLUAIEUR,1134413.34361,2026-05-26
kraken,PRCLUSD,1123205.79216,2026-05-26
kraken,XDGUSDT,1100000.08667106,2026-05-26
kraken,BICOUSD,1093724.922447,2026-05-26
kraken,CQTUSD,1079834.42065007,2026-05-26
kraken,PUPSUSD,1077528.95271,2026-05-26
kraken,GRIFFAINUSD,1075351.70775,2026-05-26
kraken,REZEUR,1073813.35353,2026-05-26
kraken,PRCLEUR,1071135.37551,2026-05-26
kraken,IAGEUR,1065250.74947,2026-05-26
kraken,ALMANAKEUR,1064180.872,2026-05-26
kraken,ZGBPZUSD,1062979.58383855,2026-05-26
kraken,SAMOUSD,1060801.27408248,2026-05-26
kraken,TXEUR,1045538.15422,2026-05-26
kraken,MOODENGUSD,1044854.85148,2026-05-26
kraken,REPPOEUR,1042108.70049,2026-05-26
kraken,GAME2USD,1030111.0744,2026-05-26
kraken,ZEREBROEUR,1021561.69196,2026-05-26
kraken,SYNDUSD,1014621.53044,2026-05-26
kraken,ARKMEUR,1003619.74148,2026-05-26
kraken,ZIGUSD,1003444.95835,2026-05-26
kraken,AEROUSD,1001130.849,2026-05-26
kraken,CRVUSD,993282.44106528,2026-05-26
kraken,ENJUSD,985456.69046179,2026-05-26
kraken,GUNEUR,980597.59502,2026-05-26
kraken,USDCCHF,977469.10536194,2026-05-26
kraken,QIUSD,966494.72457,2026-05-26
kraken,BEAMEUR,942973.77055,2026-05-26
kraken,XXLMZEUR,937701.70613804,2026-05-26
kraken,RHEAUSD,926650.87308,2026-05-26
kraken,NEAREUR,916758.61022809,2026-05-26
kraken,NOBODYUSD,914300.17116,2026-05-26
kraken,VETEUR,907616.32185,2026-05-26
kraken,SKRUSD,906250.82943302,2026-05-26
kraken,NPCEUR,892766.83779,2026-05-26
kraken,XYOEUR,885369.29738,2026-05-26
kraken,XDGUSD:BTNL,880947.58813423,2026-05-26
kraken,TOKENUSD,878309.29585,2026-05-26
kraken,LOFIUSD,875087.44293,2026-05-26
kraken,KASUSDT,871415.71198,2026-05-26
kraken,IAGUSD,871019.07348,2026-05-26
kraken,DMCUSD,863768.86843,2026-05-26
kraken,SAGAEUR,858037.5203,2026-05-26
kraken,SPXUSD,856398.63473,2026-05-26
kraken,ICXEUR,846027.63931813,2026-05-26
kraken,PROMPTUSD,841502.18627,2026-05-26
kraken,DRIFTEUR,831751.37319,2026-05-26
kraken,CPOOLUSD,827634.49527,2026-05-26
kraken,HFTEUR,797419.14109356,2026-05-26
kraken,CCUSDC,796765.37262,2026-05-26
kraken,USDCAUD,795523.21649361,2026-05-26
kraken,HDXUSD,787892.6916,2026-05-26
kraken,XNYEUR,785059.46095,2026-05-26
kraken,SUIEUR,781627.82528,2026-05-26
kraken,SAHARAEUR,771257.1799,2026-05-26
kraken,VTHOEUR,765024.46084,2026-05-26
kraken,VANRYUSD,762618.7938,2026-05-26
kraken,VINEUSD,755716.47455,2026-05-26
kraken,JUPEUR,754995.2112,2026-05-26
kraken,BANANAS31EUR,752936.45337,2026-05-26
kraken,PLUMEEUR,752610.69337,2026-05-26
kraken,MEZOUSD,749921.93011,2026-05-26
kraken,ROLLUSD,743106.22504,2026-05-26
kraken,PLAYEUR,737671.08428,2026-05-26
kraken,ACUUSD,734762.0221,2026-05-26
kraken,USUSD,732195.49354,2026-05-26
kraken,DEEPUSD,725480.3779,2026-05-26
kraken,KATEUR,721929.42657,2026-05-26
kraken,HBAREUR,719332.4478,2026-05-26
kraken,AMIUSD,717466.80712178,2026-05-26
kraken,MERLUSD,710584.386,2026-05-26
kraken,THQEUR,708962.86184,2026-05-26
kraken,AIXBTEUR,702040.93918,2026-05-26
kraken,MIMEUR,699838.56706,2026-05-26
kraken,UPUSD,698160.22182,2026-05-26
kraken,ICXUSD,683835.7914158,2026-05-26
kraken,DYMEUR,670010.81493,2026-05-26
kraken,AURAUSD,665039.8639,2026-05-26
kraken,SUSD,659096.5239,2026-05-26
kraken,RAVEUSD,656186.31305,2026-05-26
kraken,FLOWUSD,649535.86100323,2026-05-26
kraken,SANDUSD,647174.47553792,2026-05-26
kraken,AIOZUSD,643446.52235,2026-05-26
kraken,SIDEKICKUSD,640763.10996,2026-05-26
kraken,ZRCEUR,639772.37471,2026-05-26
kraken,SEIEUR,616435.56937,2026-05-26
kraken,QUSD,607791.13976,2026-05-26
kraken,AVNTUSD,605844.03479,2026-05-26
kraken,TLMEUR,605822.70389647,2026-05-26
kraken,AIXBTUSD,605570.43401,2026-05-26
kraken,UAIUSD,602968.97867,2026-05-26
kraken,LSKUSD,600986.18948038,2026-05-26
kraken,AUDUSD,590974.59590499,2026-05-26
kraken,ALGOUSDT,584188.480072,2026-05-26
kraken,USDCHF,582761.30766508,2026-05-26
kraken,GIBUSD,574856.28627,2026-05-26
kraken,PARTIUSD,572484.45688,2026-05-26
kraken,COOKIEUSD,564634.45934,2026-05-26
kraken,TREMPUSD,558588.19619,2026-05-26
kraken,BATUSD,558429.35231905,2026-05-26
kraken,SYNDEUR,557029.95364,2026-05-26
kraken,ASTRUSD,552291.49393147,2026-05-26
kraken,SLXUSD,546328.46853,2026-05-26
kraken,SKYUSD,543917.57522,2026-05-26
kraken,COTIUSD,539103.37235994,2026-05-26
kraken,ZKUSD,538249.46031,2026-05-26
kraken,ZEUSEUR,532729.37842,2026-05-26
kraken,POPCATUSD,531019.91269,2026-05-26
kraken,ALGOEUR,528339.42427126,2026-05-26
kraken,ALKIMIEUR,527905.44757,2026-05-26
kraken,UUSD,520431.13017,2026-05-26
kraken,SOONUSD,515108.79165,2026-05-26
kraken,DMCEUR,515068.43923,2026-05-26
kraken,FISUSD,514650.58171058,2026-05-26
kraken,ZIGEUR,506992.11539,2026-05-26
kraken,SUSHIUSD,505630.39720775,2026-05-26
kraken,TITCOINEUR,503529.71681,2026-05-26
kraken,TRUEUR,502455.40730681,2026-05-26
kraken,DAGEUR,501616.94495,2026-05-26
kraken,XL1EUR,500489.95252,2026-05-26
kraken,ARTUSD,499998.026,2026-05-26
kraken,FLUXUSD,494528.56251,2026-05-26
kraken,AKTEUR,494146.57114625,2026-05-26
kraken,TRACUSD,477459.06752,2026-05-26
kraken,JTOUSD,475302.68733,2026-05-26
kraken,LOFIEUR,468466.34014,2026-05-26
kraken,CFGUSD,467448.49647222,2026-05-26
kraken,WARDEUR,467411.24474,2026-05-26
kraken,NILEUR,461965.04651,2026-05-26
kraken,ICPUSD,457152.43374116,2026-05-26
kraken,DRVUSD,456999.12874,2026-05-26
kraken,SHXEUR,455341.64677,2026-05-26
kraken,BASEDUSD,454734.68599,2026-05-26
kraken,GMTEUR,450713.72916359,2026-05-26
kraken,GOATEUR,450222.50303,2026-05-26
kraken,ODOSUSD,447906.77001,2026-05-26
kraken,ACTUSD,446523.98356,2026-05-26
kraken,SAPIENUSD,445830.44965,2026-05-26
kraken,MFUSD,445201.54995,2026-05-26
kraken,CELOUSD,444981.46068,2026-05-26
kraken,EURCHF,444332.81522248,2026-05-26
kraken,TAKEEUR,442995.10104,2026-05-26
kraken,GAME2EUR,440353.93119,2026-05-26
kraken,DBREUR,438718.37326,2026-05-26
kraken,B3EUR,436934.58556,2026-05-26
kraken,SCRTUSD,431524.9488309,2026-05-26
kraken,XRPUSDT,430756.72234402,2026-05-26
kraken,LIONEUR,430717.78945,2026-05-26
kraken,SGBEUR,430635.22256072,2026-05-26
kraken,SENTEUR,429542.02769,2026-05-26
kraken,MANTRAEUR,429401.53541205,2026-05-26
kraken,ASTERUSD,426273.34199,2026-05-26
kraken,TRIAUSD,426266.67954,2026-05-26
kraken,ENAEUR,424522.86229,2026-05-26
kraken,UPEUR,422791.26229,2026-05-26
kraken,SUIUSD:BTNL,412662.94503,2026-05-26
kraken,ACHEUR,411595.22652192,2026-05-26
kraken,DEEPEUR,407376.76878,2026-05-26
kraken,SWELLEUR,406849.00246,2026-05-26
kraken,SUNDOGEUR,404322.76,2026-05-26
kraken,INXEUR,402134.49704,2026-05-26
kraken,PIPEUSD,396720.3363,2026-05-26
kraken,USUALUSD,389531.52618,2026-05-26
kraken,MOODENGEUR,387244.41452,2026-05-26
kraken,ATOMUSD,384559.58510982,2026-05-26
kraken,SWARMSUSD,383538.69418,2026-05-26
kraken,BKSEUR,381960.78431,2026-05-26
kraken,XPLEUR,375606.69031,2026-05-26
kraken,OPUSD,375286.85765,2026-05-26
kraken,SCORUSD,375149.03501,2026-05-26
kraken,SCXBT,374684.804239,2026-05-26
kraken,DBRUSD,366420.14849,2026-05-26
kraken,KEEPUSD,365925.44064641,2026-05-26
kraken,PIUSD,358058.79912,2026-05-26
kraken,INJUSD,357908.72353816,2026-05-26
kraken,XDGGBP,351925.04369521,2026-05-26
kraken,DYDXUSD,350896.43231978,2026-05-26
kraken,MEMEEUR,350288.6662,2026-05-26
kraken,SAPIENEUR,348209.45153,2026-05-26
kraken,WIFEUR,347555.52121,2026-05-26
kraken,RAREUSD,345914.88653476,2026-05-26
kraken,VIRTUALUSD,344628.02886,2026-05-26
kraken,XDGUSDC,343909.74976629,2026-05-26
kraken,XXLMZGBP,339769.16879057,2026-05-26
kraken,USDUCEUR,339418.48631,2026-05-26
kraken,SPKUSD,337849.44348464,2026-05-26
kraken,MOCAUSD,337300.18419,2026-05-26
kraken,TIAEUR,337026.93909,2026-05-26
kraken,ZORAUSD,331263.15262,2026-05-26
kraken,ZBTUSD,327025.21485,2026-05-26
kraken,DEGENEUR,323331.44814,2026-05-26
kraken,GENIUSUSD,319982.12795,2026-05-26
kraken,USDTCHF,317935.86349706,2026-05-26
kraken,NOSUSD,312186.84135,2026-05-26
kraken,YGGUSD,307859.3194385,2026-05-26
kraken,GRASSUSD,307173.9941,2026-05-26
kraken,SXTEUR,305929.02002,2026-05-26
kraken,BERTUSD,303190.84545,2026-05-26
kraken,MANAUSD,298523.07369981,2026-05-26
kraken,CROUSD,295963.17183,2026-05-26
kraken,RAVEEUR,295708.28436,2026-05-26
kraken,CCEUR,290501.16468,2026-05-26
kraken,EIGENEUR,286312.16905,2026-05-26
kraken,XRPUSDC,286158.34267183,2026-05-26
kraken,ATLASEUR,285705.16911295,2026-05-26
kraken,MOCAEUR,283865.01092,2026-05-26
kraken,CQTEUR,283348.33707962,2026-05-26
kraken,KTAEUR,282753.88883,2026-05-26
kraken,XRPGBP,280642.96101466,2026-05-26
kraken,GHSTUSD,280161.52324811,2026-05-26
kraken,USUALEUR,275634.09855,2026-05-26
kraken,AUDIOUSD,275621.09102045,2026-05-26
kraken,WCTUSD,274283.0766,2026-05-26
kraken,BIOEUR,271863.9888,2026-05-26
kraken,LMWREUR,265242.14587,2026-05-26
kraken,ENJEUR,264142.53986412,2026-05-26
kraken,BDXNUSD,263529.26633,2026-05-26
kraken,B2USD,261897.18602,2026-05-26
kraken,FLOWEUR,259939.00264908,2026-05-26
kraken,HYPEUSD,259135.07644398,2026-05-26
kraken,SCOREUR,258243.06915,2026-05-26
kraken,NTRNEUR,256977.18311,2026-05-26
kraken,PERPUSD,256273.43577801,2026-05-26
kraken,EURCEUR,254009.44225501,2026-05-26
kraken,RENDEREUR,251949.86462,2026-05-26
kraken,2ZUSD,251642.17224,2026-05-26
kraken,FARTCOINEUR,249516.24392,2026-05-26
kraken,SKYEUR,246907.57912,2026-05-26
kraken,SYRUPEUR,245014.04396,2026-05-26
kraken,BDXNEUR,243746.5538,2026-05-26
kraken,LINEAEUR,241636.82507,2026-05-26
kraken,BIGTIMEUSD,239754.7885,2026-05-26
kraken,TREEUSD,238438.51222,2026-05-26
kraken,KAVAUSD,236793.81236741,2026-05-26
kraken,VETUSDT,235180.1197,2026-05-26
kraken,EURGBP,234605.3389224,2026-05-26
kraken,TACUSD,231729.06807,2026-05-26
kraken,LCXUSD,229538.43886709,2026-05-26
kraken,KAITOUSD,228813.49304,2026-05-26
kraken,ARBEUR,228397.19908,2026-05-26
kraken,AEVOUSD,227465.63531,2026-05-26
kraken,CAMPEUR,226986.05801,2026-05-26
kraken,SKREUR,224273.59242,2026-05-26
kraken,PORTALUSD,223631.11357,2026-05-26
kraken,MEUSD,222630.15512,2026-05-26
kraken,MNTUSD,222277.17471,2026-05-26
kraken,FILUSD,221137.33734389,2026-05-26
kraken,ADAUSDC,220365.53335464,2026-05-26
kraken,WLFIEUR,219320.5991,2026-05-26
kraken,GOMININGUSD,218154.94621,2026-05-26
kraken,PYTHEUR,217488.05735,2026-05-26
kraken,CARVUSD,217211.44601,2026-05-26
kraken,XXRPZCAD,216993.30194598,2026-05-26
kraken,APEUSD,216208.57535842,2026-05-26
kraken,PROVEUSD,215522.21309,2026-05-26
kraken,HDXEUR,215155.47483,2026-05-26
kraken,USDGUSDC,214337.84116,2026-05-26
kraken,MINAUSD,213345.78091373,2026-05-26
kraken,SUPERUSD,213167.69545377,2026-05-26
kraken,ADAUSD:BTNL,212829.14427546,2026-05-26
kraken,CXTEUR,211012.80496,2026-05-26
kraken,BLURUSD,210980.11246,2026-05-26
kraken,MELANIAUSD,210342.19423,2026-05-26
kraken,ZAMAEUR,209206.56482,2026-05-26
kraken,SANDEUR,208394.92628433,2026-05-26
kraken,DOTUSD,206768.56919061,2026-05-26
kraken,ASTREUR,204904.96159751,2026-05-26
kraken,NANOUSD,204171.50329022,2026-05-26
kraken,REDUSD,203836.37132,2026-05-26
kraken,PORTALEUR,203625.20146,2026-05-26
kraken,ADAUSDT,202656.52805542,2026-05-26
kraken,AEVOEUR,201235.06204,2026-05-26
kraken,STXUSD,200802.20611477,2026-05-26
kraken,SAUCEUSD,200048.46983,2026-05-26
kraken,SUPEREUR,199868.33696188,2026-05-26
kraken,PEPECOINUSD,197870.53409,2026-05-26
kraken,CCUSDT,196469.21176,2026-05-26
kraken,APTUSD,194962.15951653,2026-05-26
kraken,LSKEUR,194768.62330919,2026-05-26
kraken,PONKEEUR,194355.10858,2026-05-26
kraken,ALGOUSDC,193243.87513502,2026-05-26
kraken,PARTIEUR,192928.86558,2026-05-26
kraken,SEUR,190788.72808,2026-05-26
kraken,IMXUSD,189414.52862402,2026-05-26
kraken,TANSSIEUR,187953.44,2026-05-26
kraken,USDGUSDT,187444.07437458,2026-05-26
kraken,MVUSD,187240.73622195,2026-05-26
kraken,QUAIUSD,187077.17548,2026-05-26
kraken,XTZUSD,186732.75657213,2026-05-26
kraken,STORJEUR,185842.53225897,2026-05-26
kraken,PUFFERUSD,184699.56004,2026-05-26
kraken,POLSUSD,183453.25390897,2026-05-26
kraken,ESPUSD,179889.24211,2026-05-26
kraken,TONEUR,179112.10886,2026-05-26
kraken,GUSD,177575.7818,2026-05-26
kraken,SUNDOGUSD,177497.72529,2026-05-26
kraken,MIRUSD,176915.59156494,2026-05-26
kraken,SAUCEEUR,176887.65404,2026-05-26
kraken,NOBODYEUR,175976.14764,2026-05-26
kraken,BMTUSD,175460.02058,2026-05-26
kraken,TRUSTEUR,174956.0751,2026-05-26
kraken,ALEOUSD,173193.52348,2026-05-26
kraken,SYNUSD,173188.69705627,2026-05-26
kraken,OPENUSD,173081.7427,2026-05-26
kraken,BMTEUR,172140.9418,2026-05-26
kraken,TRXETH,171359.09835589,2026-05-26
kraken,UNIUSD,170868.66073491,2026-05-26
kraken,ZBTEUR,168774.66137,2026-05-26
kraken,KULAUSD,168334.02701,2026-05-26
kraken,LAVAUSD,168027.94974,2026-05-26
kraken,ICNTUSD,165449.0098,2026-05-26
kraken,RBCUSD,164096.72609817,2026-05-26
kraken,TANSSIUSD,164030.37138,2026-05-26
kraken,LDOUSD,163129.18474461,2026-05-26
kraken,FLOCKUSD,162825.07735,2026-05-26
kraken,SAROSUSD,162032.936,2026-05-26
kraken,MORPHOUSD,162005.97314,2026-05-26
kraken,VVVUSD,158465.0203,2026-05-26
kraken,BABYEUR,157487.30493,2026-05-26
kraken,MFEUR,157425.62335,2026-05-26
kraken,DYDXEUR,157350.94443573,2026-05-26
kraken,ADAGBP,156255.09314002,2026-05-26
kraken,POPCATEUR,152953.62158,2026-05-26
kraken,DUALEUR,152942.21265,2026-05-26
kraken,ACUEUR,151847.00346,2026-05-26
kraken,UXLINKEUR,151046.11936,2026-05-26
kraken,BLENDUSD,150851.74337,2026-05-26
kraken,PROVEEUR,150022.91967,2026-05-26
kraken,RLCEUR,148270.15785789,2026-05-26
kraken,GLMRUSD,148246.97393919,2026-05-26
kraken,FIGHTEUR,147876.83352,2026-05-26
kraken,CLVUSD,145794.12552979,2026-05-26
kraken,UNITASUSD,144856.76118,2026-05-26
kraken,MIRAUSD,144255.60823,2026-05-26
kraken,TNSRUSD,144202.7021,2026-05-26
kraken,PENDLEUSD,143639.84454,2026-05-26
kraken,XDGCAD,143570.14504225,2026-05-26
kraken,FARTCOINUSDT,143163.1531,2026-05-26
kraken,BOBAUSD,142994.9283833,2026-05-26
kraken,AI3USD,142754.21815,2026-05-26
kraken,RENEUR,142720.32316756,2026-05-26
kraken,TEUR,141927.83874734,2026-05-26
kraken,ANKREUR,140725.38244088,2026-05-26
kraken,IPUSD,140308.0111,2026-05-26
kraken,TRXXBT,138883.98818129,2026-05-26
kraken,IDOSEUR,138856.43974,2026-05-26
kraken,ARPAEUR,137484.91679552,2026-05-26
kraken,SPKEUR,136762.18849707,2026-05-26
kraken,NYMUSD,136240.92181123,2026-05-26
kraken,LITUSD,135838.14076,2026-05-26
kraken,WCTEUR,135214.11267,2026-05-26
kraken,MYXUSD,134749.56989,2026-05-26
kraken,CTSIUSD,134475.21604211,2026-05-26
kraken,UNITASUSDT,134194.53784,2026-05-26
kraken,LINKUSD,133455.90870942,2026-05-26
kraken,PNUTEUR,133222.10507,2026-05-26
kraken,XXRPXXBT,131487.55459465,2026-05-26
kraken,XXDGXXBT,130780.80135559,2026-05-26
kraken,TRUMPUSD,130727.45697,2026-05-26
kraken,ABEUR,126713.1142,2026-05-26
kraken,BLUREUR,124008.11462,2026-05-26
kraken,USDEUSD,123298.62975,2026-05-26
kraken,RLCUSD,120327.96948325,2026-05-26
kraken,RAREEUR,119403.85978951,2026-05-26
kraken,GAIBUSD,117124.6428,2026-05-26
kraken,SOLUSD,117097.82574545,2026-05-26
kraken,SRMEUR,117006.17348049,2026-05-26
kraken,VFYUSD,115775.48701,2026-05-26
kraken,ALTEUR,114895.356,2026-05-26
kraken,GRTGBP,114628.39677982,2026-05-26
kraken,VELODROMEUSD,112219.34505,2026-05-26
kraken,MELANIAEUR,111184.13943,2026-05-26
kraken,LRCUSD,110858.81737785,2026-05-26
kraken,INJEUR,109868.04552187,2026-05-26
kraken,MIRAEUR,109619.21833,2026-05-26
kraken,FLUXEUR,109524.93304,2026-05-26
kraken,MOONEUR,109252.58883,2026-05-26
kraken,SIGNUSD,108399.37384,2026-05-26
kraken,ADAXBT,107964.235313,2026-05-26
kraken,MIREUR,107952.60206628,2026-05-26
kraken,WAXLUSD,107023.27639,2026-05-26
kraken,KAVAEUR,106597.36681208,2026-05-26
kraken,XDGAUD,106193.27166288,2026-05-26
kraken,ZKEUR,104581.98038,2026-05-26
kraken,ICPEUR,104338.73544669,2026-05-26
kraken,USDTCAD,104167.29013553,2026-05-26
kraken,AUSDUSD,103838.42326415,2026-05-26
kraken,FARTCOINUSDC,103052.34503,2026-05-26
kraken,BERAUSD,101589.44843,2026-05-26
kraken,RIZEEUR,101269.94946,2026-05-26
kraken,COTIEUR,101186.9043048,2026-05-26
kraken,MELANIAUSDT,100282.83145,2026-05-26
kraken,CELOEUR,99395.9342,2026-05-26
kraken,GLMREUR,97860.44157751,2026-05-26
kraken,AVAXUSD,97422.08245624,2026-05-26
kraken,BLENDEUR,97150.38192,2026-05-26
kraken,PIEVERSEUSD,96100.47531,2026-05-26
kraken,XTZEUR,95437.65035763,2026-05-26
kraken,INITUSD,94828.56307,2026-05-26
kraken,PYUSDUSD,93910.94403,2026-05-26
kraken,ALEOUSDT,92753.43312,2026-05-26
kraken,BOBAEUR,92699.435,2026-05-26
kraken,OGNUSD,92313.5112038,2026-05-26
kraken,CHILLHOUSEEUR,92306.45115,2026-05-26
kraken,API3USD,92006.98380452,2026-05-26
kraken,CHRUSD,91948.78420857,2026-05-26
kraken,DOTEUR,91785.46021455,2026-05-26
kraken,KERNELUSD,91737.06961,2026-05-26
kraken,ZORAEUR,91048.58369,2026-05-26
kraken,SOMIUSD,90825.24524,2026-05-26
kraken,DAIUSDT,90811.53332974,2026-05-26
kraken,ANKRXBT,90627.67491244,2026-05-26
kraken,PRIMEUSD,90404.8202,2026-05-26
kraken,SNXUSD,89908.71315835,2026-05-26
kraken,YBUSD,89824.44558,2026-05-26
kraken,KMNOEUR,88818.31181,2026-05-26
kraken,COOKIEEUR,88203.13465,2026-05-26
kraken,PIEUR,87674.82396,2026-05-26
kraken,PUPSEUR,87186.5529,2026-05-26
kraken,YBEUR,87060.76071,2026-05-26
kraken,JSTUSD,86726.91294,2026-05-26
kraken,ALLOUSD,85846.72365,2026-05-26
kraken,XXLMXXBT,85133.56139513,2026-05-26
kraken,STORJUSD,84989.04843945,2026-05-26
kraken,IMXEUR,83753.67627316,2026-05-26
kraken,SOLVEUR,82852.32599,2026-05-26
kraken,OPEUR,82540.44512,2026-05-26
kraken,CRVEUR,81514.30346654,2026-05-26
kraken,ROLLEUR,81387.36035,2026-05-26
kraken,BONDUSD,80520.40663758,2026-05-26
kraken,PACKUSD,80176.14309109,2026-05-26
kraken,SPXEUR,79932.79792,2026-05-26
kraken,SUKUUSD,79593.03652,2026-05-26
kraken,SLXEUR,78470.98328,2026-05-26
kraken,0GUSD,78303.96937,2026-05-26
kraken,BTRUSD,78097.77243,2026-05-26
kraken,RSCUSD,77181.99436,2026-05-26
kraken,OPNUSD,76377.83297,2026-05-26
kraken,EURCUSD,75948.76484568,2026-05-26
kraken,STUSD,75793.81858,2026-05-26
kraken,APRUSD,75495.98898,2026-05-26
kraken,VANRYEUR,74779.41745,2026-05-26
kraken,ALGOGBP,73512.41908472,2026-05-26
kraken,CROEUR,73459.91802,2026-05-26
kraken,COPMUSD,72591.51967111,2026-05-26
kraken,SUSHIEUR,72087.04155486,2026-05-26
kraken,VVVEUR,70209.40169,2026-05-26
kraken,GRTXBT,69841.6843983,2026-05-26
kraken,IRUSD,69090.44622,2026-05-26
kraken,ZKPEUR,68872.34685,2026-05-26
kraken,SUSDC,68849.33873,2026-05-26
kraken,RETARDIOEUR,68574.21998,2026-05-26
kraken,CTSIEUR,67643.05589436,2026-05-26
kraken,LAYERUSD,67013.91077,2026-05-26
kraken,XTZUSDT,66773.53810822,2026-05-26
kraken,SUNUSD,66338.30584,2026-05-26
kraken,MONAUSD,65845.76161,2026-05-26
kraken,OSMOEUR,65811.13177,2026-05-26
kraken,BLZUSD,65765.1066166,2026-05-26
kraken,WMTXUSD,65179.85514,2026-05-26
kraken,UAIEUR,64921.49188,2026-05-26
kraken,RAYUSD,64307.17028138,2026-05-26
kraken,KMNOUSD,64260.86914,2026-05-26
kraken,RUNEUSD,63880.42590538,2026-05-26
kraken,ASSETUSD,63786.12722,2026-05-26
kraken,MIRRORUSD,63532.79316,2026-05-26
kraken,DAIUSD,62674.84702075,2026-05-26
kraken,GRASSEUR,61284.58981,2026-05-26
kraken,DRVEUR,60747.65477,2026-05-26
kraken,APEEUR,60236.83188348,2026-05-26
kraken,SUIGBP,59413.02329,2026-05-26
kraken,INEUR,59060.95607,2026-05-26
kraken,PUFFEREUR,58540.56588,2026-05-26
kraken,BRL1USD,58379.6736,2026-05-26
kraken,AUSD,56745.72483,2026-05-26
kraken,ADAAUD,56183.14776311,2026-05-26
kraken,NOSEUR,56150.06075,2026-05-26
kraken,EURCUSDC,56121.12972722,2026-05-26
kraken,2ZEUR,56017.01761,2026-05-26
kraken,RBCEUR,55692.20886368,2026-05-26
kraken,SCRTEUR,55604.51952308,2026-05-26
kraken,MELANIAUSDC,55099.26511,2026-05-26
kraken,USDEEUR,54477.31937,2026-05-26
kraken,ZROUSD,53815.64297,2026-05-26
kraken,LPTUSD,53483.40193462,2026-05-26
kraken,TRACEUR,53064.51232,2026-05-26
kraken,YGGEUR,52508.99854558,2026-05-26
kraken,ZETAUSD,52259.46092,2026-05-26
kraken,XRPAUD,51819.26530448,2026-05-26
kraken,XRPRLUSD,51641.13871205,2026-05-26
kraken,UNFIUSD,51270.42284217,2026-05-26
kraken,RARIUSD,50059.88745403,2026-05-26
kraken,JUNOUSD,49821.5350642,2026-05-26
kraken,BATEUR,49790.55464703,2026-05-26
kraken,XRTUSD,48920.04402745,2026-05-26
kraken,KERNELEUR,48733.23946,2026-05-26
kraken,SAMOEUR,48153.95642001,2026-05-26
kraken,B2EUR,47926.79648,2026-05-26
kraken,INITEUR,47247.45901,2026-05-26
kraken,MINAEUR,46972.14171263,2026-05-26
kraken,MEGAEUR,46704.04601,2026-05-26
kraken,MERLEUR,46565.87544,2026-05-26
kraken,SAROSEUR,46376.812,2026-05-26
kraken,1INCHEUR,46109.90412299,2026-05-26
kraken,1INCHUSD,46067.63165212,2026-05-26
kraken,TONUSDT,45609.73808,2026-05-26
kraken,MUSD,45511.94412,2026-05-26
kraken,RHEAEUR,45457.54874,2026-05-26
kraken,HNTUSD,45190.39991,2026-05-26
kraken,SOONEUR,45139.27866,2026-05-26
kraken,JTOEUR,44961.08757,2026-05-26
kraken,OOBEUR,44680.24031,2026-05-26
kraken,USD1USDC,44425.83402,2026-05-26
kraken,GENIUSEUR,43484.52371,2026-05-26
kraken,AXSEUR,43454.37541786,2026-05-26
kraken,BREVUSD,42678.69417,2026-05-26
kraken,CFGEUR,42556.44287307,2026-05-26
kraken,USD1USD,41846.60666,2026-05-26
kraken,TONUSDC,40758.40289,2026-05-26
kraken,LAYEREUR,40542.78165,2026-05-26
kraken,GHIBLIEUR,40502.77372,2026-05-26
kraken,QUAIEUR,40052.22049,2026-05-26
kraken,OPENEUR,39906.83529,2026-05-26
kraken,OCEANUSD,39498.58152657,2026-05-26
kraken,ZEXUSD,39467.64032,2026-05-26
kraken,LINKEUR,39010.75784307,2026-05-26
kraken,C98USD,38983.85440702,2026-05-26
kraken,SONICUSD,38818.09378,2026-05-26
kraken,AVAUSD,38465.50395,2026-05-26
kraken,SOLEUR,38379.31697983,2026-05-26
kraken,CVCUSD,38283.84901926,2026-05-26
kraken,STXEUR,37888.87368897,2026-05-26
kraken,CVCEUR,37836.48113925,2026-05-26
kraken,USEUR,37700.76254,2026-05-26
kraken,RAILSUSD,37671.54388,2026-05-26
kraken,SOSOUSD,37518.76813,2026-05-26
kraken,CARVEUR,37448.49388,2026-05-26
kraken,LRCEUR,37339.06640972,2026-05-26
kraken,TREEEUR,37335.99012,2026-05-26
kraken,HONEYEUR,37331.0,2026-05-26
kraken,REDEUR,37293.8358,2026-05-26
kraken,IREUR,36901.92676,2026-05-26
kraken,WAXLEUR,36647.40218,2026-05-26
kraken,UNIEUR,36310.99637668,2026-05-26
kraken,OMGUSD,36222.32230897,2026-05-26
kraken,MANAEUR,35852.8529037,2026-05-26
kraken,L3USD,35749.27679,2026-05-26
kraken,HEUR,35587.68606,2026-05-26
kraken,USDCUSD:BTNL,35488.63505302,2026-05-26
kraken,ATOMEUR,35447.61853065,2026-05-26
kraken,APEUSDT,35347.46112543,2026-05-26
kraken,AVNTEUR,34956.93288,2026-05-26
kraken,JOEUSD,33716.25468,2026-05-26
kraken,ENSOUSD,33633.83497,2026-05-26
kraken,ZRXUSD,33512.46236688,2026-05-26
kraken,ZKPUSD,33201.77741,2026-05-26
kraken,PROMPTEUR,33175.8276,2026-05-26
kraken,AI3EUR,33001.42023,2026-05-26
kraken,GFIUSD,32984.30575,2026-05-26
kraken,EATUSD,32503.47705,2026-05-26
kraken,AXSUSD,32068.79203811,2026-05-26
kraken,VIRTUALUSDT,31976.56094,2026-05-26
kraken,APEUSDC,31853.01575808,2026-05-26
kraken,AVAXUSD:BTNL,31846.94542461,2026-05-26
kraken,BASEDEUR,31228.99785,2026-05-26
kraken,TRIAEUR,31227.19709,2026-05-26
kraken,CPOOLEUR,31076.55721,2026-05-26
kraken,DASHUSD,31071.62720988,2026-05-26
kraken,SWARMSEUR,30968.062,2026-05-26
kraken,ALGOETH,30864.6118841,2026-05-26
kraken,AIOUSD,30286.9918,2026-05-26
kraken,CHEXEUR,29923.39043,2026-05-26
kraken,BIGTIMEEUR,29445.84005,2026-05-26
kraken,STGUSD,29430.5645257,2026-05-26
kraken,HSKUSD,29367.47508,2026-05-26
kraken,SOGNIUSD,29189.2,2026-05-26
kraken,IDEXEUR,28133.50688206,2026-05-26
kraken,PROSUSD,28132.83272,2026-05-26
kraken,LPTEUR,27995.45609055,2026-05-26
kraken,BREVEUR,27612.15712,2026-05-26
kraken,LDOEUR,27438.49921859,2026-05-26
kraken,CFXUSD,26908.67622,2026-05-26
kraken,KNCUSD,26612.58639165,2026-05-26
kraken,CLOUDUSD,26319.62381,2026-05-26
kraken,DAIEUR,26112.3043411,2026-05-26
kraken,GRIFFAINEUR,25974.04411,2026-05-26
kraken,TAOUSD,25934.07234,2026-05-26
kraken,WALUSD,25865.96474,2026-05-26
kraken,SIGMAEUR,25766.12,2026-05-26
kraken,ASTEREUR,25615.40803,2026-05-26
kraken,LCXEUR,25502.23043874,2026-05-26
kraken,ARCUSD,25452.01906,2026-05-26
kraken,EDGEEUR,25304.96099,2026-05-26
kraken,XZECZUSD,25176.54317343,2026-05-26
kraken,VETUSDC,24748.35,2026-05-26
kraken,VIRTUALEUR,24682.94312,2026-05-26
kraken,BERTEUR,24264.05516,2026-05-26
kraken,RUJIUSD,23484.55435,2026-05-26
kraken,HYPEEUR,23193.46825945,2026-05-26
kraken,MORPHOEUR,22991.06275,2026-05-26
kraken,SNXEUR,22957.68680456,2026-05-26
kraken,PERPEUR,22856.82877276,2026-05-26
kraken,POWREUR,22298.8977744,2026-05-26
kraken,POPCATGBP,22281.28258,2026-05-26
kraken,RAVEUSDT,22063.95031,2026-05-26
kraken,DOTUSDC,21983.80704255,2026-05-26
kraken,XLTCZEUR,21656.64358283,2026-05-26
kraken,EDUUSD,21585.12646,2026-05-26
kraken,EULUSD,21389.82091891,2026-05-26
kraken,CVXUSD,21271.87793365,2026-05-26
kraken,XLTCZUSD,20958.20187433,2026-05-26
kraken,SDNUSD,20946.66001015,2026-05-26
kraken,ADIUSD,20687.74839,2026-05-26
kraken,CTCUSD,20653.32163,2026-05-26
kraken,ZRXEUR,20564.18854482,2026-05-26
kraken,KAITOEUR,20450.15582,2026-05-26
kraken,NANOEUR,20292.5960523,2026-05-26
kraken,ORCAUSD,19975.90383863,2026-05-26
kraken,LAVAEUR,19935.02517,2026-05-26
kraken,AEROEUR,19873.97513,2026-05-26
kraken,FORTHUSD,19784.43529698,2026-05-26
kraken,POWRUSD,19669.9723724,2026-05-26
kraken,FFUSD,19338.25975,2026-05-26
kraken,GHSTEUR,18687.56121893,2026-05-26
kraken,EWTUSD,18614.46258908,2026-05-26
kraken,ZETAEUR,18567.09328,2026-05-26
kraken,EVAAUSD,18471.88864,2026-05-26
kraken,SAFEUSD,18141.24256,2026-05-26
kraken,MEEUR,17969.5906,2026-05-26
kraken,SDNEUR,17851.5444573,2026-05-26
kraken,XRTEUR,17684.37770998,2026-05-26
kraken,BONZOUSD,17441.74118,2026-05-26
kraken,OBOLUSD,17376.428,2026-05-26
kraken,ARUSD,17182.46729,2026-05-26
kraken,TRUMPEUR,16812.81235,2026-05-26
kraken,SANDGBP,16723.35627296,2026-05-26
kraken,MYXEUR,16665.1982,2026-05-26
kraken,MATUSD,16547.7592,2026-05-26
kraken,HYPEUSD:BTNL,16260.11292055,2026-05-26
kraken,ANIMEEUR,16136.89557,2026-05-26
kraken,APTEUR,15811.19024763,2026-05-26
kraken,ALTHEAUSD,15765.054,2026-05-26
kraken,LINKUSDT,15666.51235425,2026-05-26
kraken,XRPETH,15399.37292982,2026-05-26
kraken,LINKUSD:BTNL,15210.01091546,2026-05-26
kraken,BLUEUSD,15114.28967,2026-05-26
kraken,BLUEEUR,15077.92298,2026-05-26
kraken,ATOMUSDT,15031.08769927,2026-05-26
kraken,EDGEXUSD,14977.56939,2026-05-26
kraken,EDUEUR,14781.93324,2026-05-26
kraken,RADEUR,14709.61687645,2026-05-26
kraken,SOMIEUR,14622.25173,2026-05-26
kraken,RLUSDUSD,14571.59178,2026-05-26
kraken,TOKENEUR,14443.18139,2026-05-26
kraken,JAILSTOOLUSD,14146.864,2026-05-26
kraken,BTREUR,14144.33592,2026-05-26
kraken,REQEUR,14120.32136011,2026-05-26
kraken,CHIPEUR,13930.12292,2026-05-26
kraken,CROUSDC,13868.74921,2026-05-26
kraken,FORTHEUR,13812.78642933,2026-05-26
kraken,BICOEUR,13782.45360509,2026-05-26
kraken,EUROPEUR,13768.43228,2026-05-26
kraken,FILEUR,13764.4234997,2026-05-26
kraken,ESPEUR,13688.05332,2026-05-26
kraken,BONDEUR,13464.83335263,2026-05-26
kraken,ORCAEUR,13253.23481824,2026-05-26
kraken,ARCEUR,13138.87205,2026-05-26
kraken,MEUR,13133.95192,2026-05-26
kraken,PENDLEEUR,13009.22325,2026-05-26
kraken,CFXEUR,12771.19573,2026-05-26
kraken,AVAEUR,12725.37104,2026-05-26
kraken,ESUSD,12331.51833,2026-05-26
kraken,MULTIUSD,11934.38523078,2026-05-26
kraken,AIOZEUR,11916.97746,2026-05-26
kraken,XETHZEUR,11642.09524342,2026-05-26
kraken,RPLUSD,11539.67657343,2026-05-26
kraken,TRUMPUSDT,11306.08675,2026-05-26
kraken,RUNEEUR,11216.4272386,2026-05-26
kraken,EATEUR,11179.42984,2026-05-26
kraken,BERAUSDC,11053.45463,2026-05-26
kraken,RIVERUSD,10915.5913,2026-05-26
kraken,ASRREUR,10910.335,2026-05-26
kraken,SYNEUR,10714.84712348,2026-05-26
kraken,XMLNZUSD,10680.15991108,2026-05-26
kraken,WMTXEUR,10665.51629,2026-05-26
kraken,VFYEUR,10637.54866,2026-05-26
kraken,AVAXEUR,10597.56182649,2026-05-26
kraken,LQTYUSD,10505.6959,2026-05-26
kraken,NODEUSD,10378.09,2026-05-26
kraken,AUDIOEUR,10247.68783737,2026-05-26
kraken,LITEUR,10236.02917,2026-05-26
kraken,ADXUSD,10205.64469452,2026-05-26
kraken,BERAEUR,10027.69345,2026-05-26
kraken,GEUR,9949.7,2026-05-26
kraken,VERSEUSD,9385.90806,2026-05-26
kraken,BERAUSDT,9385.12609,2026-05-26
kraken,DOTGBP,9368.90974945,2026-05-26
kraken,OCEANEUR,9285.51294819,2026-05-26
kraken,SIGNEUR,9200.0,2026-05-26
kraken,U2UUSD,9185.548,2026-05-26
kraken,SOLUSDT,9127.77237043,2026-05-26
kraken,SOSOEUR,8994.76301,2026-05-26
kraken,REQUSD,8951.93927099,2026-05-26
kraken,MASKUSD,8813.4075501,2026-05-26
kraken,OGNEUR,8765.30140305,2026-05-26
kraken,LINKUSDC,8529.20118463,2026-05-26
kraken,HNTEUR,8494.38067,2026-05-26
kraken,IPEUR,8466.51585,2026-05-26
kraken,GOMININGEUR,8418.55405,2026-05-26
kraken,SUSDT,8383.21251,2026-05-26
kraken,XETHZUSD,8214.08304067,2026-05-26
kraken,0GEUR,8172.39526,2026-05-26
kraken,WFBUSD,8051.50337,2026-05-26
kraken,XMRUSDT,7867.54163001,2026-05-26
kraken,ACXUSD,7856.92688,2026-05-26
kraken,WALEUR,7818.40583,2026-05-26
kraken,SOLGBP,7682.39167122,2026-05-26
kraken,EWTEUR,7550.54003793,2026-05-26
kraken,HPOS10IUSD,7549.7,2026-05-26
kraken,QIEUR,7398.89,2026-05-26
kraken,MNTEUR,7365.80759,2026-05-26
kraken,AINUSD,7332.439,2026-05-26
kraken,AVAXUSDT,7308.36001838,2026-05-26
kraken,UFDEUR,7055.69,2026-05-26
kraken,DOTUSDT,7050.85947514,2026-05-26
kraken,XXMRZUSD,7037.64234145,2026-05-26
kraken,KEEPEUR,6990.67309748,2026-05-26
kraken,BNTEUR,6969.04623182,2026-05-26
kraken,HOLOUSD,6945.93899,2026-05-26
kraken,SUKUEUR,6835.0,2026-05-26
kraken,BANDUSD,6809.90108561,2026-05-26
kraken,CTCEUR,6529.9836,2026-05-26
kraken,BANDEUR,6322.43828306,2026-05-26
kraken,XETCZUSD,6315.48869909,2026-05-26
kraken,RADUSD,6254.9187526,2026-05-26
kraken,FXSUSD,6234.07166404,2026-05-26
kraken,ENSOEUR,6142.83779,2026-05-26
kraken,XETCZEUR,6125.75194723,2026-05-26
kraken,MANAUSDT,6028.8820406,2026-05-26
kraken,SOLUSD:BTNL,6024.25258815,2026-05-26
kraken,BALEUR,5942.61081993,2026-05-26
kraken,COWUSD,5875.16352,2026-05-26
kraken,ATOMUSDC,5704.54672936,2026-05-26
kraken,VIRTUALUSDC,5696.95869,2026-05-26
kraken,GFIEUR,5525.85538,2026-05-26
kraken,TRUMPUSDC,5509.21929,2026-05-26
kraken,REPV2USD,5503.80473236,2026-05-26
kraken,BALUSD,5467.2023394,2026-05-26
kraken,SOLUSDC,5431.79537099,2026-05-26
kraken,MINAXBT,5417.34497791,2026-05-26
kraken,KSMUSD,5358.50805704,2026-05-26
kraken,ETHFIUSD,5357.77146,2026-05-26
kraken,POLSEUR,5317.31589508,2026-05-26
kraken,KSMEUR,5305.61520987,2026-05-26
kraken,ADAETH,5263.28402852,2026-05-26
kraken,KNCEUR,5112.87643452,2026-05-26
kraken,ENSEUR,5041.4989275,2026-05-26
kraken,LOCKINEUR,4949.9999,2026-05-26
kraken,ANONUSD,4827.01091,2026-05-26
kraken,AVAXUSDC,4777.20532792,2026-05-26
kraken,MNGOUSD,4770.69993052,2026-05-26
kraken,CHREUR,4709.3413832,2026-05-26
kraken,ACXEUR,4683.53875,2026-05-26
kraken,EULEUR,4659.90227369,2026-05-26
kraken,BILLYEUR,4617.791,2026-05-26
kraken,AURAEUR,4532.34504,2026-05-26
kraken,TACEUR,4526.88,2026-05-26
kraken,TEAUSD,4519.40298,2026-05-26
kraken,UNIUSD:BTNL,4474.71363767,2026-05-26
kraken,PRIMEEUR,4414.85126,2026-05-26
kraken,USDEUSDT,4392.05385,2026-05-26
kraken,LTCGBP,4307.05070879,2026-05-26
kraken,ADXEUR,4261.8660279,2026-05-26
kraken,METUSD,4242.96781,2026-05-26
kraken,ZROEUR,3986.66395,2026-05-26
kraken,RARIEUR,3978.30671578,2026-05-26
kraken,JAILSTOOLEUR,3945.843,2026-05-26
kraken,STEUR,3905.59035,2026-05-26
kraken,SOLCAD,3776.88240511,2026-05-26
kraken,FLOCKEUR,3769.85,2026-05-26
kraken,FORESTUSD,3733.66,2026-05-26
kraken,ALGOUSD:BTNL,3701.784414,2026-05-26
kraken,ENSUSD,3673.76408029,2026-05-26
kraken,ALGOXBT,3666.37416243,2026-05-26
kraken,STGEUR,3608.295468,2026-05-26
kraken,AEUR,3593.51179,2026-05-26
kraken,BNTUSD,3549.57064873,2026-05-26
kraken,OMGEUR,3513.59307685,2026-05-26
kraken,CAKEUSD,3451.77515,2026-05-26
kraken,XXMRXXBT,3446.66208995,2026-05-26
kraken,TNSREUR,3424.56916,2026-05-26
kraken,TAOEUR,3413.09123,2026-05-26
kraken,RUJIEUR,3410.52001,2026-05-26
kraken,AUDXUSD,3379.07821843,2026-05-26
kraken,ATOMXBT,3362.37379702,2026-05-26
kraken,COMPUSD,3337.90849952,2026-05-26
kraken,QNTUSD,3323.94885373,2026-05-26
kraken,DOTXBT,3231.5759045,2026-05-26
kraken,RPLEUR,3231.19258113,2026-05-26
kraken,ALICEUSD,3206.92388215,2026-05-26
kraken,USDEUSDC,3182.59315,2026-05-26
kraken,VELODROMEEUR,3175.485,2026-05-26
kraken,ADIEUR,3151.68587,2026-05-26
kraken,XTERUSD,3114.73574,2026-05-26
kraken,MATEUR,3055.99999,2026-05-26
kraken,METISUSD,3034.38405,2026-05-26
kraken,FILXBT,2990.96622197,2026-05-26
kraken,LTCUSDT,2979.46489506,2026-05-26
kraken,XMLNZEUR,2937.72124875,2026-05-26
kraken,QTUMEUR,2848.41038465,2026-05-26
kraken,DASHEUR,2836.14610139,2026-05-26
kraken,XLTCXXBT,2822.0220213,2026-05-26
kraken,CROUSDT,2818.36619,2026-05-26
kraken,XZECZEUR,2816.00675037,2026-05-26
kraken,AVAAIUSD,2734.2957,2026-05-26
kraken,BLZEUR,2723.35404454,2026-05-26
kraken,FARMUSD,2706.39789935,2026-05-26
kraken,POLISUSD,2662.24358,2026-05-26
kraken,DCRUSD,2611.36194,2026-05-26
kraken,ZUSDZJPY,2509.34224887,2026-05-26
kraken,ALTHEAEUR,2497.41369,2026-05-26
kraken,EURCAD,2451.23985895,2026-05-26
kraken,MUBARAKUSD,2392.0,2026-05-26
kraken,FILGBP,2374.48104567,2026-05-26
kraken,TREMPEUR,2348.937,2026-05-26
kraken,FWOGEUR,2262.929,2026-05-26
kraken,SNXXBT,2183.18772854,2026-05-26
kraken,SOLAUD,2175.5928739,2026-05-26
kraken,BNCUSD,2152.47482846,2026-05-26
kraken,SOLETH,2141.3486013,2026-05-26
kraken,EGLDUSD,2076.9540518,2026-05-26
kraken,TOKEUSD,2046.18816007,2026-05-26
kraken,PROUSD,2036.58682,2026-05-26
kraken,TGBPUSD,2034.57387344,2026-05-26
kraken,VINEEUR,2011.33572,2026-05-26
kraken,CYBERUSD,1971.33794,2026-05-26
kraken,QTUMUSD,1912.43334578,2026-05-26
kraken,ALICEEUR,1897.0587988,2026-05-26
kraken,AAVEUSD,1843.77118793,2026-05-26
kraken,BNCEUR,1841.56345551,2026-05-26
kraken,LQTYEUR,1793.88109,2026-05-26
kraken,FISEUR,1750.77428,2026-05-26
kraken,ATOMGBP,1741.87644426,2026-05-26
kraken,MXNBUSD,1728.78186,2026-05-26
kraken,EDGEXEUR,1725.13537,2026-05-26
kraken,AREUR,1702.68551,2026-05-26
kraken,HOUSEEUR,1689.33,2026-05-26
kraken,UNFIEUR,1672.09055162,2026-05-26
kraken,MINAGBP,1657.84103479,2026-05-26
kraken,RAILSEUR,1643.96668,2026-05-26
kraken,LINKETH,1632.88950891,2026-05-26
kraken,MUBARAKEUR,1618.18,2026-05-26
kraken,MOVRUSD,1618.06351002,2026-05-26
kraken,JITOSOLUSD,1600.9088,2026-05-26
kraken,HSKEUR,1597.4943,2026-05-26
kraken,SANDXBT,1596.56629125,2026-05-26
kraken,PROSEUR,1594.0475,2026-05-26
kraken,MULTIEUR,1548.21426999,2026-05-26
kraken,CAKEEUR,1534.31745,2026-05-26
kraken,ETHFIEUR,1529.10679,2026-05-26
kraken,ETHUSDC,1512.47274667,2026-05-26
kraken,ALCXUSD,1491.32366095,2026-05-26
kraken,DOTETH,1483.73310015,2026-05-26
kraken,GMXUSD,1475.07883882,2026-05-26
kraken,ICNTEUR,1461.04095,2026-05-26
kraken,ALCHUSD,1456.20185,2026-05-26
kraken,BGBUSD,1445.16293,2026-05-26
kraken,EGLDEUR,1423.35617298,2026-05-26
kraken,SOGNIEUR,1412.0,2026-05-26
kraken,API3EUR,1403.06780198,2026-05-26
kraken,MANAUSDC,1356.87982481,2026-05-26
kraken,LINKAUD,1338.32328062,2026-05-26
kraken,HPOS10IEUR,1328.004,2026-05-26
kraken,JSTEUR,1325.38,2026-05-26
kraken,OXTEUR,1321.82698,2026-05-26
kraken,ETHUSD:BTNL,1303.95374301,2026-05-26
kraken,AUCTIONUSD,1296.09002,2026-05-26
kraken,EUROPUSDC,1289.96271,2026-05-26
kraken,ZECUSD:BTNL,1288.89565649,2026-05-26
kraken,L3EUR,1230.91497,2026-05-26
kraken,KGENEUR,1222.97687,2026-05-26
kraken,XIONUSD,1217.648,2026-05-26
kraken,RAYEUR,1216.06526483,2026-05-26
kraken,METEUR,1191.99175,2026-05-26
kraken,ESEUR,1146.90653,2026-05-26
kraken,SOLXBT,1146.51380122,2026-05-26
kraken,LTCUSDC,1107.6714391,2026-05-26
kraken,RNBWUSD,1051.0,2026-05-26
kraken,CYBEREUR,1042.78401,2026-05-26
kraken,WFBEUR,1024.99999,2026-05-26
kraken,LINKXBT,1024.03671448,2026-05-26
kraken,MANAXBT,1001.06819467,2026-05-26
kraken,LINKGBP,984.44009927,2026-05-26
kraken,BCHUSD,977.11157089,2026-05-26
kraken,SUNEUR,968.6148,2026-05-26
kraken,EURQUSD,966.44596,2026-05-26
kraken,GAIAEUR,939.06,2026-05-26
kraken,MIRROREUR,934.056,2026-05-26
kraken,GMXEUR,915.81248996,2026-05-26
kraken,BNBUSD,889.05558,2026-05-26
kraken,QEUR,879.0269,2026-05-26
kraken,CHECKUSD,876.8209,2026-05-26
kraken,PROEUR,873.42113,2026-05-26
kraken,XREPZUSD,864.94825188,2026-05-26
kraken,RLUSDUSDC,863.93881,2026-05-26
kraken,NYMEUR,856.05523053,2026-05-26
kraken,XTZUSDC,851.81153034,2026-05-26
kraken,SONICEUR,817.90447,2026-05-26
kraken,XXBTZUSD,808.10345159,2026-05-26
kraken,SAFEEUR,797.74932,2026-05-26
kraken,COMPEUR,734.95502331,2026-05-26
kraken,DOLOUSD,715.58421,2026-05-26
kraken,ORDEREUR,694.08585,2026-05-26
kraken,QNTEUR,684.50577724,2026-05-26
kraken,PIPEEUR,677.25787,2026-05-26
kraken,KSMGBP,676.08291234,2026-05-26
kraken,POLISEUR,667.64520433,2026-05-26
kraken,OKBUSD,653.13042,2026-05-26
kraken,DOTUSD:BTNL,639.53371296,2026-05-26
kraken,MOVREUR,636.99470753,2026-05-26
kraken,AAVEEUR,613.68962392,2026-05-26
kraken,DOLOEUR,601.969,2026-05-26
kraken,LTCAUD,599.38099611,2026-05-26
kraken,EUROPUSD,597.88175,2026-05-26
kraken,KULAEUR,587.18666,2026-05-26
kraken,UMAUSD,574.90294247,2026-05-26
kraken,CLOUDEUR,571.07451,2026-05-26
kraken,GASUSD,565.97798,2026-05-26
kraken,NEOUSD,563.77696,2026-05-26
kraken,KGENUSD,563.41654,2026-05-26
kraken,USDSUSD,561.90694,2026-05-26
kraken,JOEEUR,554.92417,2026-05-26
kraken,SCAUSD,522.71986,2026-05-26
kraken,APREUR,521.035,2026-05-26
kraken,AVAAIEUR,502.95,2026-05-26
kraken,USATUSDT,499.61818,2026-05-26
kraken,UNIXBT,497.01710423,2026-05-26
kraken,FOLKSUSD,496.78289,2026-05-26
kraken,BADGERUSD,492.87754006,2026-05-26
kraken,ZRXXBT,490.45056089,2026-05-26
kraken,APXUSDUSDC,488.05583,2026-05-26
kraken,USDTJPY,487.74134671,2026-05-26
kraken,ETHUSDT,474.57347427,2026-05-26
kraken,COWEUR,471.65802,2026-05-26
kraken,ACTEUR,469.977,2026-05-26
kraken,METISEUR,435.92092,2026-05-26
kraken,XMLNXXBT,433.95601635,2026-05-26
kraken,XETHZGBP,407.15709943,2026-05-26
kraken,C98EUR,398.621,2026-05-26
kraken,BITUSD,392.93425609,2026-05-26
kraken,KP3RUSD,372.75643291,2026-05-26
kraken,SSVUSD,330.7487942,2026-05-26
kraken,ORDERUSD,289.63863,2026-05-26
kraken,BNBEUR,283.49976,2026-05-26
kraken,BCHEUR,278.05082414,2026-05-26
kraken,EURQEUR,277.19075,2026-05-26
kraken,CLVEUR,273.853,2026-05-26
kraken,KETEUR,272.9734,2026-05-26
kraken,XXBTZEUR,271.62396965,2026-05-26
kraken,VULTUSD,271.17317,2026-05-26
kraken,JUNOEUR,269.37,2026-05-26
kraken,FIDDUSDC,262.69087,2026-05-26
kraken,FARMEUR,262.62794653,2026-05-26
kraken,XETHZCAD,260.9944748,2026-05-26
kraken,ALCHEUR,239.15816,2026-05-26
kraken,GAIAUSD,230.49,2026-05-26
kraken,XETHXXBT,228.19445602,2026-05-26
kraken,REPV2EUR,221.13411816,2026-05-26
kraken,XMRUSDC,218.12998084,2026-05-26
kraken,ATOMETH,211.62978652,2026-05-26
kraken,MNGOEUR,207.24406,2026-05-26
kraken,CVXEUR,204.78123681,2026-05-26
kraken,BDXUSD,196.95,2026-05-26
kraken,SSVEUR,196.7147048,2026-05-26
kraken,CASHUSD,191.7007,2026-05-26
kraken,TOKEEUR,191.17647074,2026-05-26
kraken,DOTJPY,178.35591326,2026-05-26
kraken,CORNUSD,177.668,2026-05-26
kraken,FIDDUSD,175.3236,2026-05-26
kraken,NMRUSD,164.76036148,2026-05-26
kraken,ZEXEUR,162.794,2026-05-26
kraken,EURAUD,160.2832649,2026-05-26
kraken,CLANKERUSD,153.07094,2026-05-26
kraken,MASKEUR,149.32385916,2026-05-26
kraken,VERSEEUR,147.599,2026-05-26
kraken,XAUTUSD,139.97939491,2026-05-26
kraken,GASEUR,132.0218,2026-05-26
kraken,XXMRZEUR,132.02104147,2026-05-26
kraken,PAXGUSD,128.76792743,2026-05-26
kraken,EURRUSDT,122.65138,2026-05-26
kraken,GNOUSD,120.49066181,2026-05-26
kraken,SCAEUR,112.22,2026-05-26
kraken,NEOEUR,104.4695,2026-05-26
kraken,SOLEURC,100.48520381,2026-05-26
kraken,EURRUSDC,100.29171,2026-05-26
kraken,CASHUSDC,100.03654,2026-05-26
kraken,HOLOEUR,93.987,2026-05-26
kraken,OMNIEUR,87.17551,2026-05-26
kraken,XIONEUR,85.76329,2026-05-26
kraken,XBTUSDT,83.8996696,2026-05-26
kraken,EURJPY,83.62946,2026-05-26
kraken,BNBUSDC,81.72108,2026-05-26
kraken,RLUSDUSDT,80.99662,2026-05-26
kraken,ETHAUD,80.72162022,2026-05-26
kraken,WBTUSD,71.56641935,2026-05-26
kraken,RIVEREUR,71.48301,2026-05-26
kraken,FILETH,71.13881661,2026-05-26
kraken,XBTUSDC,68.94513509,2026-05-26
kraken,ETHCHF,67.22258255,2026-05-26
kraken,XETCXXBT,67.17583183,2026-05-26
kraken,EURRUSD,63.17296,2026-05-26
kraken,VELVETUSD,56.6851,2026-05-26
kraken,UMXMUSD,53.31957,2026-05-26
kraken,RSCEUR,53.25806,2026-05-26
kraken,USDQUSD,52.23499,2026-05-26
kraken,BCHUSDC,51.20728604,2026-05-26
kraken,VULTEUR,50.31858,2026-05-26
kraken,XAUTUSDT,44.00789343,2026-05-26
kraken,ETHUSD1,41.821354,2026-05-26
kraken,NMREUR,41.07548,2026-05-26
kraken,FXSEUR,40.41237113,2026-05-26
kraken,WIFGBP,39.463,2026-05-26
kraken,BNBUSDT,38.14514,2026-05-26
kraken,AUDXAUD,37.77743475,2026-05-26
kraken,LTCUSD:BTNL,36.95099079,2026-05-26
kraken,OKBEUR,31.99444,2026-05-26
kraken,LTCETH,30.56609761,2026-05-26
kraken,XLTCZJPY,29.83340159,2026-05-26
kraken,LCAPUSD,27.88736,2026-05-26
kraken,BCHUSDT,27.67967917,2026-05-26
kraken,USDDUSD,24.24703,2026-05-26
kraken,BADGEREUR,23.40002338,2026-05-26
kraken,YFIUSD,22.67260261,2026-05-26
kraken,ALCXEUR,21.52739617,2026-05-26
kraken,FIDDUSDT,21.31688,2026-05-26
kraken,XBTUSD:BTNL,21.08294715,2026-05-26
kraken,SOLUSD1,20.1480357,2026-05-26
kraken,PAXGEUR,19.4337568,2026-05-26
kraken,COMPXBT,17.94822615,2026-05-26
kraken,AUCTIONEUR,17.89767,2026-05-26
kraken,OMNIUSD,17.58218,2026-05-26
kraken,USDREUR,16.88781,2026-05-26
kraken,XXBTZGBP,16.64205935,2026-05-26
kraken,PAXGXBT,16.0907656,2026-05-26
kraken,USDRUSD,15.97028,2026-05-26
kraken,TRXUSDD,15.73184,2026-05-26
kraken,USDSEUR,15.05623,2026-05-26
kraken,FRNTUSD,14.9805,2026-05-26
kraken,BCHXBT,14.9733636,2026-05-26
kraken,AAVEXBT,14.67263637,2026-05-26
kraken,AUDJPY,13.93657353,2026-05-26
kraken,AAVEETH,12.63298393,2026-05-26
kraken,YFIEUR,12.37096851,2026-05-26
kraken,APXUSDUSD,12.33587,2026-05-26
kraken,GNOEUR,12.23157434,2026-05-26
kraken,XXBTZCAD,9.5688004,2026-05-26
kraken,UMAEUR,9.51814,2026-05-26
kraken,USATUSD,8.9109,2026-05-26
kraken,BGBEUR,8.7362,2026-05-26
kraken,BITEUR,8.68305534,2026-05-26
kraken,USDRUSDC,8.30456,2026-05-26
kraken,QCADUSD,8.043,2026-05-26
kraken,BCHUSD:BTNL,7.76364144,2026-05-26
kraken,BCHGBP,7.54511949,2026-05-26
kraken,EURREUR,7.2448,2026-05-26
kraken,WBTEUR,6.70053,2026-05-26
kraken,XBTCHF,5.67722844,2026-05-26
kraken,XBTAUD,5.59486122,2026-05-26
kraken,CLANKEREUR,5.28052,2026-05-26
kraken,AAVEGBP,5.27326,2026-05-26
kraken,BCHJPY,5.1597737,2026-05-26
kraken,WBTCXBT,3.69815831,2026-05-26
kraken,UNIETH,3.2,2026-05-26
kraken,LINKJPY,2.3375,2026-05-26
kraken,USDQEUR,2.235,2026-05-26
kraken,XREPZEUR,2.15907,2026-05-26
kraken,USDQUSDC,2.1203,2026-05-26
kraken,ANONEUR,2.119,2026-05-26
kraken,USDRUSDT,2.0024,2026-05-26
kraken,BCHAUD,1.9169501,2026-05-26
kraken,JITOSOLSOL,1.79346,2026-05-26
kraken,PAXGETH,1.74964798,2026-05-26
kraken,XBTEURC,1.04875831,2026-05-26
kraken,LSSOLUSD,1.03421,2026-05-26
kraken,LCAPEUR,0.92945,2026-05-26
kraken,BCHETH,0.9011215,2026-05-26
kraken,MSOLUSD,0.69661191,2026-05-26
kraken,LSSOLEUR,0.52793,2026-05-26
kraken,XTEREUR,0.5,2026-05-26
kraken,ETHEURC,0.41958152,2026-05-26
kraken,JITOSOLEUR,0.4012,2026-05-26
kraken,CMETHUSD,0.39879159,2026-05-26
kraken,CMETHETH,0.39224643,2026-05-26
kraken,METHUSD,0.33365466,2026-05-26
kraken,ETHDAI,0.16227165,2026-05-26
kraken,AAVEUSD:BTNL,0.1,2026-05-26
kraken,LSETHETH,0.08571469,2026-05-26
kraken,XBTPYUSD,0.07510798,2026-05-26
kraken,PAXGUSD:BTNL,0.06581842,2026-05-26
kraken,LSETHEUR,0.05318433,2026-05-26
kraken,KP3REUR,0.05065857,2026-05-26
kraken,ETHFIDD,0.03920849,2026-05-26
kraken,MSOLEUR,0.0349,2026-05-26
kraken,WBTCUSD,0.02636201,2026-05-26
kraken,XBTUSD1,0.02034194,2026-05-26
kraken,WBTCEUR,0.01885893,2026-05-26
kraken,METHETH,0.01776858,2026-05-26
kraken,XETHZJPY,0.0167295,2026-05-26
kraken,XXBTZJPY,0.01197719,2026-05-26
kraken,ETHPYUSD,0.00959242,2026-05-26
kraken,XBTUSDG,0.0065,2026-05-26
kraken,LSETHUSD,0.005,2026-05-26
kraken,XETCXETH,0.00459713,2026-05-26
kraken,TBTCUSD,0.00329167,2026-05-26
kraken,XBTFIDD,0.00082152,2026-05-26
kraken,XBTDAI,0.00032489,2026-05-26
kraken,XXBTUSDR,0.00029712,2026-05-26
kraken,TBTCXBT,0.00015786,2026-05-26
kraken,TBTCEUR,0.00014316,2026-05-26
kraken,XBTAUSD,0.0001,2026-05-26
kraken,AI16ZEUR,0.0,2026-05-26
kraken,AI16ZUSD,0.0,2026-05-26
kraken,AI16ZUSDC,0.0,2026-05-26
kraken,AI16ZUSDT,0.0,2026-05-26
kraken,AINEUR,0.0,2026-05-26
kraken,AIOEUR,0.0,2026-05-26
kraken,AIREUR,0.0,2026-05-26
kraken,AIRUSD,0.0,2026-05-26
kraken,AKEEUR,0.0,2026-05-26
kraken,ALEOEUR,0.0,2026-05-26
kraken,ALLOEUR,0.0,2026-05-26
kraken,AMIEUR,0.0,2026-05-26
kraken,AMPEUR,0.0,2026-05-26
kraken,AMPUSD,0.0,2026-05-26
kraken,ANLOGEUR,0.0,2026-05-26
kraken,ANLOGUSD,0.0,2026-05-26
kraken,ANYONEEUR,0.0,2026-05-26
kraken,ANYONEUSD,0.0,2026-05-26
kraken,ARTEUR,0.0,2026-05-26
kraken,ATEUR,0.0,2026-05-26
kraken,ATUSD,0.0,2026-05-26
kraken,AUKIEUR,0.0,2026-05-26
kraken,AUKIUSD,0.0,2026-05-26
kraken,AURYEUR,0.0,2026-05-26
kraken,AURYUSD,0.0,2026-05-26
kraken,AUSDEUR,0.0,2026-05-26
kraken,AXLEUR,0.0,2026-05-26
kraken,AXLUSD,0.0,2026-05-26
kraken,BABYSHARKEUR,0.0,2026-05-26
kraken,BARDEUR,0.0,2026-05-26
kraken,BARDUSD,0.0,2026-05-26
kraken,BCHCHF,0.0,2026-05-26
kraken,BIRBEUR,0.0,2026-05-26
kraken,BIRBUSD,0.0,2026-05-26
kraken,BLESSEUR,0.0,2026-05-26
kraken,BMBEUR,0.0,2026-05-26
kraken,BONZOEUR,0.0,2026-05-26
kraken,BOOEUR,0.0,2026-05-26
kraken,BOOKEUR,0.0,2026-05-26
kraken,BOOKUSD,0.0,2026-05-26
kraken,BOOSTEUR,0.0,2026-05-26
kraken,BOOSTUSD,0.0,2026-05-26
kraken,BOOUSD,0.0,2026-05-26
kraken,BOSEUR,0.0,2026-05-26
kraken,BRICKETH,0.0,2026-05-26
kraken,CETUSEUR,0.0,2026-05-26
kraken,CETUSUSD,0.0,2026-05-26
kraken,CGNEUR,0.0,2026-05-26
kraken,CGNUSD,0.0,2026-05-26
kraken,CHECKEUR,0.0,2026-05-26
kraken,CHILLGUYEUR,0.0,2026-05-26
kraken,CHILLGUYUSD,0.0,2026-05-26
kraken,COPMEUR,0.0,2026-05-26
kraken,CORNEUR,0.0,2026-05-26
kraken,CROSSEUR,0.0,2026-05-26
kraken,CROSSUSD,0.0,2026-05-26
kraken,CTRUSD,0.0,2026-05-26
kraken,CUDISEUR,0.0,2026-05-26
kraken,CUDISUSD,0.0,2026-05-26
kraken,CYCEUR,0.0,2026-05-26
kraken,CYCUSD,0.0,2026-05-26
kraken,DCREUR,0.0,2026-05-26
kraken,DOODEUR,0.0,2026-05-26
kraken,DOODUSD,0.0,2026-05-26
kraken,DOVUEUR,0.0,2026-05-26
kraken,EDENEUR,0.0,2026-05-26
kraken,EDENUSD,0.0,2026-05-26
kraken,EKUBOEUR,0.0,2026-05-26
kraken,EKUBOUSD,0.0,2026-05-26
kraken,ELSAEUR,0.0,2026-05-26
kraken,ELSAUSD,0.0,2026-05-26
kraken,ENJETH,0.0,2026-05-26
kraken,EPTEUR,0.0,2026-05-26
kraken,EPTUSD,0.0,2026-05-26
kraken,EQEUR,0.0,2026-05-26
kraken,EQUSD,0.0,2026-05-26
kraken,ESPORTSEUR,0.0,2026-05-26
kraken,ESXEUR,0.0,2026-05-26
kraken,ESXUSD,0.0,2026-05-26
kraken,ETHBRL,0.0,2026-05-26
kraken,ETHEUROP,0.0,2026-05-26
kraken,EURBRL,0.0,2026-05-26
kraken,EUROCEUR,0.0,2026-05-26
kraken,EUROCUSD,0.0,2026-05-26
kraken,EVAAEUR,0.0,2026-05-26
kraken,FAIEUR,0.0,2026-05-26
kraken,FAIUSD,0.0,2026-05-26
kraken,FFEUR,0.0,2026-05-26
kraken,FLYEUR,0.0,2026-05-26
kraken,FLYUSD,0.0,2026-05-26
kraken,FOLKSEUR,0.0,2026-05-26
kraken,FORESTEUR,0.0,2026-05-26
kraken,FRNTEUR,0.0,2026-05-26
kraken,FRNTUSDC,0.0,2026-05-26
kraken,GAIBEUR,0.0,2026-05-26
kraken,GEISTEUR,0.0,2026-05-26
kraken,GEISTUSD,0.0,2026-05-26
kraken,GIBEUR,0.0,2026-05-26
kraken,GNTETH,0.0,2026-05-26
kraken,GNTEUR,0.0,2026-05-26
kraken,GNTUSD,0.0,2026-05-26
kraken,GNTXBT,0.0,2026-05-26
kraken,GOOEUR,0.0,2026-05-26
kraken,GOOUSD,0.0,2026-05-26
kraken,GRIFFAINUSDC,0.0,2026-05-26
kraken,GRIFFAINUSDT,0.0,2026-05-26
kraken,GROKEUR,0.0,2026-05-26
kraken,GROKUSD,0.0,2026-05-26
kraken,GWEIEUR,0.0,2026-05-26
kraken,HEMIEUR,0.0,2026-05-26
kraken,HEMIUSD,0.0,2026-05-26
kraken,HOOLIEUR,0.0,2026-05-26
kraken,HOOLIUSD,0.0,2026-05-26
kraken,HTXEUR,0.0,2026-05-26
kraken,HTXUSD,0.0,2026-05-26
kraken,HYPEREUR,0.0,2026-05-26
kraken,HYPERUSD,0.0,2026-05-26
kraken,IOEUR,0.0,2026-05-26
kraken,IOUSD,0.0,2026-05-26
kraken,IRYSEUR,0.0,2026-05-26
kraken,IRYSUSD,0.0,2026-05-26
kraken,JOJOEUR,0.0,2026-05-26
kraken,JOJOUSD,0.0,2026-05-26
kraken,KASUSDC,0.0,2026-05-26
kraken,KNTQEUR,0.0,2026-05-26
kraken,KNTQUSD,0.0,2026-05-26
kraken,LABEUR,0.0,2026-05-26
kraken,LABUSD,0.0,2026-05-26
kraken,LITKEYEUR,0.0,2026-05-26
kraken,LITKEYUSD,0.0,2026-05-26
kraken,LOBOEUR,0.0,2026-05-26
kraken,LOOKSEUR,0.0,2026-05-26
kraken,LOOKSUSD,0.0,2026-05-26
kraken,LSSOLSOL,0.0,2026-05-26
kraken,LTCCHF,0.0,2026-05-26
kraken,MEZOEUR,0.0,2026-05-26
kraken,MICHIEUR,0.0,2026-05-26
kraken,MICHIUSD,0.0,2026-05-26
kraken,MMTEUR,0.0,2026-05-26
kraken,MMTUSD,0.0,2026-05-26
kraken,MNDEEUR,0.0,2026-05-26
kraken,MNDEUSD,0.0,2026-05-26
kraken,MOONETH,0.0,2026-05-26
kraken,MOVEUSDC,0.0,2026-05-26
kraken,MOVEUSDT,0.0,2026-05-26
kraken,MYROEUR,0.0,2026-05-26
kraken,MYROUSD,0.0,2026-05-26
kraken,NAORISEUR,0.0,2026-05-26
kraken,NAORISUSD,0.0,2026-05-26
kraken,NAVXEUR,0.0,2026-05-26
kraken,NAVXUSD,0.0,2026-05-26
kraken,NBEUR,0.0,2026-05-26
kraken,NBUSD,0.0,2026-05-26
kraken,NESTEUR,0.0,2026-05-26
kraken,NESTUSD,0.0,2026-05-26
kraken,NEWTEUR,0.0,2026-05-26
kraken,NEWTUSD,0.0,2026-05-26
kraken,NFTEUR,0.0,2026-05-26
kraken,NFTUSD,0.0,2026-05-26
kraken,NODEEUR,0.0,2026-05-26
kraken,NSEUR,0.0,2026-05-26
kraken,NSUSD,0.0,2026-05-26
kraken,OBOLEUR,0.0,2026-05-26
kraken,OBOLUSDT,0.0,2026-05-26
kraken,ODOSEUR,0.0,2026-05-26
kraken,OPGEUR,0.0,2026-05-26
kraken,OPGUSD,0.0,2026-05-26
kraken,OPNEUR,0.0,2026-05-26
kraken,PACKEUR,0.0,2026-05-26
kraken,PACTEUR,0.0,2026-05-26
kraken,PEOPLEEUR,0.0,2026-05-26
kraken,PEOPLEUSD,0.0,2026-05-26
kraken,PEPECOINEUR,0.0,2026-05-26
kraken,PIEVERSEEUR,0.0,2026-05-26
kraken,PLANCKEUR,0.0,2026-05-26
kraken,PLANCKUSD,0.0,2026-05-26
kraken,PUMPAUD,0.0,2026-05-26
kraken,PUMPCAD,0.0,2026-05-26
kraken,PUMPCHF,0.0,2026-05-26
kraken,PUMPGBP,0.0,2026-05-26
kraken,PUMPUSDC,0.0,2026-05-26
kraken,PUMPUSDG,0.0,2026-05-26
kraken,PUMPUSDT,0.0,2026-05-26
kraken,PYUSDEUR,0.0,2026-05-26
kraken,QCADCAD,0.0,2026-05-26
kraken,RAILEUR,0.0,2026-05-26
kraken,RAILUSD,0.0,2026-05-26
kraken,RLUSDEUR,0.0,2026-05-26
kraken,RMRKEUR,0.0,2026-05-26
kraken,RMRKUSD,0.0,2026-05-26
kraken,RNBWEUR,0.0,2026-05-26
kraken,ROBOEUR,0.0,2026-05-26
kraken,RONEUR,0.0,2026-05-26
kraken,RONUSD,0.0,2026-05-26
kraken,RVVEUR,0.0,2026-05-26
kraken,SENDEUR,0.0,2026-05-26
kraken,SENDUSD,0.0,2026-05-26
kraken,SHAPEEUR,0.0,2026-05-26
kraken,SHDWEUR,0.0,2026-05-26
kraken,SHDWUSD,0.0,2026-05-26
kraken,SIDEKICKEUR,0.0,2026-05-26
kraken,SIDEKICKUSDT,0.0,2026-05-26
kraken,SLPEUR,0.0,2026-05-26
kraken,SLPUSD,0.0,2026-05-26
kraken,SMOGEUR,0.0,2026-05-26
kraken,SMOGUSD,0.0,2026-05-26
kraken,SONICUSDC,0.0,2026-05-26
kraken,SONICUSDT,0.0,2026-05-26
kraken,SPCEUR,0.0,2026-05-26
kraken,SPCUSD,0.0,2026-05-26
kraken,STABLEEUR,0.0,2026-05-26
kraken,STEPEUR,0.0,2026-05-26
kraken,STEPUSD,0.0,2026-05-26
kraken,STRDEUR,0.0,2026-05-26
kraken,STRDUSD,0.0,2026-05-26
kraken,STRONGEUR,0.0,2026-05-26
kraken,STRONGUSD,0.0,2026-05-26
kraken,SUPEUR,0.0,2026-05-26
kraken,SWTCHEUR,0.0,2026-05-26
kraken,SWTCHUSD,0.0,2026-05-26
kraken,SXPEUR,0.0,2026-05-26
kraken,SXPUSD,0.0,2026-05-26
kraken,TAEUR,0.0,2026-05-26
kraken,TAUSD,0.0,2026-05-26
kraken,TEAEUR,0.0,2026-05-26
kraken,TEEREUR,0.0,2026-05-26
kraken,TEERUSD,0.0,2026-05-26
kraken,TERMEUR,0.0,2026-05-26
kraken,TERMUSD,0.0,2026-05-26
kraken,TGBPGBP,0.0,2026-05-26
kraken,TRBEUR,0.0,2026-05-26
kraken,TRBUSD,0.0,2026-05-26
kraken,TSTEUR,0.0,2026-05-26
kraken,TSTUSD,0.0,2026-05-26
kraken,TURTLEEUR,0.0,2026-05-26
kraken,TURTLEUSD,0.0,2026-05-26
kraken,U2UEUR,0.0,2026-05-26
kraken,UMXMEUR,0.0,2026-05-26
kraken,USDAED,0.0,2026-05-26
kraken,USDBRL,0.0,2026-05-26
kraken,USDDEUR,0.0,2026-05-26
kraken,USDGEUR,0.0,2026-05-26
kraken,USDILS,0.0,2026-05-26
kraken,USDINR,0.0,2026-05-26
kraken,USDPLN,0.0,2026-05-26
kraken,USDQUSDT,0.0,2026-05-26
kraken,USDSGD,0.0,2026-05-26
kraken,USDTBRL,0.0,2026-05-26
kraken,USD_CREDITZUSD,0.0,2026-05-26
kraken,USYCUSD,0.0,2026-05-26
kraken,VELVETEUR,0.0,2026-05-26
kraken,VOOIEUR,0.0,2026-05-26
kraken,VOOIUSD,0.0,2026-05-26
kraken,WAREUR,0.0,2026-05-26
kraken,WAXPEUR,0.0,2026-05-26
kraken,WAXPUSD,0.0,2026-05-26
kraken,WHALESEUR,0.0,2026-05-26
kraken,WHALESUSD,0.0,2026-05-26
kraken,WINGSEUR,0.0,2026-05-26
kraken,WNXMEUR,0.0,2026-05-26
kraken,WNXMUSD,0.0,2026-05-26
kraken,WSOLEUR,0.0,2026-05-26
kraken,WSOLUSD,0.0,2026-05-26
kraken,WXTMEUR,0.0,2026-05-26
kraken,WXTMUSD,0.0,2026-05-26
kraken,XAUTEUR,0.0,2026-05-26
kraken,XBTBRL,0.0,2026-05-26
kraken,XXBTEUROP,0.0,2026-05-26
kraken,XXBTUSDQ,0.0,2026-05-26
kraken,XNAPEUR,0.0,2026-05-26
kraken,XNAPUSD,0.0,2026-05-26
kraken,XOREUR,0.0,2026-05-26
kraken,XORUSD,0.0,2026-05-26
kraken,XRPCHF,0.0,2026-05-26
kraken,YBGBP,0.0,2026-05-26
kraken,YBUSDC,0.0,2026-05-26
kraken,YBUSDG,0.0,2026-05-26
kraken,YBUSDT,0.0,2026-05-26
kraken,YOMEUR,0.0,2026-05-26
kraken,YOMUSD,0.0,2026-05-26
kraken,ZRXETH,0.0,2026-05-26
okx,BABYDOGEUSDT,220529341533003.0,2026-05-26
okx,SATSUSDT,21680386342347.0,2026-05-26
okx,BABYDOGEUSD,1806805903898.0,2026-05-26
okx,PEPEUSDT,837113524545.0,2026-05-26
okx,SHIBUSDT,147375654675.0,2026-05-26
okx,NFTUSDT,142232119400.0,2026-05-26
okx,BONKUSDT,69396737930.0,2026-05-26
okx,CATUSDT,23932953045.0,2026-05-26
okx,DOGSUSDT,18930058230.0,2026-05-26
okx,BABYDOGEEUR,15574324965.0,2026-05-26
okx,HMSTRUSDT,10315374413.1,2026-05-26
okx,SATSUSD,6687428347.0,2026-05-26
okx,PEPETRY,3793065011.0,2026-05-26
okx,FLOKIUSDT,3382295906.0,2026-05-26
okx,WINUSDT,3283458433.0,2026-05-26
okx,BONKTRY,3195410813.0,2026-05-26
okx,SHIBTRY,2365295140.0,2026-05-26
okx,NEIROUSDT,1473098332.0,2026-05-26
okx,PUMPUSDT,1397949246.0,2026-05-26
okx,SHIBUSD,1358344934.0,2026-05-26
okx,PEPEBRL,615222414.0,2026-05-26
okx,NOTUSDT,593212610.7,2026-05-26
okx,DUCKUSDT,577742913.0,2026-05-26
okx,HMSTRTRY,509139591.0,2026-05-26
okx,LATUSDT,415153772.593015,2026-05-26
okx,BOMEUSDT,366309540.0,2026-05-26
okx,PEPEUSD,338198947.0,2026-05-26
okx,TOSHIUSDT,211002274.0,2026-05-26
okx,DOGEUSDT,198062087.577275,2026-05-26
okx,AIUSDT,189007992.5,2026-05-26
okx,PEPEUSDC,184774808.0,2026-05-26
okx,OMIUSDT,181717784.264,2026-05-26
okx,PEPEEUR,175925698.0,2026-05-26
okx,MEWUSDT,175612067.0,2026-05-26
okx,PENGUUSDT,156159750.0,2026-05-26
okx,DEGENUSDT,142161269.0,2026-05-26
okx,HMSTREUR,132561272.6,2026-05-26
okx,CHZUSDT,130319827.055792,2026-05-26
okx,FLOKITRY,105041671.0,2026-05-26
okx,GALAUSDT,102250103.260881,2026-05-26
okx,ZBCNUSDT,92946517.0,2026-05-26
okx,DOGSUSD,86300729.0,2026-05-26
okx,DOODUSDT,81044043.9,2026-05-26
okx,LINEAUSDT,79672626.2,2026-05-26
okx,TURBOUSDT,75920920.8,2026-05-26
okx,MEMEUSDT,70192089.3,2026-05-26
okx,PHAUSDT,67622078.046686,2026-05-26
okx,BONKUSD,67435988.0,2026-05-26
okx,TRXUSDT,65236688.290658,2026-05-26
okx,KATUSDT,60910896.2,2026-05-26
okx,WLDUSDT,56044140.21,2026-05-26
okx,ATHUSDT,54563532.4,2026-05-26
okx,USDCUSDT,53233084.178079,2026-05-26
okx,FOGOUSDT,49641222.0,2026-05-26
okx,GMTUSDT,47270957.7046,2026-05-26
okx,RVNUSDT,46038088.119431,2026-05-26
okx,RESOLVUSDT,45196036.99,2026-05-26
okx,ONEUSDT,43625470.662843,2026-05-26
okx,SPACEUSDT,41820104.0,2026-05-26
okx,NFTUSD,39999734.0,2026-05-26
okx,ZEUSUSDT,39919184.1477,2026-05-26
okx,MONUSDT,36977991.0,2026-05-26
okx,ANIMEUSDT,35877088.81,2026-05-26
okx,COREUSDT,33019108.5,2026-05-26
okx,XPLUSDT,31198967.7,2026-05-26
okx,HMSTRUSD,30500658.1,2026-05-26
okx,SHIBEUR,29543750.0,2026-05-26
okx,PEOPLEUSDT,28923417.018808,2026-05-26
okx,IOSTUSDT,28190744.23421,2026-05-26
okx,WLFIUSDT,28066898.52,2026-05-26
okx,WUSDT,28029305.8586,2026-05-26
okx,USDTTRY,26926628.7286,2026-05-26
okx,NIGHTUSDT,25423708.7,2026-05-26
okx,ACTUSDT,23888937.826,2026-05-26
okx,BASEDUSDT,23240751.25,2026-05-26
okx,TRXTRY,23166874.6837,2026-05-26
okx,ZKJUSDT,22214246.3095,2026-05-26
okx,BIOUSDT,22199344.005,2026-05-26
okx,OLUSDT,22048465.9,2026-05-26
okx,JUSDT,21891351.844,2026-05-26
okx,USDGUSDT,21058900.8959,2026-05-26
okx,DOGSUSDC,20985809.0,2026-05-26
okx,PUMPUSDC,20814392.0,2026-05-26
okx,CSPRUSDT,20713992.727499,2026-05-26
okx,BABYUSDT,20627687.1,2026-05-26
okx,MEGAUSDT,20250898.85,2026-05-26
okx,ZILUSDT,19303239.709762,2026-05-26
okx,NEIROTRY,19267130.0,2026-05-26
okx,OFCUSDT,19030763.0,2026-05-26
okx,RSRUSDT,18393936.065084,2026-05-26
okx,WOOUSDT,17676616.281226,2026-05-26
okx,ONDOUSDT,17659573.436,2026-05-26
okx,MERLUSDT,17530480.483,2026-05-26
okx,PIUSDT,17380820.397,2026-05-26
okx,USDTUSD,16602257.5958,2026-05-26
okx,MMTUSDT,15296875.66,2026-05-26
okx,STRKUSDT,15060306.7396,2026-05-26
okx,CFXUSDT,14031530.047655,2026-05-26
okx,ZAMAUSDT,13612064.0,2026-05-26
okx,SOPHUSDT,13401607.9,2026-05-26
okx,CHIPUSDT,13110405.66,2026-05-26
okx,NEARUSDT,13026206.35943406,2026-05-26
okx,VELOUSDT,12763384.752276,2026-05-26
okx,DOGSEUR,12686972.0,2026-05-26
okx,SKLUSDT,12384830.02851,2026-05-26
okx,GRTUSDT,12372396.384152,2026-05-26
okx,FETUSDT,12101839.454,2026-05-26
okx,TONUSDT,11934376.8864,2026-05-26
okx,SPKUSDT,11560779.8,2026-05-26
okx,PIXELUSDT,11354143.86,2026-05-26
okx,ADAUSDT,11254733.0819,2026-05-26
okx,CATUSDC,11160714.0,2026-05-26
okx,GRASSUSDT,11107489.25,2026-05-26
okx,USDTBRL,10793668.8303,2026-05-26
okx,FLRUSDT,10740957.51,2026-05-26
okx,ENAUSDT,10733553.59,2026-05-26
okx,XRPUSDT,10428060.927333,2026-05-26
okx,HUMAUSDT,9949949.7,2026-05-26
okx,SUIUSDT,9933579.3004,2026-05-26
okx,GUSDT,9761787.8,2026-05-26
okx,RLUSDUSDT,9747418.461,2026-05-26
okx,SEIUSDT,9517105.02,2026-05-26
okx,AIXBTUSDT,9472101.782,2026-05-26
okx,PNUTUSDT,9265922.86,2026-05-26
okx,ZKUSDT,9022714.85,2026-05-26
okx,SAHARAUSDT,8290114.2,2026-05-26
okx,FLOKIUSD,8223260.0,2026-05-26
okx,ZENTUSDT,8208410.6,2026-05-26
okx,ROBOUSDT,7480556.9,2026-05-26
okx,MOODENGUSDT,7464966.03,2026-05-26
okx,PARTIUSDT,7354377.94,2026-05-26
okx,TIAUSDT,7338092.2913,2026-05-26
okx,ARBUSDT,7325160.5913,2026-05-26
okx,HMSTRUSDC,7284919.6,2026-05-26
okx,DORAUSDT,6969566.25,2026-05-26
okx,NOTUSD,6826459.4,2026-05-26
okx,SNTUSDT,6540757.387055,2026-05-26
okx,SENTUSDT,6520289.7,2026-05-26
okx,HBARUSDT,6470165.989588,2026-05-26
okx,GOATUSDT,6328849.414,2026-05-26
okx,ARKMUSDT,6268526.008,2026-05-26
okx,XLMUSDT,6210717.976818,2026-05-26
okx,IPUSDT,6142553.355,2026-05-26
okx,BIGTIMEUSDT,5970183.44,2026-05-26
okx,SWFTCUSDT,5696713.012356,2026-05-26
okx,PYTHUSDT,5612334.313,2026-05-26
okx,CROUSDT,5505984.11884,2026-05-26
okx,ONTUSDT,5304673.109932,2026-05-26
okx,SHIBUSDC,5119298.0,2026-05-26
okx,NEIROUSD,4972779.0,2026-05-26
okx,NAVXUSDT,4968016.29,2026-05-26
okx,LITUSDT,4870891.726,2026-05-26
okx,IOTAUSDT,4700723.187622,2026-05-26
okx,EIGENUSDT,4681942.458,2026-05-26
okx,DYDXUSDT,4627687.013135,2026-05-26
okx,OPUSDT,4410807.879,2026-05-26
okx,MOVEUSDT,4405695.0,2026-05-26
okx,POLUSDT,4293171.63,2026-05-26
okx,CCUSDT,4150646.36,2026-05-26
okx,ACHUSDT,4085316.95,2026-05-26
okx,SLPUSDT,4076672.602193,2026-05-26
okx,FILUSDT,4072227.91108,2026-05-26
okx,YGGUSDT,4052982.939666,2026-05-26
okx,ORBSUSDT,3985143.362171,2026-05-26
okx,ASPUSDT,3807057.27,2026-05-26
okx,IDUSDT,3683821.906,2026-05-26
okx,AUSDT,3571395.81,2026-05-26
okx,CATIUSDT,3551710.75,2026-05-26
okx,BONKEUR,3468528.0,2026-05-26
okx,VINEUSDT,3410118.62,2026-05-26
okx,AEVOUSDT,3358521.0159,2026-05-26
okx,ALGOUSDT,3279721.486602,2026-05-26
okx,PROMPTUSDT,3189730.6,2026-05-26
okx,WAXPUSDT,3169882.462356,2026-05-26
okx,CRVUSDT,2843498.234957,2026-05-26
okx,SKYUSDT,2809308.3,2026-05-26
okx,JTOUSDT,2756502.7721,2026-05-26
okx,ENJUSDT,2690270.417,2026-05-26
okx,CELOUSDT,2572199.108488,2026-05-26
okx,KMNOUSDT,2550945.4,2026-05-26
okx,MEUSDT,2522200.138,2026-05-26
okx,YBUSDT,2497615.867,2026-05-26
okx,JUPUSDT,2461326.351,2026-05-26
okx,BICOUSDT,2290876.755761,2026-05-26
okx,ASTERUSDT,2257631.541,2026-05-26
okx,ZORAUSDT,2246220.04,2026-05-26
okx,RENDERUSDT,2201534.313,2026-05-26
okx,SDUSDT,2175945.556004,2026-05-26
okx,VIRTUALUSDT,2154467.076,2026-05-26
okx,LSKUSDT,2117243.51584015,2026-05-26
okx,KAITOUSDT,2017320.135,2026-05-26
okx,ETHFIUSDT,2011583.1875,2026-05-26
okx,PROSUSDT,1943081.281,2026-05-26
okx,ALLOUSDT,1923268.27,2026-05-26
okx,WINUSD,1921949.0,2026-05-26
okx,VELODROMEUSDT,1878558.7672,2026-05-26
okx,WETUSDT,1871227.93,2026-05-26
okx,APEUSDT,1865856.838203,2026-05-26
okx,BASEDTRY,1812894.0094,2026-05-26
okx,KAIAUSDT,1812586.9,2026-05-26
okx,KITEUSDT,1740481.43,2026-05-26
okx,SANDUSDT,1642929.574612,2026-05-26
okx,WCTUSDT,1638308.17,2026-05-26
okx,PUMPEUR,1609816.0,2026-05-26
okx,PRCLUSDT,1567876.452,2026-05-26
okx,WIFUSDT,1547397.833,2026-05-26
okx,BLURUSDT,1514798.2558,2026-05-26
okx,BONKUSDC,1500000.0,2026-05-26
okx,ELFUSDT,1494331.416851,2026-05-26
okx,CFGUSDT,1494185.421897,2026-05-26
okx,BERAUSDT,1478642.226,2026-05-26
okx,ZETAUSDT,1448203.488,2026-05-26
okx,AVNTUSDT,1445867.549,2026-05-26
okx,DGBUSDT,1378167.010782,2026-05-26
okx,LUNAUSDT,1373811.9974,2026-05-26
okx,TNSRUSDT,1373803.5143,2026-05-26
okx,MAGICUSDT,1343371.435612,2026-05-26
okx,USDTAED,1312615.2396,2026-05-26
okx,CELRUSDT,1260886.384986,2026-05-26
okx,USDCEUR,1252415.471658,2026-05-26
okx,FLOWUSDT,1250156.109984,2026-05-26
okx,GRASSUSD,1248606.86,2026-05-26
okx,ASTRUSDT,1241533.59428,2026-05-26
okx,FOGOTRY,1168652.94,2026-05-26
okx,APTUSDT,1159608.5908,2026-05-26
okx,1INCHUSDT,1154609.537316,2026-05-26
okx,2ZUSDT,1146909.02,2026-05-26
okx,ICPUSDT,1145306.459177,2026-05-26
okx,DOTUSDT,1120629.237388,2026-05-26
okx,SUSDT,1110773.342,2026-05-26
okx,API3USDT,1101201.907675,2026-05-26
okx,ADAUSD,967891.6337,2026-05-26
okx,SAFEUSDT,941176.58,2026-05-26
okx,TRUMPUSDT,936451.4108,2026-05-26
okx,LAYERUSDT,923769.943,2026-05-26
okx,INJUSDT,905477.3011,2026-05-26
okx,PHATRY,901293.249,2026-05-26
okx,MINAUSDT,884926.830657,2026-05-26
okx,PROVEUSDT,872412.72,2026-05-26
okx,ACEUSDT,872116.4578,2026-05-26
okx,SONICUSDT,840492.42,2026-05-26
okx,DOGEUSD,821466.205873,2026-05-26
okx,LRCUSDT,802394.808246,2026-05-26
okx,RONUSDT,800931.373282,2026-05-26
okx,SPACETRY,771834.73,2026-05-26
okx,CHIPTRY,736796.857,2026-05-26
okx,TUSDT,726684.4087,2026-05-26
okx,ETHWUSDT,707775.9027,2026-05-26
okx,BATUSDT,687384.018229,2026-05-26
okx,OKBUSDT,617383.783632,2026-05-26
okx,UNIUSDT,612948.989163,2026-05-26
okx,BARDUSDT,611982.33,2026-05-26
okx,PORUSDT,588138.1159,2026-05-26
okx,PITRY,564124.819,2026-05-26
okx,THETAUSDT,547825.567801,2026-05-26
okx,LINEATRY,539172.1,2026-05-26
okx,XRPTRY,539077.93945,2026-05-26
okx,HYPEUSDT,525980.3128,2026-05-26
okx,AXSUSDT,522602.571262,2026-05-26
okx,EDGEUSDT,518113.101,2026-05-26
okx,LDOUSDT,512699.7001,2026-05-26
okx,PENGUTRY,506509.02,2026-05-26
okx,STXUSDT,503586.079332,2026-05-26
okx,SNXUSDT,499278.668261,2026-05-26
okx,BASEDUSD,473541.9,2026-05-26
okx,PENDLEUSDT,469662.658,2026-05-26
okx,MAJORUSDT,469487.901,2026-05-26
okx,ORDIUSDT,464340.6724,2026-05-26
okx,BREVUSDT,454241.19,2026-05-26
okx,CTCUSDT,451866.51716,2026-05-26
okx,TRXUSD,441647.009692,2026-05-26
okx,METUSDT,437660.812,2026-05-26
okx,CHZTRY,437213.22,2026-05-26
okx,CHZUSD,435482.471645,2026-05-26
okx,SCRUSDT,434204.578,2026-05-26
okx,RESOLVTRY,419154.704,2026-05-26
okx,ARGUSDT,414079.052,2026-05-26
okx,CETUSUSDT,407865.2697,2026-05-26
okx,ONEUSD,402569.419833,2026-05-26
okx,CATUSD,400000.0,2026-05-26
okx,AERGOUSDT,394727.069517,2026-05-26
okx,SOLUSDT,383638.80171,2026-05-26
okx,CROUSD,383179.622221,2026-05-26
okx,PHAUSD,381714.885582,2026-05-26
okx,AIUSD,381583.8,2026-05-26
okx,TOSHIUSD,375457.0,2026-05-26
okx,LPTUSDT,359660.263001,2026-05-26
okx,AITRY,347654.764,2026-05-26
okx,DOGETRY,346024.345,2026-05-26
okx,LINKUSDT,344562.656177,2026-05-26
okx,OMIUSDC,337686.369,2026-05-26
okx,ZROUSDT,329837.687,2026-05-26
okx,MONTRY,319975.271,2026-05-26
okx,WLDTRY,312944.0159,2026-05-26
okx,ATHUSD,312052.3,2026-05-26
okx,RAYUSDT,311743.079283,2026-05-26
okx,STORJUSDT,306101.548165,2026-05-26
okx,GODSUSDT,304747.497097,2026-05-26
okx,XRPUSD,288236.939909,2026-05-26
okx,MANAUSDT,285802.280487,2026-05-26
okx,FLRUSD,281708.31,2026-05-26
okx,MORPHOUSDT,279132.603,2026-05-26
okx,ATOMUSDT,277624.155296,2026-05-26
okx,NOTEUR,276546.6,2026-05-26
okx,ADAEUR,276429.6323,2026-05-26
okx,ACTTRY,272473.646,2026-05-26
okx,WLFIUSD,271465.05,2026-05-26
okx,FOGOUSD,256958.8,2026-05-26
okx,KATTRY,244629.81,2026-05-26
okx,RSRUSDC,243689.422692,2026-05-26
okx,IMXUSDT,242362.207138,2026-05-26
okx,USDCBRL,240755.06617,2026-05-26
okx,SPACEUSDC,232814.0,2026-05-26
okx,TURBOUSDC,229920.72,2026-05-26
okx,RVNUSD,228646.735241,2026-05-26
okx,CHZEUR,223932.92,2026-05-26
okx,OFCUSD,221448.5,2026-05-26
okx,ARUSDT,215887.164663,2026-05-26
okx,AUDMUSDT,202674.363,2026-05-26
okx,ZBCNUSD,195722.0,2026-05-26
okx,SUIUSDC,194253.139,2026-05-26
okx,AGLDUSDT,190727.068891,2026-05-26
okx,ICXUSDT,190433.735631,2026-05-26
okx,ADAUSDC,187497.794,2026-05-26
okx,MEGAUSD,185998.67,2026-05-26
okx,XTZUSDT,184629.146166,2026-05-26
okx,SUSHIUSDT,181425.062673,2026-05-26
okx,MMTUSDC,177778.32,2026-05-26
okx,AIUSDC,170023.5,2026-05-26
okx,USATUSDT,168392.184,2026-05-26
okx,BIOTRY,167754.659,2026-05-26
okx,OFCTRY,164615.463,2026-05-26
okx,NIGHTUSD,161282.3,2026-05-26
okx,TOSHIUSDC,160000.0,2026-05-26
okx,MENGOUSDT,156846.1358,2026-05-26
okx,USDTSGD,152506.808,2026-05-26
okx,ZAMAUSDC,149636.6,2026-05-26
okx,BANDUSDT,145581.86015,2026-05-26
okx,GMTUSD,141159.6632,2026-05-26
okx,AVAXUSDT,140997.090562,2026-05-26
okx,OPUSD,139973.3478,2026-05-26
okx,GRTEUR,138523.106,2026-05-26
okx,ZILUSD,137783.914184,2026-05-26
okx,DOGEUSDC,136868.92,2026-05-26
okx,CVCUSDT,135558.919524,2026-05-26
okx,HUMATRY,132967.092,2026-05-26
okx,GLMUSDT,132954.862211,2026-05-26
okx,XCHUSDT,132917.837647,2026-05-26
okx,USDTEUR,130640.2673,2026-05-26
okx,AIEUR,127422.9,2026-05-26
okx,ENATRY,126458.5191,2026-05-26
okx,SOPHUSD,122624.7,2026-05-26
okx,SENTTRY,117139.737,2026-05-26
okx,BRL1BRL,116409.74,2026-05-26
okx,WTRY,116197.65,2026-05-26
okx,RESOLVUSD,114229.09,2026-05-26
okx,LQTYUSDT,114217.6942,2026-05-26
okx,AUCTIONUSDT,104723.546834,2026-05-26
okx,BRL1USDT,100748.14,2026-05-26
okx,OLUSD,100014.8,2026-05-26
okx,SAHARAUSD,98643.8,2026-05-26
okx,PUMPTRY,98506.65,2026-05-26
okx,SPURSUSDT,98026.9261,2026-05-26
okx,GASUSDT,97598.818363,2026-05-26
okx,ANIMEUSD,97247.92,2026-05-26
okx,PIEUR,96731.022,2026-05-26
okx,FETTRY,96668.1345,2026-05-26
okx,RVNUSDC,93242.448635,2026-05-26
okx,ROBOUSDC,92594.3,2026-05-26
okx,OLEUR,92181.9,2026-05-26
okx,SPACEUSD,92159.0,2026-05-26
okx,WLDUSD,91439.224,2026-05-26
okx,TONUSDC,84085.936,2026-05-26
okx,BOMEUSD,81175.0,2026-05-26
okx,SUITRY,81006.0389,2026-05-26
okx,OLUSDC,80960.2,2026-05-26
okx,PENGUEUR,80552.0,2026-05-26
okx,RSRUSD,80264.646665,2026-05-26
okx,BABYUSD,79807.6,2026-05-26
okx,GALATRY,79243.12,2026-05-26
okx,PARTITRY,76733.279,2026-05-26
okx,EIGENTRY,76161.9437,2026-05-26
okx,ZKTRY,74473.06,2026-05-26
okx,MMTEUR,73595.53,2026-05-26
okx,ENJTRY,72099.684,2026-05-26
okx,SUIUSD,71552.0295,2026-05-26
okx,GRTUSDC,71221.762215,2026-05-26
okx,ARKMTRY,71059.939,2026-05-26
okx,NIGHTTRY,70692.312,2026-05-26
okx,TIATRY,67443.5491,2026-05-26
okx,ZENUSDT,65240.8283,2026-05-26
okx,FOGOEUR,64650.1,2026-05-26
okx,KATUSD,64191.2,2026-05-26
okx,ROBOEUR,63700.0,2026-05-26
okx,LINEAUSD,63584.4,2026-05-26
okx,MASKUSDT,63462.958458,2026-05-26
okx,NIGHTUSDC,62883.7,2026-05-26
okx,UMAUSDT,62456.583052,2026-05-26
okx,ETHUSDT,61322.381477,2026-05-26
okx,XLMTRY,60887.7765,2026-05-26
okx,NEIROUSDC,60000.0,2026-05-26
okx,DOGEEUR,58499.334811,2026-05-26
okx,USDTAUD,57939.593,2026-05-26
okx,OFCUSDC,57547.3,2026-05-26
okx,QTUMUSDT,55761.642777,2026-05-26
okx,XRPEUR,55522.0961,2026-05-26
okx,XPLUSD,54803.08,2026-05-26
okx,USD1USDT,54024.4408,2026-05-26
okx,ONDOTRY,53881.4459,2026-05-26
okx,SAHARAEUR,53811.4,2026-05-26
okx,AIXBTUSD,53753.012,2026-05-26
okx,FLREUR,53592.18,2026-05-26
okx,SNTUSD,53156.395907,2026-05-26
okx,AIXBTTRY,53039.918,2026-05-26
okx,ETCUSDT,52521.668442,2026-05-26
okx,FETUSDC,52014.15,2026-05-26
okx,SAHARATRY,50507.124,2026-05-26
okx,WLFITRY,50420.718,2026-05-26
okx,DASHUSDT,49916.3685,2026-05-26
okx,FETEUR,48709.351,2026-05-26
okx,CHIPUSD,47615.03,2026-05-26
okx,PENGUUSDC,47506.9,2026-05-26
okx,GALAUSD,47099.874559,2026-05-26
okx,NEARUSD,47068.33175661,2026-05-26
okx,XPLTRY,45604.686,2026-05-26
okx,ZRXUSDT,44922.958934,2026-05-26
okx,POLTRY,44451.685,2026-05-26
okx,PYUSDUSDT,43275.0209,2026-05-26
okx,PIXELTRY,43219.94,2026-05-26
okx,PNUTTRY,42896.676,2026-05-26
okx,USDCTRY,42556.172,2026-05-26
okx,TONUSD,42408.8647,2026-05-26
okx,CITYUSDT,41747.1287,2026-05-26
okx,GMTUSDC,41110.5552,2026-05-26
okx,LTCUSDT,41049.13817,2026-05-26
okx,CORETRY,40969.884,2026-05-26
okx,HBAREUR,40157.061,2026-05-26
okx,NOTUSDC,40000.0,2026-05-26
okx,KNCUSDT,39819.292151,2026-05-26
okx,FLOKIEUR,39261.0,2026-05-26
okx,MMTUSD,38972.94,2026-05-26
okx,HUMAUSDC,38469.5,2026-05-26
okx,FOGOUSDC,38200.0,2026-05-26
okx,SENTUSD,37798.8,2026-05-26
okx,CHIPEUR,37775.04,2026-05-26
okx,ENSUSDT,37281.081863,2026-05-26
okx,SKYUSD,36579.7,2026-05-26
okx,NEARTRY,36001.4119,2026-05-26
okx,SSVUSDT,34957.2342,2026-05-26
okx,BOMEUSDC,34858.0,2026-05-26
okx,TRAUSDT,34217.398794,2026-05-26
okx,ACHUSD,33493.68,2026-05-26
okx,RENDERTRY,32819.8248,2026-05-26
okx,PARTIUSD,32393.36,2026-05-26
okx,ATHTRY,32236.3,2026-05-26
okx,ONDOUSD,31376.805,2026-05-26
okx,ADATRY,31319.7921,2026-05-26
okx,XPLEUR,31262.37,2026-05-26
okx,JOEUSDT,31124.346425,2026-05-26
okx,MEWUSDC,30838.0,2026-05-26
okx,NIGHTEUR,30530.3,2026-05-26
okx,MERLTRY,30419.543,2026-05-26
okx,ALGOUSD,30298.014597,2026-05-26
okx,MONEUR,30253.5,2026-05-26
okx,STRKTRY,29994.711,2026-05-26
okx,BARDTRY,29812.2249,2026-05-26
okx,DYDXUSD,29171.041351,2026-05-26
okx,XLMUSD,28885.228967,2026-05-26
okx,DEGENUSD,28486.0,2026-05-26
okx,EURCUSD,28193.8699,2026-05-26
okx,CVXUSDT,27380.778784,2026-05-26
okx,GALFTUSDT,26918.8508,2026-05-26
okx,NEARUSDC,26528.13213458,2026-05-26
okx,TRXEUR,26132.211286,2026-05-26
okx,TONTRY,25922.8116,2026-05-26
okx,ZECUSDT,25017.77737,2026-05-26
okx,AUSDC,24570.33,2026-05-26
okx,XRPUSDC,24544.372,2026-05-26
okx,SUIEUR,23913.384,2026-05-26
okx,GRASSTRY,23859.2749,2026-05-26
okx,IOTAUSD,23673.387408,2026-05-26
okx,JUPTRY,23409.708,2026-05-26
okx,MONUSDC,23177.3,2026-05-26
okx,NEOUSDT,23004.019266,2026-05-26
okx,WCTTRY,22483.732,2026-05-26
okx,SEIUSDC,22224.55,2026-05-26
okx,WLDUSDC,21648.913,2026-05-26
okx,ENAUSD,21384.78,2026-05-26
okx,TIAUSD,20536.1213,2026-05-26
okx,COMPUSDT,20496.74349,2026-05-26
okx,SAHARAUSDC,20379.4,2026-05-26
okx,APETRY,19949.2507,2026-05-26
okx,KATUSDC,19192.6,2026-05-26
okx,IOTAEUR,18793.682931,2026-05-26
okx,KITETRY,18788.7824,2026-05-26
okx,VIRTUALUSD,18349.502,2026-05-26
okx,BABYEUR,18265.6,2026-05-26
okx,ASPUSD,18120.0,2026-05-26
okx,LITTRY,17986.7913,2026-05-26
okx,CHZUSDC,17597.688841,2026-05-26
okx,LDOUSDC,17314.4407,2026-05-26
okx,WLFIEUR,17073.84,2026-05-26
okx,SENTUSDC,16879.3,2026-05-26
okx,USDGEUR,16837.6684,2026-05-26
okx,CSPRUSD,16692.454469,2026-05-26
okx,PIBRL,16563.832,2026-05-26
okx,YBUSD,16255.404,2026-05-26
okx,PROSUSDC,16190.913,2026-05-26
okx,GRASSEUR,16137.28,2026-05-26
okx,FLUIDUSDT,16129.796,2026-05-26
okx,BIOUSD,15597.778,2026-05-26
okx,PIUSD,15128.66,2026-05-26
okx,ZBCNUSDC,15043.0,2026-05-26
okx,SPACEEUR,15000.0,2026-05-26
okx,ASTERUSD,14994.899,2026-05-26
okx,GRASSUSDC,14895.23,2026-05-26
okx,MONUSD,14542.9,2026-05-26
okx,GODSUSD,14184.559812,2026-05-26
okx,KSMUSDT,14050.465657,2026-05-26
okx,HUMAEUR,13753.8,2026-05-26
okx,HBARUSD,13645.377979,2026-05-26
okx,APEUSD,13138.26639,2026-05-26
okx,ONDOEUR,13111.312,2026-05-26
okx,BABYUSDC,13095.2,2026-05-26
okx,MEMEUSD,13000.0,2026-05-26
okx,DOTUSD,12527.445361,2026-05-26
okx,PUMPUSD,12353.0,2026-05-26
okx,COREUSD,12216.56,2026-05-26
okx,ALGOEUR,12079.008,2026-05-26
okx,COREEUR,11882.67,2026-05-26
okx,FLRUSDC,11746.18,2026-05-26
okx,ONTUSD,11697.937637,2026-05-26
okx,ENJEUR,11690.269,2026-05-26
okx,SKLUSDC,11599.997908,2026-05-26
okx,GRTUSD,11239.429849,2026-05-26
okx,CATIUSD,11043.68,2026-05-26
okx,RENDERUSDC,10933.37,2026-05-26
okx,ALLOUSD,10898.7,2026-05-26
okx,PNUTEUR,10600.63,2026-05-26
okx,HBARUSDC,10599.18143,2026-05-26
okx,KITEEUR,10416.46,2026-05-26
okx,CELRUSDC,10413.154586,2026-05-26
okx,MOODENGUSD,10400.77,2026-05-26
okx,ARKMUSD,10390.035,2026-05-26
okx,PROSEUR,10338.926,2026-05-26
okx,ARKMEUR,10106.662,2026-05-26
okx,SOLUSD,10064.884743,2026-05-26
okx,CFGUSD,10040.0,2026-05-26
okx,ALLOTRY,10020.413,2026-05-26
okx,NEIROEUR,10000.0,2026-05-26
okx,PROSTRY,9932.973,2026-05-26
okx,TONEUR,9756.4434,2026-05-26
okx,ATHUSDC,9500.0,2026-05-26
okx,INJUSDC,9419.5986,2026-05-26
okx,RPLUSDT,9366.2181,2026-05-26
okx,BARDUSD,9328.05,2026-05-26
okx,VIRTUALEUR,9284.097,2026-05-26
okx,EIGENUSD,9217.608,2026-05-26
okx,CATIUSDC,9009.35,2026-05-26
okx,FETUSD,8984.34,2026-05-26
okx,CATIEUR,8951.45,2026-05-26
okx,API3EUR,8831.243266,2026-05-26
okx,TURBOEUR,8779.05,2026-05-26
okx,BNBUSDT,8778.086255,2026-05-26
okx,1INCHUSD,8753.871624,2026-05-26
okx,METISUSDT,8697.518843,2026-05-26
okx,PRCLUSD,8624.171,2026-05-26
okx,LITUSD,8508.385,2026-05-26
okx,ONDOUSDC,8498.933,2026-05-26
okx,BANANAUSDT,8291.9949,2026-05-26
okx,AAVEUSDT,8065.868356,2026-05-26
okx,GMXUSDT,8058.5317,2026-05-26
okx,WUSDC,7905.1383,2026-05-26
okx,ETHFITRY,7806.0649,2026-05-26
okx,YGGUSD,7789.666726,2026-05-26
okx,USDCSGD,7763.944,2026-05-26
okx,MANAUSDC,7729.997594,2026-05-26
okx,MERLEUR,7727.744,2026-05-26
okx,BATUSD,7528.786554,2026-05-26
okx,ARBEUR,7502.3235,2026-05-26
okx,XRPBRL,7304.47433,2026-05-26
okx,OFCEUR,7109.8,2026-05-26
okx,PEOPLEUSD,7048.029052,2026-05-26
okx,FLOWUSDC,6744.815668,2026-05-26
okx,TRXUSDC,6690.13,2026-05-26
okx,USDCAUD,6639.6103,2026-05-26
okx,DOTEUR,6614.275715,2026-05-26
okx,RONUSD,6584.197417,2026-05-26
okx,ORBSTRY,6535.94,2026-05-26
okx,ZROUSD,6461.439,2026-05-26
okx,CELOUSD,6386.822446,2026-05-26
okx,NEAREUR,6299.90466324,2026-05-26
okx,ASTERUSDC,5833.349,2026-05-26
okx,ICPTRY,5825.8119,2026-05-26
okx,API3USDC,5818.962829,2026-05-26
okx,STRKUSD,5800.5894,2026-05-26
okx,SEITRY,5702.592,2026-05-26
okx,SOLBTC,5597.903,2026-05-26
okx,FILUSD,5565.259533,2026-05-26
okx,GEUR,5533.9,2026-05-26
okx,CCUSD,5498.44,2026-05-26
okx,GMTEUR,5445.3258,2026-05-26
okx,CFXUSDC,5444.954792,2026-05-26
okx,NMRUSDT,5423.096038,2026-05-26
okx,BIOEUR,5254.68,2026-05-26
okx,EGLDUSDT,5207.137679,2026-05-26
okx,RENDEREUR,5159.583,2026-05-26
okx,AIXBTUSDC,5116.979,2026-05-26
okx,JTOEUR,5115.3747,2026-05-26
okx,LINKEUR,4997.837212,2026-05-26
okx,TRBUSDT,4953.578777,2026-05-26
okx,BERATRY,4833.8174,2026-05-26
okx,STXUSD,4679.31162,2026-05-26
okx,APEEUR,4672.4903,2026-05-26
okx,LUNATRY,4646.504,2026-05-26
okx,USDSUSDT,4385.946,2026-05-26
okx,TRUMPTRY,4358.8996302,2026-05-26
okx,GUSD,4324.5,2026-05-26
okx,WETUSD,4220.65,2026-05-26
okx,ZETAUSDC,4220.0,2026-05-26
okx,SOLUSDC,4157.94789,2026-05-26
okx,ARBTRY,4085.486,2026-05-26
okx,BREVTRY,4014.583,2026-05-26
okx,GALAUSDC,3984.611011,2026-05-26
okx,IOTAUSDC,3982.24,2026-05-26
okx,OKBBTC,3951.7826,2026-05-26
okx,KAIAUSD,3910.0,2026-05-26
okx,LINEAEUR,3888.6,2026-05-26
okx,FLOWUSD,3790.427572,2026-05-26
okx,HUMAUSD,3753.6,2026-05-26
okx,WOOUSD,3623.1,2026-05-26
okx,PENDLEUSDC,3610.385,2026-05-26
okx,WOOEUR,3579.195376,2026-05-26
okx,SEIUSD,3558.71,2026-05-26
okx,UNIUSDC,3473.3695,2026-05-26
okx,AIXBTEUR,3442.962,2026-05-26
okx,DYDXEUR,3418.168888,2026-05-26
okx,SNXTRY,3306.9999,2026-05-26
okx,KAITOUSD,3220.315,2026-05-26
okx,RENDERUSD,3214.126,2026-05-26
okx,FILTRY,3190.0018,2026-05-26
okx,PROSUSD,3144.077,2026-05-26
okx,KITEUSD,3091.38,2026-05-26
okx,JUPUSDC,3053.323,2026-05-26
okx,BICOUSD,3022.506256,2026-05-26
okx,ROBOUSD,2958.3,2026-05-26
okx,MERLUSD,2951.741,2026-05-26
okx,CFGEUR,2915.5291,2026-05-26
okx,BCHUSDT,2816.483392,2026-05-26
okx,BTCUSDT,2794.87426589,2026-05-26
okx,DOTUSDC,2783.7568,2026-05-26
okx,PIUSDC,2764.44,2026-05-26
okx,BNTUSDT,2725.091493,2026-05-26
okx,ILVUSDT,2664.92265,2026-05-26
okx,RONEUR,2628.168049,2026-05-26
okx,CCTRY,2616.829,2026-05-26
okx,LINKUSD,2603.65531,2026-05-26
okx,SANDEUR,2540.7059,2026-05-26
okx,TUSD,2532.9,2026-05-26
okx,PYTHUSDC,2510.055,2026-05-26
okx,ORDITRY,2480.72367,2026-05-26
okx,ORBSUSDC,2441.108263,2026-05-26
okx,AXSTRY,2439.8371,2026-05-26
okx,XLMEUR,2404.027,2026-05-26
okx,PENGUUSD,2396.0,2026-05-26
okx,EDGETRY,2382.6367,2026-05-26
okx,ALLOUSDC,2381.92,2026-05-26
okx,JTOUSDC,2324.9192,2026-05-26
okx,LAYERTRY,2297.984,2026-05-26
okx,PARTIUSDC,2223.45,2026-05-26
okx,JUPEUR,2210.0,2026-05-26
okx,INJEUR,2174.3021,2026-05-26
okx,AREUR,2087.205056,2026-05-26
okx,ARBUSD,2050.7164,2026-05-26
okx,IPTRY,2035.4382,2026-05-26
okx,SOLTRY,2035.1434072,2026-05-26
okx,POLUSDC,2032.58,2026-05-26
okx,JUPUSD,2027.082,2026-05-26
okx,ZAMATRY,2016.81,2026-05-26
okx,WIFEUR,1997.261,2026-05-26
okx,LDOUSD,1977.2401,2026-05-26
okx,SNXUSD,1917.290889,2026-05-26
okx,CRVEUR,1914.090688,2026-05-26
okx,HYPEUSD,1879.9775,2026-05-26
okx,ETHTRY,1839.66165755,2026-05-26
okx,MEGAUSDC,1838.26,2026-05-26
okx,WIFTRY,1827.5802,2026-05-26
okx,XRPAED,1786.9792,2026-05-26
okx,IMXUSD,1730.873146,2026-05-26
okx,ICXUSD,1697.405291,2026-05-26
okx,TNSRUSD,1672.3245,2026-05-26
okx,ETHUSD,1666.386338,2026-05-26
okx,MEWUSD,1666.0,2026-05-26
okx,SCRUSD,1655.567,2026-05-26
okx,LINKUSDC,1646.891,2026-05-26
okx,CRVUSD,1629.55806,2026-05-26
okx,PRCLUSDC,1624.695,2026-05-26
okx,ATHEUR,1596.6,2026-05-26
okx,SANDUSD,1569.334886,2026-05-26
okx,BANDUSD,1481.4,2026-05-26
okx,XLMUSDC,1474.16,2026-05-26
okx,LINKTRY,1459.51914,2026-05-26
okx,OPEUR,1424.6441,2026-05-26
okx,MORPHOEUR,1410.203,2026-05-26
okx,TNSRTRY,1404.494,2026-05-26
okx,PROMPTEUR,1403.4,2026-05-26
okx,SENTEUR,1400.0,2026-05-26
okx,API3USD,1391.34272,2026-05-26
okx,XAUTUSDT,1369.451642,2026-05-26
okx,CFXUSD,1369.022335,2026-05-26
okx,ARBUSDC,1339.2154,2026-05-26
okx,OKSOLUSDT,1303.818058,2026-05-26
okx,LEOUSDT,1303.349598,2026-05-26
okx,HYPEUSDC,1301.4728,2026-05-26
okx,APTUSD,1275.9801,2026-05-26
okx,ATOMUSD,1268.018405,2026-05-26
okx,LTCUSD,1260.170965,2026-05-26
okx,LRCUSDC,1251.172974,2026-05-26
okx,ARKMUSDC,1236.951,2026-05-26
okx,USATUSD,1218.378,2026-05-26
okx,THETAUSD,1187.468652,2026-05-26
okx,PENDLEUSD,1121.618,2026-05-26
okx,ICPEUR,1086.06777,2026-05-26
okx,SOLEUR,1084.764842,2026-05-26
okx,STORJUSD,1068.459586,2026-05-26
okx,TIAEUR,1064.3065,2026-05-26
okx,ATOMEUR,1044.73127,2026-05-26
okx,CROTRY,1039.862,2026-05-26
okx,MANAUSD,1039.715302,2026-05-26
okx,OKBTRY,1014.795552,2026-05-26
okx,ENAUSDC,1012.8,2026-05-26
okx,MORPHOUSD,996.624,2026-05-26
okx,LDOEUR,995.9783,2026-05-26
okx,SKLUSD,954.988932,2026-05-26
okx,CCUSDC,927.59,2026-05-26
okx,HYPEEUR,926.6783,2026-05-26
okx,RONUSDC,926.149285,2026-05-26
okx,CFGUSDC,925.552153,2026-05-26
okx,SNXEUR,919.4347,2026-05-26
okx,OKSOLSOL,915.600124,2026-05-26
okx,LPTUSD,903.874426,2026-05-26
okx,ORDIUSDC,889.2456,2026-05-26
okx,CCEUR,887.87,2026-05-26
okx,ONTTRY,866.25,2026-05-26
okx,UNIUSD,861.013096,2026-05-26
okx,SNXUSDC,838.059,2026-05-26
okx,AEVOUSDC,836.6598,2026-05-26
okx,ASTERTRY,822.4751,2026-05-26
okx,XCHUSD,821.667406,2026-05-26
okx,WLDEUR,810.024,2026-05-26
okx,NAVXUSDC,801.52,2026-05-26
okx,PYTHUSD,764.579,2026-05-26
okx,EIGENEUR,751.033,2026-05-26
okx,PROMPTUSD,748.4,2026-05-26
okx,BICOUSDC,748.279808,2026-05-26
okx,GOATEUR,741.244,2026-05-26
okx,ETHUSDC,723.397825,2026-05-26
okx,ZAMAEUR,720.8,2026-05-26
okx,ZAMAUSD,700.0,2026-05-26
okx,ROBOTRY,696.832,2026-05-26
okx,ETHWUSD,686.0026,2026-05-26
okx,CROEUR,685.442,2026-05-26
okx,ASTEREUR,679.356,2026-05-26
okx,SEIEUR,676.89,2026-05-26
okx,TRUMPBRL,674.0148,2026-05-26
okx,AVNTUSDC,653.167,2026-05-26
okx,ORDIUSD,642.5077,2026-05-26
okx,LINEAUSDC,623.2,2026-05-26
okx,UNIEUR,615.763345,2026-05-26
okx,MINAUSD,612.32312,2026-05-26
okx,PEOPLEUSDC,599.997281,2026-05-26
okx,OKBEUR,587.0141,2026-05-26
okx,WIFUSD,577.226,2026-05-26
okx,AVAXEUR,576.376279,2026-05-26
okx,BLUREUR,569.38,2026-05-26
okx,KATEUR,567.8,2026-05-26
okx,EIGENUSDC,545.747,2026-05-26
okx,PORUSDC,545.7256,2026-05-26
okx,NAVXEUR,529.58,2026-05-26
okx,SAFEEUR,529.115,2026-05-26
okx,EDGEUSD,520.74,2026-05-26
okx,BERAUSD,518.203,2026-05-26
okx,ARGUSDC,518.1915,2026-05-26
okx,SONICUSDC,517.46,2026-05-26
okx,WLFIUSDC,502.76,2026-05-26
okx,AVAXTRY,492.96116,2026-05-26
okx,VIRTUALUSDC,490.473,2026-05-26
okx,POLUSD,482.25,2026-05-26
okx,ATOMUSDC,464.832027,2026-05-26
okx,INJUSD,450.93,2026-05-26
okx,SAFEUSD,450.297,2026-05-26
okx,HYPETRY,435.556463,2026-05-26
okx,JITOSOLUSDT,435.177959,2026-05-26
okx,ICPUSD,423.725528,2026-05-26
okx,XRPAUD,423.1565,2026-05-26
okx,KNCEUR,419.891119,2026-05-26
okx,SPKUSD,400.0,2026-05-26
okx,SPKUSDC,400.0,2026-05-26
okx,ICPUSDC,392.013432,2026-05-26
okx,MEEUR,388.449,2026-05-26
okx,MOVEUSD,387.2,2026-05-26
okx,ETHFIUSD,380.223,2026-05-26
okx,MOODENGEUR,374.62,2026-05-26
okx,BLURUSD,373.3164,2026-05-26
okx,ENJUSDC,371.702,2026-05-26
okx,KITEUSDC,370.76,2026-05-26
okx,PAXGUSDT,365.396245,2026-05-26
okx,EDGEEUR,360.523,2026-05-26
okx,LSKUSD,348.51740556,2026-05-26
okx,WCTUSDC,345.96,2026-05-26
okx,BATEUR,345.027063,2026-05-26
okx,PNUTUSDC,344.2,2026-05-26
okx,OPTRY,338.101,2026-05-26
okx,BIOUSDC,337.362,2026-05-26
okx,STORJUSDC,320.0,2026-05-26
okx,CRVUSDC,316.02609,2026-05-26
okx,XPLUSDC,311.51,2026-05-26
okx,MORPHOUSDC,310.941,2026-05-26
okx,ETHBTC,308.716321,2026-05-26
okx,ENAEUR,302.22,2026-05-26
okx,RVNEUR,300.0,2026-05-26
okx,SKYUSDC,299.8,2026-05-26
okx,YBEUR,292.639,2026-05-26
okx,JTOUSD,280.4333,2026-05-26
okx,USDSUSD,270.097,2026-05-26
okx,UNITRY,267.46246,2026-05-26
okx,AUSD,264.83,2026-05-26
okx,ALGOUSDC,259.999737,2026-05-26
okx,AVAXUSDC,259.1764,2026-05-26
okx,MERLUSDC,257.599,2026-05-26
okx,YBUSDC,253.391,2026-05-26
okx,RAYUSD,249.608721,2026-05-26
okx,1INCHEUR,241.894727,2026-05-26
okx,ONTUSDC,229.999991,2026-05-26
okx,RAYUSDC,220.341726,2026-05-26
okx,DYDXUSDC,220.0,2026-05-26
okx,LTCTRY,217.364685,2026-05-26
okx,ZENEUR,212.5315,2026-05-26
okx,BREVUSDC,210.0,2026-05-26
okx,BTCUSD,209.51375013,2026-05-26
okx,SOLAED,207.6269576,2026-05-26
okx,SKYEUR,200.0,2026-05-26
okx,ACTUSD,200.0,2026-05-26
okx,ACHUSDC,200.0,2026-05-26
okx,KMNOUSDC,200.0,2026-05-26
okx,WAXPUSDC,200.0,2026-05-26
okx,SCRUSDC,199.3,2026-05-26
okx,ZENUSD,192.3851,2026-05-26
okx,SOLBRL,182.500974,2026-05-26
okx,MAGICTRY,177.874,2026-05-26
okx,TRUMPEUR,166.7187,2026-05-26
okx,MOODENGUSDC,164.21,2026-05-26
okx,CELOUSDC,159.999944,2026-05-26
okx,YGGEUR,157.306121,2026-05-26
okx,LTCUSDC,156.57664,2026-05-26
okx,RESOLVUSDC,150.0,2026-05-26
okx,2ZUSDC,140.0,2026-05-26
okx,PNUTUSD,140.0,2026-05-26
okx,ENSUSD,139.141957,2026-05-26
okx,XCHEUR,138.544531,2026-05-26
okx,BETHETH,130.695319,2026-05-26
okx,THETAEUR,130.0,2026-05-26
okx,WCTUSD,126.66,2026-05-26
okx,CFGTRY,126.243,2026-05-26
okx,OKBUSDC,123.07509,2026-05-26
okx,BETHUSDT,123.070845,2026-05-26
okx,SDUSD,122.456477,2026-05-26
okx,APTTRY,118.358,2026-05-26
okx,RAYEUR,110.852552,2026-05-26
okx,API3TRY,108.587,2026-05-26
okx,ETHBRL,107.3056485,2026-05-26
okx,STORJEUR,107.272944,2026-05-26
okx,GMXUSD,105.488,2026-05-26
okx,SPKEUR,100.8,2026-05-26
okx,AVAXUSD,100.592477,2026-05-26
okx,THETAUSDC,100.15,2026-05-26
okx,TRAUSDC,100.050025,2026-05-26
okx,VINEUSD,100.0,2026-05-26
okx,SNTUSDC,100.0,2026-05-26
okx,STXEUR,98.2959,2026-05-26
okx,ZECUSDC,97.03405,2026-05-26
okx,DOTTRY,93.1583,2026-05-26
okx,MASKUSD,83.990787,2026-05-26
okx,LPTEUR,79.395229,2026-05-26
okx,CVXUSDC,79.0,2026-05-26
okx,ETHEUR,77.264147,2026-05-26
okx,LAYEREUR,74.408,2026-05-26
okx,XAUTTRY,72.71560272,2026-05-26
okx,ACEUSD,72.2343,2026-05-26
okx,STETHUSDT,69.025112,2026-05-26
okx,2ZUSD,68.93,2026-05-26
okx,AEUR,68.62,2026-05-26
okx,AXSEUR,67.93263,2026-05-26
okx,AAVEEUR,67.589129,2026-05-26
okx,HBARTRY,67.294,2026-05-26
okx,DASHUSDC,67.2219,2026-05-26
okx,PENDLEEUR,67.159,2026-05-26
okx,ETHWEUR,65.6616,2026-05-26
okx,AUCTIONUSD,65.551831,2026-05-26
okx,IDUSDC,60.0,2026-05-26
okx,APEUSDC,59.999994,2026-05-26
okx,SANDUSDC,59.999526,2026-05-26
okx,BTCTRY,59.712833228,2026-05-26
okx,ELFUSD,57.35211,2026-05-26
okx,AAVETRY,52.77401,2026-05-26
okx,BLURUSDC,51.5162,2026-05-26
okx,KAIAUSDC,50.0,2026-05-26
okx,BCHUSD,47.540268,2026-05-26
okx,TRUMPUSD,47.0106,2026-05-26
okx,PAXGTRY,45.07793931,2026-05-26
okx,AAVEUSD,44.396757,2026-05-26
okx,LTCEUR,44.268813,2026-05-26
okx,CITYUSDC,44.0819,2026-05-26
okx,IMXUSDC,44.0,2026-05-26
okx,POLEUR,43.96,2026-05-26
okx,DASHUSD,43.4167,2026-05-26
okx,GLMEUR,40.762144,2026-05-26
okx,DASHEUR,40.5987,2026-05-26
okx,AEVOUSD,40.0,2026-05-26
okx,IDUSD,40.0,2026-05-26
okx,2ZEUR,40.0,2026-05-26
okx,RESOLVEUR,40.0,2026-05-26
okx,GLMUSD,40.0,2026-05-26
okx,ELFUSDC,39.999033,2026-05-26
okx,TIAUSDC,37.6972,2026-05-26
okx,ONTEUR,37.497101,2026-05-26
okx,AGLDUSD,35.990545,2026-05-26
okx,PROVEUSD,35.189,2026-05-26
okx,ASPEUR,30.0,2026-05-26
okx,WUSD,30.0,2026-05-26
okx,LAYERUSDC,30.0,2026-05-26
okx,KAITOUSDC,29.651,2026-05-26
okx,ZECEUR,27.7062,2026-05-26
okx,AAVEUSDC,26.187504,2026-05-26
okx,UMAUSD,25.814709,2026-05-26
okx,ARGEUR,24.8997,2026-05-26
okx,ETHAED,24.30386359,2026-05-26
okx,BNBUSD,23.888072,2026-05-26
okx,XTZEUR,23.6686,2026-05-26
okx,APTEUR,22.84752,2026-05-26
okx,IMXEUR,22.6639,2026-05-26
okx,ZECUSD,21.54772,2026-05-26
okx,MAGICUSDC,20.0,2026-05-26
okx,BREVEUR,20.0,2026-05-26
okx,SAFEUSDC,20.0,2026-05-26
okx,CHIPUSDC,20.0,2026-05-26
okx,ZRXEUR,20.0,2026-05-26
okx,KAIAEUR,19.85,2026-05-26
okx,KSMUSD,19.78198,2026-05-26
okx,BCHEUR,18.123056,2026-05-26
okx,FLUIDUSDC,17.418,2026-05-26
okx,COMPUSD,16.892968,2026-05-26
okx,ORDIEUR,16.3238,2026-05-26
okx,COMPUSDC,16.296522,2026-05-26
okx,METISUSDC,16.091924,2026-05-26
okx,YFIUSDT,15.676826,2026-05-26
okx,FILUSDC,15.0,2026-05-26
okx,AXSUSD,13.375926,2026-05-26
okx,BANANAUSD,12.9242,2026-05-26
okx,BANANAUSDC,12.4886,2026-05-26
okx,ZROUSDC,12.0,2026-05-26
okx,VELODROMEUSD,11.6921,2026-05-26
okx,AUDFUSD,11.596,2026-05-26
okx,FILEUR,11.321712,2026-05-26
okx,BTCBRL,11.07593066,2026-05-26
okx,BTCEUR,10.95940288,2026-05-26
okx,BNBEUR,10.922448,2026-05-26
okx,SOLAUD,10.636411,2026-05-26
okx,GASUSD,10.400111,2026-05-26
okx,TRUMPUSDC,10.3964,2026-05-26
okx,XCHUSDC,10.292752,2026-05-26
okx,KSMEUR,10.007168,2026-05-26
okx,ZRXUSDC,10.0,2026-05-26
okx,ZROTRY,10.0,2026-05-26
okx,BATUSDC,10.0,2026-05-26
okx,CETUSUSD,10.0,2026-05-26
okx,BREVUSD,10.0,2026-05-26
okx,ARUSD,9.623532,2026-05-26
okx,OPUSDC,9.3608,2026-05-26
okx,BNBUSDC,8.972831,2026-05-26
okx,IPUSDC,8.595,2026-05-26
okx,FLUIDUSD,8.006,2026-05-26
okx,BTCUSDC,7.76377198,2026-05-26
okx,COMPEUR,7.147529,2026-05-26
okx,AUCTIONUSDC,7.027085,2026-05-26
okx,PORUSD,6.0,2026-05-26
okx,FLUIDEUR,6.0,2026-05-26
okx,ETHWUSDC,6.0,2026-05-26
okx,GASEUR,5.014624,2026-05-26
okx,GASUSDC,4.9354,2026-05-26
okx,ZENUSDC,4.9,2026-05-26
okx,ARUSDC,4.812319,2026-05-26
okx,APTUSDC,4.7336,2026-05-26
okx,NEOUSDC,3.5014,2026-05-26
okx,EGLDEUR,2.93107,2026-05-26
okx,BTCAED,2.808060584,2026-05-26
okx,BCHUSDC,2.64924,2026-05-26
okx,NMRUSDC,2.410655,2026-05-26
okx,IPUSD,2.0,2026-05-26
okx,BANDUSDC,2.0,2026-05-26
okx,ARGUSD,2.0,2026-05-26
okx,LEOUSDC,1.985407,2026-05-26
okx,EDGEUSDC,1.575,2026-05-26
okx,ENSUSDC,1.568257,2026-05-26
okx,AXSUSDC,0.81099,2026-05-26
okx,METISUSD,0.2,2026-05-26
okx,SSVUSD,0.2,2026-05-26
okx,BTCAUD,0.0795375,2026-05-26
okx,PAXGUSD,0.069925,2026-05-26
okx,ETHAUD,0.017013,2026-05-26
okx,STETHUSD,0.00236,2026-05-26
okx,YFIUSD,0.001596,2026-05-26
okx,ZEUSUSD,0.001,2026-05-26
okx,YFIEUR,0.0005,2026-05-26
okx,PEOPLEEUR,0.0,2026-05-26
okx,VELOEUR,0.0,2026-05-26
okx,LAYERUSD,0.0,2026-05-26
okx,BOMEEUR,0.0,2026-05-26
okx,KNCUSDC,0.0,2026-05-26
okx,SWFTCUSD,0.0,2026-05-26
okx,MENGOUSD,0.0,2026-05-26
okx,AGLDUSDC,0.0,2026-05-26
okx,IOSTUSD,0.0,2026-05-26
okx,ANIMEEUR,0.0,2026-05-26
okx,ILVEUR,0.0,2026-05-26
okx,ANIMETRY,0.0,2026-05-26
okx,SUSD,0.0,2026-05-26
okx,ORBSEUR,0.0,2026-05-26
okx,OMIUSD,0.0,2026-05-26
okx,SSVEUR,0.0,2026-05-26
okx,CTCUSD,0.0,2026-05-26
okx,ASPUSDC,0.0,2026-05-26
okx,MEGAEUR,0.0,2026-05-26
okx,ETCUSDC,0.0,2026-05-26
okx,ASTRUSDC,0.0,2026-05-26
okx,XTZUSD,0.0,2026-05-26
okx,PRCLEUR,0.0,2026-05-26
okx,AERGOUSDC,0.0,2026-05-26
okx,AUDMAUD,0.0,2026-05-26
okx,JOEUSD,0.0,2026-05-26
okx,CFXEUR,0.0,2026-05-26
okx,DOODEUR,0.0,2026-05-26
okx,TUSDC,0.0,2026-05-26
okx,SUSDC,0.0,2026-05-26
okx,TRBUSDC,0.0,2026-05-26
okx,PARTIEUR,0.0,2026-05-26
okx,PIXELUSD,0.0,2026-05-26
okx,ZKEUR,0.0,2026-05-26
okx,MOVEUSDC,0.0,2026-05-26
okx,ETCEUR,0.0,2026-05-26
okx,CATEUR,0.0,2026-05-26
okx,BNTUSDC,0.0,2026-05-26
okx,MANAEUR,0.0,2026-05-26
okx,ETHFIEUR,0.0,2026-05-26
okx,DGBEUR,0.0,2026-05-26
okx,ELFEUR,0.0,2026-05-26
okx,AUDFUSDT,0.0,2026-05-26
okx,KNCUSD,0.0,2026-05-26
okx,ENJUSD,0.0,2026-05-26
okx,SONICUSD,0.0,2026-05-26
okx,CELOEUR,0.0,2026-05-26
okx,ICXEUR,0.0,2026-05-26
okx,IOSTUSDC,0.0,2026-05-26
okx,TRAUSD,0.0,2026-05-26
okx,AERGOUSD,0.0,2026-05-26
okx,STRKUSDC,0.0,2026-05-26
okx,LUNAEUR,0.0,2026-05-26
okx,NMREUR,0.0,2026-05-26
okx,BANDEUR,0.0,2026-05-26
okx,MAJORUSD,0.0,2026-05-26
okx,MAGICEUR,0.0,2026-05-26
okx,ACEEUR,0.0,2026-05-26
okx,GOATUSD,0.0,2026-05-26
okx,ZKJUSD,0.0,2026-05-26
okx,LSKEUR,0.0,2026-05-26
okx,ICXUSDC,0.0,2026-05-26
okx,ENSEUR,0.0,2026-05-26
okx,SUSHIEUR,0.0,2026-05-26
okx,PROVEUSDC,0.0,2026-05-26
okx,WINUSDC,0.0,2026-05-26
okx,CVXEUR,0.0,2026-05-26
okx,UMAEUR,0.0,2026-05-26
okx,MINAEUR,0.0,2026-05-26
okx,STXTRY,0.0,2026-05-26
okx,BIGTIMEEUR,0.0,2026-05-26
okx,SATSUSDC,0.0,2026-05-26
okx,WAXPEUR,0.0,2026-05-26
okx,SPURSEUR,0.0,2026-05-26
okx,ASTREUR,0.0,2026-05-26
okx,TURBOTRY,0.0,2026-05-26
okx,RPLUSDC,0.0,2026-05-26
okx,RPLUSD,0.0,2026-05-26
okx,METUSD,0.0,2026-05-26
okx,TNSREUR,0.0,2026-05-26
okx,BERAUSDC,0.0,2026-05-26
okx,CVCUSD,0.0,2026-05-26
okx,GUSDC,0.0,2026-05-26
okx,TRBUSD,0.0,2026-05-26
okx,VELODROMEUSDC,0.0,2026-05-26
okx,KMNOEUR,0.0,2026-05-26
okx,AVNTEUR,0.0,2026-05-26
okx,ZETAUSD,0.0,2026-05-26
okx,ZENTUSD,0.0,2026-05-26
okx,GOATUSDC,0.0,2026-05-26
okx,BNTEUR,0.0,2026-05-26
okx,AGLDEUR,0.0,2026-05-26
okx,MEUSDC,0.0,2026-05-26
okx,FLOWEUR,0.0,2026-05-26
okx,EGLDUSDC,0.0,2026-05-26
okx,LRCUSD,0.0,2026-05-26
okx,KSMUSDC,0.0,2026-05-26
okx,JOEUSDC,0.0,2026-05-26
okx,ZKUSDC,0.0,2026-05-26
okx,WIFUSDC,0.0,2026-05-26
okx,PROVEEUR,0.0,2026-05-26
okx,AUDFAUD,0.0,2026-05-26
okx,NEOEUR,0.0,2026-05-26
okx,ZROEUR,0.0,2026-05-26
okx,AUDMUSD,0.0,2026-05-26
okx,SKLEUR,0.0,2026-05-26
okx,ZORAEUR,0.0,2026-05-26
okx,EGLDUSD,0.0,2026-05-26
okx,1INCHUSDC,0.0,2026-05-26
okx,CELRUSD,0.0,2026-05-26
okx,ONEUSDC,0.0,2026-05-26
okx,STXUSDC,0.0,2026-05-26
okx,LEOEUR,0.0,2026-05-26
okx,MASKUSDC,0.0,2026-05-26
okx,LATUSD,0.0,2026-05-26
okx,CITYUSD,0.0,2026-05-26
okx,NAVXUSD,0.0,2026-05-26
okx,WEUR,0.0,2026-05-26
okx,ZRXUSD,0.0,2026-05-26
okx,QTUMEUR,0.0,2026-05-26
okx,RSREUR,0.0,2026-05-26
okx,ILVUSD,0.0,2026-05-26
okx,LUNAUSDC,0.0,2026-05-26
okx,ORBSUSD,0.0,2026-05-26
okx,WCTEUR,0.0,2026-05-26
okx,CTCEUR,0.0,2026-05-26
okx,LQTYEUR,0.0,2026-05-26
okx,TEUR,0.0,2026-05-26
okx,STRKEUR,0.0,2026-05-26
okx,STETHETH,0.0,2026-05-26
okx,QTUMUSDC,0.0,2026-05-26
okx,LSKUSDC,0.0,2026-05-26
okx,IOSTEUR,0.0,2026-05-26
okx,MASKEUR,0.0,2026-05-26
okx,POREUR,0.0,2026-05-26
okx,VELOUSD,0.0,2026-05-26
okx,LQTYUSDC,0.0,2026-05-26
okx,VELOUSDC,0.0,2026-05-26
okx,VELODROMEEUR,0.0,2026-05-26
okx,MENGOEUR,0.0,2026-05-26
okx,CSPRUSDC,0.0,2026-05-26
okx,CSPREUR,0.0,2026-05-26
okx,TOSHIEUR,0.0,2026-05-26
okx,CROUSDC,0.0,2026-05-26
okx,DUCKUSD,0.0,2026-05-26
okx,YFIUSDC,0.0,2026-05-26
okx,ETCUSD,0.0,2026-05-26
okx,DEGENUSDC,0.0,2026-05-26
okx,SWFTCUSDC,0.0,2026-05-26
okx,DGBUSD,0.0,2026-05-26
okx,SCREUR,0.0,2026-05-26
okx,DOODUSD,0.0,2026-05-26
okx,JOEEUR,0.0,2026-05-26
okx,TNSRUSDC,0.0,2026-05-26
okx,AEVOEUR,0.0,2026-05-26
okx,ALLOEUR,0.0,2026-05-26
okx,MEUSD,0.0,2026-05-26
okx,ZKUSD,0.0,2026-05-26
okx,AERGOEUR,0.0,2026-05-26
okx,BIGTIMEUSDC,0.0,2026-05-26
okx,BANANAEUR,0.0,2026-05-26
okx,LUNAUSD,0.0,2026-05-26
okx,YGGUSDC,0.0,2026-05-26
okx,ANIMEUSDC,0.0,2026-05-26
okx,MINAUSDC,0.0,2026-05-26
okx,NMRUSD,0.0,2026-05-26
okx,WOOUSDC,0.0,2026-05-26
okx,SONICEUR,0.0,2026-05-26
okx,ZBCNEUR,0.0,2026-05-26
okx,SATSEUR,0.0,2026-05-26
okx,ILVUSDC,0.0,2026-05-26
okx,ETHFIUSDC,0.0,2026-05-26
okx,TRAEUR,0.0,2026-05-26
okx,OMIEUR,0.0,2026-05-26
okx,SEUR,0.0,2026-05-26
okx,ONEEUR,0.0,2026-05-26
okx,IDEUR,0.0,2026-05-26
okx,SUSHIUSD,0.0,2026-05-26
okx,SANDTRY,0.0,2026-05-26
okx,MOVEEUR,0.0,2026-05-26
okx,MAGICUSD,0.0,2026-05-26
okx,SUSHIUSDC,0.0,2026-05-26
okx,GALAEUR,0.0,2026-05-26
okx,AUCTIONEUR,0.0,2026-05-26
okx,XTZUSDC,0.0,2026-05-26
okx,AVNTUSD,0.0,2026-05-26
okx,ACEUSDC,0.0,2026-05-26
okx,TURBOUSD,0.0,2026-05-26
okx,CVXUSD,0.0,2026-05-26
okx,METISEUR,0.0,2026-05-26
okx,DEGENEUR,0.0,2026-05-26
okx,CVCEUR,0.0,2026-05-26
okx,DGBUSDC,0.0,2026-05-26
okx,ZORAUSDC,0.0,2026-05-26
okx,MENGOUSDC,0.0,2026-05-26
okx,ASTRUSD,0.0,2026-05-26
okx,BNTUSD,0.0,2026-05-26
okx,PROMPTUSDC,0.0,2026-05-26
okx,BERAEUR,0.0,2026-05-26
okx,BARDEUR,0.0,2026-05-26
okx,UMAUSDC,0.0,2026-05-26
okx,SPURSUSD,0.0,2026-05-26
okx,CTCUSDC,0.0,2026-05-26
okx,TRBEUR,0.0,2026-05-26
okx,IPEUR,0.0,2026-05-26
okx,BIGTIMEUSD,0.0,2026-05-26
okx,WAXPUSD,0.0,2026-05-26
okx,KMNOUSD,0.0,2026-05-26
okx,BARDUSDC,0.0,2026-05-26
okx,ZILTRY,0.0,2026-05-26
okx,ZILEUR,0.0,2026-05-26
okx,ZETAEUR,0.0,2026-05-26
okx,SSVUSDC,0.0,2026-05-26
okx,WINEUR,0.0,2026-05-26
okx,CVCUSDC,0.0,2026-05-26
okx,LPTUSDC,0.0,2026-05-26
okx,MEWEUR,0.0,2026-05-26
okx,ZILUSDC,0.0,2026-05-26
okx,TRUMPAUD,0.0,2026-05-26
okx,SNTEUR,0.0,2026-05-26
okx,LRCEUR,0.0,2026-05-26
okx,SLPUSD,0.0,2026-05-26
okx,KAITOEUR,0.0,2026-05-26
okx,BABYDOGEUSDC,0.0,2026-05-26
okx,ACHEUR,0.0,2026-05-26
okx,LEOUSD,0.0,2026-05-26
okx,MEMEEUR,0.0,2026-05-26
okx,COREUSDC,0.0,2026-05-26
okx,GLMUSDC,0.0,2026-05-26
okx,RPLEUR,0.0,2026-05-26
okx,CITYEUR,0.0,2026-05-26
okx,QTUMUSD,0.0,2026-05-26
okx,BICOEUR,0.0,2026-05-26
okx,NEOUSD,0.0,2026-05-26
okx,DOODUSDC,0.0,2026-05-26
okx,FLOKIUSDC,0.0,2026-05-26
okx,PYTHEUR,0.0,2026-05-26
okx,SWFTCEUR,0.0,2026-05-26
okx,LQTYUSD,0.0,2026-05-26
okx,SPURSUSDC,0.0,2026-05-26
okx,ZORAUSD,0.0,2026-05-26
okx,CELREUR,0.0,2026-05-26
okx,MEMEUSDC,0.0,2026-05-26
